solid king
facet normal -0.98769 0.00000 -0.15643
outer loop
vertex 0.31000 0.00000 0.00000
vertex 0.29483 0.00000 0.09580
vertex 0.29483 0.10000 0.09580
endloop
endfacet
facet normal -0.98769 0.00000 -0.15643
outer loop
vertex 0.31000 0.00000 0.00000
vertex 0.29483 0.10000 0.09580
vertex 0.31000 0.10000 0.00000
endloop
endfacet
facet normal 0.00000 1.00000 0.00000
outer loop
vertex 0.00000 0.00000 0.00000
vertex 0.29483 0.00000 0.09580
vertex 0.31000 0.00000 0.00000
endloop
endfacet
facet normal 0.00000 -1.00000 0.00000
outer loop
vertex 0.00000 0.10000 0.00000
vertex 0.31000 0.10000 0.00000
vertex 0.29483 0.10000 0.09580
endloop
endfacet
facet normal -0.89101 0.00000 -0.45399
outer loop
vertex 0.29483 0.00000 0.09580
vertex 0.25080 0.00000 0.18221
vertex 0.25080 0.10000 0.18221
endloop
endfacet
facet normal -0.89101 0.00000 -0.45399
outer loop
vertex 0.29483 0.00000 0.09580
vertex 0.25080 0.10000 0.18221
vertex 0.29483 0.10000 0.09580
endloop
endfacet
facet normal 0.00000 1.00000 0.00000
outer loop
vertex 0.00000 0.00000 0.00000
vertex 0.25080 0.00000 0.18221
vertex 0.29483 0.00000 0.09580
endloop
endfacet
facet normal 0.00000 -1.00000 0.00000
outer loop
vertex 0.00000 0.10000 0.00000
vertex 0.29483 0.10000 0.09580
vertex 0.25080 0.10000 0.18221
endloop
endfacet
facet normal -0.70711 0.00000 -0.70711
outer loop
vertex 0.25080 0.00000 0.18221
vertex 0.18221 0.00000 0.25080
vertex 0.18221 0.10000 0.25080
endloop
endfacet
facet normal -0.70711 0.00000 -0.70711
outer loop
vertex 0.25080 0.00000 0.18221
vertex 0.18221 0.10000 0.25080
vertex 0.25080 0.10000 0.18221
endloop
endfacet
facet normal 0.00000 1.00000 0.00000
outer loop
vertex 0.00000 0.00000 0.00000
vertex 0.18221 0.00000 0.25080
vertex 0.25080 0.00000 0.18221
endloop
endfacet
facet normal 0.00000 -1.00000 0.00000
outer loop
vertex 0.00000 0.10000 0.00000
vertex 0.25080 0.10000 0.18221
vertex 0.18221 0.10000 0.25080
endloop
endfacet
facet normal -0.45399 0.00000 -0.89101
outer loop
vertex 0.18221 0.00000 0.25080
vertex 0.09580 0.00000 0.29483
vertex 0.09580 0.10000 0.29483
endloop
endfacet
facet normal -0.45399 0.00000 -0.89101
outer loop
vertex 0.18221 0.00000 0.25080
vertex 0.09580 0.10000 0.29483
vertex 0.18221 0.10000 0.25080
endloop
endfacet
facet normal 0.00000 1.00000 0.00000
outer loop
vertex 0.00000 0.00000 0.00000
vertex 0.09580 0.00000 0.29483
vertex 0.18221 0.00000 0.25080
endloop
endfacet
facet normal 0.00000 -1.00000 0.00000
outer loop
vertex 0.00000 0.10000 0.00000
vertex 0.18221 0.10000 0.25080
vertex 0.09580 0.10000 0.29483
endloop
endfacet
facet normal -0.15643 0.00000 -0.98769
outer loop
vertex 0.09580 0.00000 0.29483
vertex 0.00000 0.00000 0.31000
vertex 0.00000 0.10000 0.31000
endloop
endfacet
facet normal -0.15643 0.00000 -0.98769
outer loop
vertex 0.09580 0.00000 0.29483
vertex 0.00000 0.10000 0.31000
vertex 0.09580 0.10000 0.29483
endloop
endfacet
facet normal 0.00000 1.00000 0.00000
outer loop
vertex 0.00000 0.00000 0.00000
vertex 0.00000 0.00000 0.31000
vertex 0.09580 0.00000 0.29483
endloop
endfacet
facet normal 0.00000 -1.00000 0.00000
outer loop
vertex 0.00000 0.10000 0.00000
vertex 0.09580 0.10000 0.29483
vertex 0.00000 0.10000 0.31000
endloop
endfacet
facet normal 0.15643 0.00000 -0.98769
outer loop
vertex 0.00000 0.00000 0.31000
vertex -0.09580 0.00000 0.29483
vertex -0.09580 0.10000 0.29483
endloop
endfacet
facet normal 0.15643 0.00000 -0.98769
outer loop
vertex 0.00000 0.00000 0.31000
vertex -0.09580 0.10000 0.29483
vertex 0.00000 0.10000 0.31000
endloop
endfacet
facet normal 0.00000 1.00000 0.00000
outer loop
vertex 0.00000 0.00000 0.00000
vertex -0.09580 0.00000 0.29483
vertex 0.00000 0.00000 0.31000
endloop
endfacet
facet normal 0.00000 -1.00000 0.00000
outer loop
vertex 0.00000 0.10000 0.00000
vertex 0.00000 0.10000 0.31000
vertex -0.09580 0.10000 0.29483
endloop
endfacet
facet normal 0.45399 0.00000 -0.89101
outer loop
vertex -0.09580 0.00000 0.29483
vertex -0.18221 0.00000 0.25080
vertex -0.18221 0.10000 0.25080
endloop
endfacet
facet normal 0.45399 0.00000 -0.89101
outer loop
vertex -0.09580 0.00000 0.29483
vertex -0.18221 0.10000 0.25080
vertex -0.09580 0.10000 0.29483
endloop
endfacet
facet normal 0.00000 1.00000 0.00000
outer loop
vertex 0.00000 0.00000 0.00000
vertex -0.18221 0.00000 0.25080
vertex -0.09580 0.00000 0.29483
endloop
endfacet
facet normal 0.00000 -1.00000 0.00000
outer loop
vertex 0.00000 0.10000 0.00000
vertex -0.09580 0.10000 0.29483
vertex -0.18221 0.10000 0.25080
endloop
endfacet
facet normal 0.70711 0.00000 -0.70711
outer loop
vertex -0.18221 0.00000 0.25080
vertex -0.25080 0.00000 0.18221
vertex -0.25080 0.10000 0.18221
endloop
endfacet
facet normal 0.70711 0.00000 -0.70711
outer loop
vertex -0.18221 0.00000 0.25080
vertex -0.25080 0.10000 0.18221
vertex -0.18221 0.10000 0.25080
endloop
endfacet
facet normal 0.00000 1.00000 0.00000
outer loop
vertex 0.00000 0.00000 0.00000
vertex -0.25080 0.00000 0.18221
vertex -0.18221 0.00000 0.25080
endloop
endfacet
facet normal 0.00000 -1.00000 0.00000
outer loop
vertex 0.00000 0.10000 0.00000
vertex -0.18221 0.10000 0.25080
vertex -0.25080 0.10000 0.18221
endloop
endfacet
facet normal 0.89101 0.00000 -0.45399
outer loop
vertex -0.25080 0.00000 0.18221
vertex -0.29483 0.00000 0.09580
vertex -0.29483 0.10000 0.09580
endloop
endfacet
facet normal 0.89101 0.00000 -0.45399
outer loop
vertex -0.25080 0.00000 0.18221
vertex -0.29483 0.10000 0.09580
vertex -0.25080 0.10000 0.18221
endloop
endfacet
facet normal 0.00000 1.00000 0.00000
outer loop
vertex 0.00000 0.00000 0.00000
vertex -0.29483 0.00000 0.09580
vertex -0.25080 0.00000 0.18221
endloop
endfacet
facet normal 0.00000 -1.00000 0.00000
outer loop
vertex 0.00000 0.10000 0.00000
vertex -0.25080 0.10000 0.18221
vertex -0.29483 0.10000 0.09580
endloop
endfacet
facet normal 0.98769 0.00000 -0.15643
outer loop
vertex -0.29483 0.00000 0.09580
vertex -0.31000 0.00000 0.00000
vertex -0.31000 0.10000 0.00000
endloop
endfacet
facet normal 0.98769 0.00000 -0.15643
outer loop
vertex -0.29483 0.00000 0.09580
vertex -0.31000 0.10000 0.00000
vertex -0.29483 0.10000 0.09580
endloop
endfacet
facet normal 0.00000 1.00000 0.00000
outer loop
vertex 0.00000 0.00000 0.00000
vertex -0.31000 0.00000 0.00000
vertex -0.29483 0.00000 0.09580
endloop
endfacet
facet normal 0.00000 -1.00000 0.00000
outer loop
vertex 0.00000 0.10000 0.00000
vertex -0.29483 0.10000 0.09580
vertex -0.31000 0.10000 0.00000
endloop
endfacet
facet normal 0.98769 0.00000 0.15643
outer loop
vertex -0.31000 0.00000 0.00000
vertex -0.29483 0.00000 -0.09580
vertex -0.29483 0.10000 -0.09580
endloop
endfacet
facet normal 0.98769 0.00000 0.15643
outer loop
vertex -0.31000 0.00000 0.00000
vertex -0.29483 0.10000 -0.09580
vertex -0.31000 0.10000 0.00000
endloop
endfacet
facet normal 0.00000 1.00000 0.00000
outer loop
vertex 0.00000 0.00000 0.00000
vertex -0.29483 0.00000 -0.09580
vertex -0.31000 0.00000 0.00000
endloop
endfacet
facet normal 0.00000 -1.00000 0.00000
outer loop
vertex 0.00000 0.10000 0.00000
vertex -0.31000 0.10000 0.00000
vertex -0.29483 0.10000 -0.09580
endloop
endfacet
facet normal 0.89101 0.00000 0.45399
outer loop
vertex -0.29483 0.00000 -0.09580
vertex -0.25080 0.00000 -0.18221
vertex -0.25080 0.10000 -0.18221
endloop
endfacet
facet normal 0.89101 0.00000 0.45399
outer loop
vertex -0.29483 0.00000 -0.09580
vertex -0.25080 0.10000 -0.18221
vertex -0.29483 0.10000 -0.09580
endloop
endfacet
facet normal 0.00000 1.00000 0.00000
outer loop
vertex 0.00000 0.00000 0.00000
vertex -0.25080 0.00000 -0.18221
vertex -0.29483 0.00000 -0.09580
endloop
endfacet
facet normal 0.00000 -1.00000 0.00000
outer loop
vertex 0.00000 0.10000 0.00000
vertex -0.29483 0.10000 -0.09580
vertex -0.25080 0.10000 -0.18221
endloop
endfacet
facet normal 0.70711 0.00000 0.70711
outer loop
vertex -0.25080 0.00000 -0.18221
vertex -0.18221 0.00000 -0.25080
vertex -0.18221 0.10000 -0.25080
endloop
endfacet
facet normal 0.70711 0.00000 0.70711
outer loop
vertex -0.25080 0.00000 -0.18221
vertex -0.18221 0.10000 -0.25080
vertex -0.25080 0.10000 -0.18221
endloop
endfacet
facet normal 0.00000 1.00000 0.00000
outer loop
vertex 0.00000 0.00000 0.00000
vertex -0.18221 0.00000 -0.25080
vertex -0.25080 0.00000 -0.18221
endloop
endfacet
facet normal 0.00000 -1.00000 0.00000
outer loop
vertex 0.00000 0.10000 0.00000
vertex -0.25080 0.10000 -0.18221
vertex -0.18221 0.10000 -0.25080
endloop
endfacet
facet normal 0.45399 0.00000 0.89101
outer loop
vertex -0.18221 0.00000 -0.25080
vertex -0.09580 0.00000 -0.29483
vertex -0.09580 0.10000 -0.29483
endloop
endfacet
facet normal 0.45399 0.00000 0.89101
outer loop
vertex -0.18221 0.00000 -0.25080
vertex -0.09580 0.10000 -0.29483
vertex -0.18221 0.10000 -0.25080
endloop
endfacet
facet normal 0.00000 1.00000 0.00000
outer loop
vertex 0.00000 0.00000 0.00000
vertex -0.09580 0.00000 -0.29483
vertex -0.18221 0.00000 -0.25080
endloop
endfacet
facet normal 0.00000 -1.00000 0.00000
outer loop
vertex 0.00000 0.10000 0.00000
vertex -0.18221 0.10000 -0.25080
vertex -0.09580 0.10000 -0.29483
endloop
endfacet
facet normal 0.15643 0.00000 0.98769
outer loop
vertex -0.09580 0.00000 -0.29483
vertex -0.00000 0.00000 -0.31000
vertex -0.00000 0.10000 -0.31000
endloop
endfacet
facet normal 0.15643 0.00000 0.98769
outer loop
vertex -0.09580 0.00000 -0.29483
vertex -0.00000 0.10000 -0.31000
vertex -0.09580 0.10000 -0.29483
endloop
endfacet
facet normal 0.00000 1.00000 0.00000
outer loop
vertex 0.00000 0.00000 0.00000
vertex -0.00000 0.00000 -0.31000
vertex -0.09580 0.00000 -0.29483
endloop
endfacet
facet normal 0.00000 -1.00000 0.00000
outer loop
vertex 0.00000 0.10000 0.00000
vertex -0.09580 0.10000 -0.29483
vertex -0.00000 0.10000 -0.31000
endloop
endfacet
facet normal -0.15643 0.00000 0.98769
outer loop
vertex -0.00000 0.00000 -0.31000
vertex 0.09580 0.00000 -0.29483
vertex 0.09580 0.10000 -0.29483
endloop
endfacet
facet normal -0.15643 0.00000 0.98769
outer loop
vertex -0.00000 0.00000 -0.31000
vertex 0.09580 0.10000 -0.29483
vertex -0.00000 0.10000 -0.31000
endloop
endfacet
facet normal 0.00000 1.00000 0.00000
outer loop
vertex 0.00000 0.00000 0.00000
vertex 0.09580 0.00000 -0.29483
vertex -0.00000 0.00000 -0.31000
endloop
endfacet
facet normal 0.00000 -1.00000 0.00000
outer loop
vertex 0.00000 0.10000 0.00000
vertex -0.00000 0.10000 -0.31000
vertex 0.09580 0.10000 -0.29483
endloop
endfacet
facet normal -0.45399 0.00000 0.89101
outer loop
vertex 0.09580 0.00000 -0.29483
vertex 0.18221 0.00000 -0.25080
vertex 0.18221 0.10000 -0.25080
endloop
endfacet
facet normal -0.45399 0.00000 0.89101
outer loop
vertex 0.09580 0.00000 -0.29483
vertex 0.18221 0.10000 -0.25080
vertex 0.09580 0.10000 -0.29483
endloop
endfacet
facet normal 0.00000 1.00000 0.00000
outer loop
vertex 0.00000 0.00000 0.00000
vertex 0.18221 0.00000 -0.25080
vertex 0.09580 0.00000 -0.29483
endloop
endfacet
facet normal 0.00000 -1.00000 0.00000
outer loop
vertex 0.00000 0.10000 0.00000
vertex 0.09580 0.10000 -0.29483
vertex 0.18221 0.10000 -0.25080
endloop
endfacet
facet normal -0.70711 0.00000 0.70711
outer loop
vertex 0.18221 0.00000 -0.25080
vertex 0.25080 0.00000 -0.18221
vertex 0.25080 0.10000 -0.18221
endloop
endfacet
facet normal -0.70711 0.00000 0.70711
outer loop
vertex 0.18221 0.00000 -0.25080
vertex 0.25080 0.10000 -0.18221
vertex 0.18221 0.10000 -0.25080
endloop
endfacet
facet normal 0.00000 1.00000 0.00000
outer loop
vertex 0.00000 0.00000 0.00000
vertex 0.25080 0.00000 -0.18221
vertex 0.18221 0.00000 -0.25080
endloop
endfacet
facet normal 0.00000 -1.00000 0.00000
outer loop
vertex 0.00000 0.10000 0.00000
vertex 0.18221 0.10000 -0.25080
vertex 0.25080 0.10000 -0.18221
endloop
endfacet
facet normal -0.89101 0.00000 0.45399
outer loop
vertex 0.25080 0.00000 -0.18221
vertex 0.29483 0.00000 -0.09580
vertex 0.29483 0.10000 -0.09580
endloop
endfacet
facet normal -0.89101 0.00000 0.45399
outer loop
vertex 0.25080 0.00000 -0.18221
vertex 0.29483 0.10000 -0.09580
vertex 0.25080 0.10000 -0.18221
endloop
endfacet
facet normal 0.00000 1.00000 0.00000
outer loop
vertex 0.00000 0.00000 0.00000
vertex 0.29483 0.00000 -0.09580
vertex 0.25080 0.00000 -0.18221
endloop
endfacet
facet normal 0.00000 -1.00000 0.00000
outer loop
vertex 0.00000 0.10000 0.00000
vertex 0.25080 0.10000 -0.18221
vertex 0.29483 0.10000 -0.09580
endloop
endfacet
facet normal -0.98769 0.00000 0.15643
outer loop
vertex 0.29483 0.00000 -0.09580
vertex 0.31000 0.00000 -0.00000
vertex 0.31000 0.10000 -0.00000
endloop
endfacet
facet normal -0.98769 0.00000 0.15643
outer loop
vertex 0.29483 0.00000 -0.09580
vertex 0.31000 0.10000 -0.00000
vertex 0.29483 0.10000 -0.09580
endloop
endfacet
facet normal 0.00000 1.00000 0.00000
outer loop
vertex 0.00000 0.00000 0.00000
vertex 0.31000 0.00000 -0.00000
vertex 0.29483 0.00000 -0.09580
endloop
endfacet
facet normal 0.00000 -1.00000 0.00000
outer loop
vertex 0.00000 0.10000 0.00000
vertex 0.29483 0.10000 -0.09580
vertex 0.31000 0.10000 -0.00000
endloop
endfacet
facet normal -0.97960 0.04844 -0.19501
outer loop
vertex -0.03641 0.14859 0.00000
vertex -0.04189 0.14870 0.02755
vertex -0.02586 0.48845 0.03138
endloop
endfacet
facet normal -0.97960 0.04844 -0.19501
outer loop
vertex -0.03641 0.14859 0.00000
vertex -0.02586 0.48845 0.03138
vertex -0.01962 0.48833 0.00000
endloop
endfacet
facet normal 0.02000 0.99980 -0.00000
outer loop
vertex -0.10840 0.15003 0.00000
vertex -0.04189 0.14870 0.02755
vertex -0.03641 0.14859 0.00000
endloop
endfacet
facet normal -0.02000 -0.99980 -0.00000
outer loop
vertex -0.10160 0.48997 0.00000
vertex -0.01962 0.48833 0.00000
vertex -0.02586 0.48845 0.03138
endloop
endfacet
facet normal -0.83038 0.04545 -0.55534
outer loop
vertex -0.04189 0.14870 0.02755
vertex -0.05750 0.14902 0.05091
vertex -0.04363 0.48881 0.05798
endloop
endfacet
facet normal -0.83038 0.04545 -0.55534
outer loop
vertex -0.04189 0.14870 0.02755
vertex -0.04363 0.48881 0.05798
vertex -0.02586 0.48845 0.03138
endloop
endfacet
facet normal 0.02000 0.99980 0.00000
outer loop
vertex -0.10840 0.15003 0.00000
vertex -0.05750 0.14902 0.05091
vertex -0.04189 0.14870 0.02755
endloop
endfacet
facet normal -0.02000 -0.99980 0.00000
outer loop
vertex -0.10160 0.48997 0.00000
vertex -0.02586 0.48845 0.03138
vertex -0.04363 0.48881 0.05798
endloop
endfacet
facet normal -0.55465 0.03993 -0.83112
outer loop
vertex -0.05750 0.14902 0.05091
vertex -0.08085 0.14948 0.06652
vertex -0.07023 0.48934 0.07576
endloop
endfacet
facet normal -0.55465 0.03993 -0.83112
outer loop
vertex -0.05750 0.14902 0.05091
vertex -0.07023 0.48934 0.07576
vertex -0.04363 0.48881 0.05798
endloop
endfacet
facet normal 0.02000 0.99980 -0.00000
outer loop
vertex -0.10840 0.15003 0.00000
vertex -0.08085 0.14948 0.06652
vertex -0.05750 0.14902 0.05091
endloop
endfacet
facet normal -0.02000 -0.99980 -0.00000
outer loop
vertex -0.10160 0.48997 0.00000
vertex -0.04363 0.48881 0.05798
vertex -0.07023 0.48934 0.07576
endloop
endfacet
facet normal -0.19439 0.03273 -0.98038
outer loop
vertex -0.08085 0.14948 0.06652
vertex -0.10840 0.15003 0.07200
vertex -0.10160 0.48997 0.08200
endloop
endfacet
facet normal -0.19439 0.03273 -0.98038
outer loop
vertex -0.08085 0.14948 0.06652
vertex -0.10160 0.48997 0.08200
vertex -0.07023 0.48934 0.07576
endloop
endfacet
facet normal 0.02000 0.99980 0.00000
outer loop
vertex -0.10840 0.15003 0.00000
vertex -0.10840 0.15003 0.07200
vertex -0.08085 0.14948 0.06652
endloop
endfacet
facet normal -0.02000 -0.99980 0.00000
outer loop
vertex -0.10160 0.48997 0.00000
vertex -0.07023 0.48934 0.07576
vertex -0.10160 0.48997 0.08200
endloop
endfacet
facet normal 0.19555 0.02493 -0.98038
outer loop
vertex -0.10840 0.15003 0.07200
vertex -0.13595 0.15059 0.06652
vertex -0.13297 0.49059 0.07576
endloop
endfacet
facet normal 0.19555 0.02493 -0.98038
outer loop
vertex -0.10840 0.15003 0.07200
vertex -0.13297 0.49059 0.07576
vertex -0.10160 0.48997 0.08200
endloop
endfacet
facet normal 0.02000 0.99980 0.00000
outer loop
vertex -0.10840 0.15003 0.00000
vertex -0.13595 0.15059 0.06652
vertex -0.10840 0.15003 0.07200
endloop
endfacet
facet normal -0.02000 -0.99980 0.00000
outer loop
vertex -0.10160 0.48997 0.00000
vertex -0.10160 0.48997 0.08200
vertex -0.13297 0.49059 0.07576
endloop
endfacet
facet normal 0.55580 0.01772 -0.83112
outer loop
vertex -0.13595 0.15059 0.06652
vertex -0.15930 0.15105 0.05091
vertex -0.15957 0.49113 0.05798
endloop
endfacet
facet normal 0.55580 0.01772 -0.83112
outer loop
vertex -0.13595 0.15059 0.06652
vertex -0.15957 0.49113 0.05798
vertex -0.13297 0.49059 0.07576
endloop
endfacet
facet normal 0.02000 0.99980 0.00000
outer loop
vertex -0.10840 0.15003 0.00000
vertex -0.15930 0.15105 0.05091
vertex -0.13595 0.15059 0.06652
endloop
endfacet
facet normal -0.02000 -0.99980 0.00000
outer loop
vertex -0.10160 0.48997 0.00000
vertex -0.13297 0.49059 0.07576
vertex -0.15957 0.49113 0.05798
endloop
endfacet
facet normal 0.83153 0.01221 -0.55534
outer loop
vertex -0.15930 0.15105 0.05091
vertex -0.17491 0.15136 0.02755
vertex -0.17734 0.49148 0.03138
endloop
endfacet
facet normal 0.83153 0.01221 -0.55534
outer loop
vertex -0.15930 0.15105 0.05091
vertex -0.17734 0.49148 0.03138
vertex -0.15957 0.49113 0.05798
endloop
endfacet
facet normal 0.02000 0.99980 -0.00000
outer loop
vertex -0.10840 0.15003 0.00000
vertex -0.17491 0.15136 0.02755
vertex -0.15930 0.15105 0.05091
endloop
endfacet
facet normal -0.02000 -0.99980 -0.00000
outer loop
vertex -0.10160 0.48997 0.00000
vertex -0.15957 0.49113 0.05798
vertex -0.17734 0.49148 0.03138
endloop
endfacet
facet normal 0.98076 0.00922 -0.19501
outer loop
vertex -0.17491 0.15136 0.02755
vertex -0.18039 0.15147 0.00000
vertex -0.18358 0.49161 0.00000
endloop
endfacet
facet normal 0.98076 0.00922 -0.19501
outer loop
vertex -0.17491 0.15136 0.02755
vertex -0.18358 0.49161 0.00000
vertex -0.17734 0.49148 0.03138
endloop
endfacet
facet normal 0.02000 0.99980 0.00000
outer loop
vertex -0.10840 0.15003 0.00000
vertex -0.18039 0.15147 0.00000
vertex -0.17491 0.15136 0.02755
endloop
endfacet
facet normal -0.02000 -0.99980 0.00000
outer loop
vertex -0.10160 0.48997 0.00000
vertex -0.17734 0.49148 0.03138
vertex -0.18358 0.49161 0.00000
endloop
endfacet
facet normal 0.98076 0.00922 0.19501
outer loop
vertex -0.18039 0.15147 0.00000
vertex -0.17491 0.15136 -0.02755
vertex -0.17734 0.49148 -0.03138
endloop
endfacet
facet normal 0.98076 0.00922 0.19501
outer loop
vertex -0.18039 0.15147 0.00000
vertex -0.17734 0.49148 -0.03138
vertex -0.18358 0.49161 0.00000
endloop
endfacet
facet normal 0.02000 0.99980 -0.00000
outer loop
vertex -0.10840 0.15003 0.00000
vertex -0.17491 0.15136 -0.02755
vertex -0.18039 0.15147 0.00000
endloop
endfacet
facet normal -0.02000 -0.99980 -0.00000
outer loop
vertex -0.10160 0.48997 0.00000
vertex -0.18358 0.49161 0.00000
vertex -0.17734 0.49148 -0.03138
endloop
endfacet
facet normal 0.83153 0.01221 0.55534
outer loop
vertex -0.17491 0.15136 -0.02755
vertex -0.15930 0.15105 -0.05091
vertex -0.15957 0.49113 -0.05798
endloop
endfacet
facet normal 0.83153 0.01221 0.55534
outer loop
vertex -0.17491 0.15136 -0.02755
vertex -0.15957 0.49113 -0.05798
vertex -0.17734 0.49148 -0.03138
endloop
endfacet
facet normal 0.02000 0.99980 0.00000
outer loop
vertex -0.10840 0.15003 0.00000
vertex -0.15930 0.15105 -0.05091
vertex -0.17491 0.15136 -0.02755
endloop
endfacet
facet normal -0.02000 -0.99980 0.00000
outer loop
vertex -0.10160 0.48997 0.00000
vertex -0.17734 0.49148 -0.03138
vertex -0.15957 0.49113 -0.05798
endloop
endfacet
facet normal 0.55580 0.01772 0.83112
outer loop
vertex -0.15930 0.15105 -0.05091
vertex -0.13595 0.15059 -0.06652
vertex -0.13297 0.49059 -0.07576
endloop
endfacet
facet normal 0.55580 0.01772 0.83112
outer loop
vertex -0.15930 0.15105 -0.05091
vertex -0.13297 0.49059 -0.07576
vertex -0.15957 0.49113 -0.05798
endloop
endfacet
facet normal 0.02000 0.99980 -0.00000
outer loop
vertex -0.10840 0.15003 0.00000
vertex -0.13595 0.15059 -0.06652
vertex -0.15930 0.15105 -0.05091
endloop
endfacet
facet normal -0.02000 -0.99980 -0.00000
outer loop
vertex -0.10160 0.48997 0.00000
vertex -0.15957 0.49113 -0.05798
vertex -0.13297 0.49059 -0.07576
endloop
endfacet
facet normal 0.19555 0.02493 0.98038
outer loop
vertex -0.13595 0.15059 -0.06652
vertex -0.10840 0.15003 -0.07200
vertex -0.10160 0.48997 -0.08200
endloop
endfacet
facet normal 0.19555 0.02493 0.98038
outer loop
vertex -0.13595 0.15059 -0.06652
vertex -0.10160 0.48997 -0.08200
vertex -0.13297 0.49059 -0.07576
endloop
endfacet
facet normal 0.02000 0.99980 -0.00000
outer loop
vertex -0.10840 0.15003 0.00000
vertex -0.10840 0.15003 -0.07200
vertex -0.13595 0.15059 -0.06652
endloop
endfacet
facet normal -0.02000 -0.99980 0.00000
outer loop
vertex -0.10160 0.48997 0.00000
vertex -0.13297 0.49059 -0.07576
vertex -0.10160 0.48997 -0.08200
endloop
endfacet
facet normal -0.19439 0.03273 0.98038
outer loop
vertex -0.10840 0.15003 -0.07200
vertex -0.08085 0.14948 -0.06652
vertex -0.07023 0.48934 -0.07576
endloop
endfacet
facet normal -0.19439 0.03273 0.98038
outer loop
vertex -0.10840 0.15003 -0.07200
vertex -0.07023 0.48934 -0.07576
vertex -0.10160 0.48997 -0.08200
endloop
endfacet
facet normal 0.02000 0.99980 -0.00000
outer loop
vertex -0.10840 0.15003 0.00000
vertex -0.08085 0.14948 -0.06652
vertex -0.10840 0.15003 -0.07200
endloop
endfacet
facet normal -0.02000 -0.99980 0.00000
outer loop
vertex -0.10160 0.48997 0.00000
vertex -0.10160 0.48997 -0.08200
vertex -0.07023 0.48934 -0.07576
endloop
endfacet
facet normal -0.55465 0.03993 0.83112
outer loop
vertex -0.08085 0.14948 -0.06652
vertex -0.05750 0.14902 -0.05091
vertex -0.04363 0.48881 -0.05798
endloop
endfacet
facet normal -0.55465 0.03993 0.83112
outer loop
vertex -0.08085 0.14948 -0.06652
vertex -0.04363 0.48881 -0.05798
vertex -0.07023 0.48934 -0.07576
endloop
endfacet
facet normal 0.02000 0.99980 0.00000
outer loop
vertex -0.10840 0.15003 0.00000
vertex -0.05750 0.14902 -0.05091
vertex -0.08085 0.14948 -0.06652
endloop
endfacet
facet normal -0.02000 -0.99980 0.00000
outer loop
vertex -0.10160 0.48997 0.00000
vertex -0.07023 0.48934 -0.07576
vertex -0.04363 0.48881 -0.05798
endloop
endfacet
facet normal -0.83038 0.04545 0.55534
outer loop
vertex -0.05750 0.14902 -0.05091
vertex -0.04189 0.14870 -0.02755
vertex -0.02586 0.48845 -0.03138
endloop
endfacet
facet normal -0.83038 0.04545 0.55534
outer loop
vertex -0.05750 0.14902 -0.05091
vertex -0.02586 0.48845 -0.03138
vertex -0.04363 0.48881 -0.05798
endloop
endfacet
facet normal 0.02000 0.99980 -0.00000
outer loop
vertex -0.10840 0.15003 0.00000
vertex -0.04189 0.14870 -0.02755
vertex -0.05750 0.14902 -0.05091
endloop
endfacet
facet normal -0.02000 -0.99980 -0.00000
outer loop
vertex -0.10160 0.48997 0.00000
vertex -0.04363 0.48881 -0.05798
vertex -0.02586 0.48845 -0.03138
endloop
endfacet
facet normal -0.97960 0.04844 0.19501
outer loop
vertex -0.04189 0.14870 -0.02755
vertex -0.03641 0.14859 -0.00000
vertex -0.01962 0.48833 -0.00000
endloop
endfacet
facet normal -0.97960 0.04844 0.19501
outer loop
vertex -0.04189 0.14870 -0.02755
vertex -0.01962 0.48833 -0.00000
vertex -0.02586 0.48845 -0.03138
endloop
endfacet
facet normal 0.02000 0.99980 0.00000
outer loop
vertex -0.10840 0.15003 0.00000
vertex -0.03641 0.14859 -0.00000
vertex -0.04189 0.14870 -0.02755
endloop
endfacet
facet normal -0.02000 -0.99980 0.00000
outer loop
vertex -0.10160 0.48997 0.00000
vertex -0.02586 0.48845 -0.03138
vertex -0.01962 0.48833 -0.00000
endloop
endfacet
facet normal -0.98076 0.00922 -0.19501
outer loop
vertex 0.18039 0.15147 0.00000
vertex 0.17491 0.15136 0.02755
vertex 0.17734 0.49148 0.03138
endloop
endfacet
facet normal -0.98076 0.00922 -0.19501
outer loop
vertex 0.18039 0.15147 0.00000
vertex 0.17734 0.49148 0.03138
vertex 0.18358 0.49161 0.00000
endloop
endfacet
facet normal -0.02000 0.99980 0.00000
outer loop
vertex 0.10840 0.15003 0.00000
vertex 0.17491 0.15136 0.02755
vertex 0.18039 0.15147 0.00000
endloop
endfacet
facet normal 0.02000 -0.99980 0.00000
outer loop
vertex 0.10160 0.48997 0.00000
vertex 0.18358 0.49161 0.00000
vertex 0.17734 0.49148 0.03138
endloop
endfacet
facet normal -0.83153 0.01221 -0.55534
outer loop
vertex 0.17491 0.15136 0.02755
vertex 0.15930 0.15105 0.05091
vertex 0.15957 0.49113 0.05798
endloop
endfacet
facet normal -0.83153 0.01221 -0.55534
outer loop
vertex 0.17491 0.15136 0.02755
vertex 0.15957 0.49113 0.05798
vertex 0.17734 0.49148 0.03138
endloop
endfacet
facet normal -0.02000 0.99980 -0.00000
outer loop
vertex 0.10840 0.15003 0.00000
vertex 0.15930 0.15105 0.05091
vertex 0.17491 0.15136 0.02755
endloop
endfacet
facet normal 0.02000 -0.99980 -0.00000
outer loop
vertex 0.10160 0.48997 0.00000
vertex 0.17734 0.49148 0.03138
vertex 0.15957 0.49113 0.05798
endloop
endfacet
facet normal -0.55580 0.01772 -0.83112
outer loop
vertex 0.15930 0.15105 0.05091
vertex 0.13595 0.15059 0.06652
vertex 0.13297 0.49059 0.07576
endloop
endfacet
facet normal -0.55580 0.01772 -0.83112
outer loop
vertex 0.15930 0.15105 0.05091
vertex 0.13297 0.49059 0.07576
vertex 0.15957 0.49113 0.05798
endloop
endfacet
facet normal -0.02000 0.99980 0.00000
outer loop
vertex 0.10840 0.15003 0.00000
vertex 0.13595 0.15059 0.06652
vertex 0.15930 0.15105 0.05091
endloop
endfacet
facet normal 0.02000 -0.99980 0.00000
outer loop
vertex 0.10160 0.48997 0.00000
vertex 0.15957 0.49113 0.05798
vertex 0.13297 0.49059 0.07576
endloop
endfacet
facet normal -0.19555 0.02493 -0.98038
outer loop
vertex 0.13595 0.15059 0.06652
vertex 0.10840 0.15003 0.07200
vertex 0.10160 0.48997 0.08200
endloop
endfacet
facet normal -0.19555 0.02493 -0.98038
outer loop
vertex 0.13595 0.15059 0.06652
vertex 0.10160 0.48997 0.08200
vertex 0.13297 0.49059 0.07576
endloop
endfacet
facet normal -0.02000 0.99980 0.00000
outer loop
vertex 0.10840 0.15003 0.00000
vertex 0.10840 0.15003 0.07200
vertex 0.13595 0.15059 0.06652
endloop
endfacet
facet normal 0.02000 -0.99980 0.00000
outer loop
vertex 0.10160 0.48997 0.00000
vertex 0.13297 0.49059 0.07576
vertex 0.10160 0.48997 0.08200
endloop
endfacet
facet normal 0.19439 0.03273 -0.98038
outer loop
vertex 0.10840 0.15003 0.07200
vertex 0.08085 0.14948 0.06652
vertex 0.07023 0.48934 0.07576
endloop
endfacet
facet normal 0.19439 0.03273 -0.98038
outer loop
vertex 0.10840 0.15003 0.07200
vertex 0.07023 0.48934 0.07576
vertex 0.10160 0.48997 0.08200
endloop
endfacet
facet normal -0.02000 0.99980 0.00000
outer loop
vertex 0.10840 0.15003 0.00000
vertex 0.08085 0.14948 0.06652
vertex 0.10840 0.15003 0.07200
endloop
endfacet
facet normal 0.02000 -0.99980 0.00000
outer loop
vertex 0.10160 0.48997 0.00000
vertex 0.10160 0.48997 0.08200
vertex 0.07023 0.48934 0.07576
endloop
endfacet
facet normal 0.55465 0.03993 -0.83112
outer loop
vertex 0.08085 0.14948 0.06652
vertex 0.05750 0.14902 0.05091
vertex 0.04363 0.48881 0.05798
endloop
endfacet
facet normal 0.55465 0.03993 -0.83112
outer loop
vertex 0.08085 0.14948 0.06652
vertex 0.04363 0.48881 0.05798
vertex 0.07023 0.48934 0.07576
endloop
endfacet
facet normal -0.02000 0.99980 -0.00000
outer loop
vertex 0.10840 0.15003 0.00000
vertex 0.05750 0.14902 0.05091
vertex 0.08085 0.14948 0.06652
endloop
endfacet
facet normal 0.02000 -0.99980 -0.00000
outer loop
vertex 0.10160 0.48997 0.00000
vertex 0.07023 0.48934 0.07576
vertex 0.04363 0.48881 0.05798
endloop
endfacet
facet normal 0.83038 0.04545 -0.55534
outer loop
vertex 0.05750 0.14902 0.05091
vertex 0.04189 0.14870 0.02755
vertex 0.02586 0.48845 0.03138
endloop
endfacet
facet normal 0.83038 0.04545 -0.55534
outer loop
vertex 0.05750 0.14902 0.05091
vertex 0.02586 0.48845 0.03138
vertex 0.04363 0.48881 0.05798
endloop
endfacet
facet normal -0.02000 0.99980 0.00000
outer loop
vertex 0.10840 0.15003 0.00000
vertex 0.04189 0.14870 0.02755
vertex 0.05750 0.14902 0.05091
endloop
endfacet
facet normal 0.02000 -0.99980 0.00000
outer loop
vertex 0.10160 0.48997 0.00000
vertex 0.04363 0.48881 0.05798
vertex 0.02586 0.48845 0.03138
endloop
endfacet
facet normal 0.97960 0.04844 -0.19501
outer loop
vertex 0.04189 0.14870 0.02755
vertex 0.03641 0.14859 0.00000
vertex 0.01962 0.48833 0.00000
endloop
endfacet
facet normal 0.97960 0.04844 -0.19501
outer loop
vertex 0.04189 0.14870 0.02755
vertex 0.01962 0.48833 0.00000
vertex 0.02586 0.48845 0.03138
endloop
endfacet
facet normal -0.02000 0.99980 -0.00000
outer loop
vertex 0.10840 0.15003 0.00000
vertex 0.03641 0.14859 0.00000
vertex 0.04189 0.14870 0.02755
endloop
endfacet
facet normal 0.02000 -0.99980 -0.00000
outer loop
vertex 0.10160 0.48997 0.00000
vertex 0.02586 0.48845 0.03138
vertex 0.01962 0.48833 0.00000
endloop
endfacet
facet normal 0.97960 0.04844 0.19501
outer loop
vertex 0.03641 0.14859 0.00000
vertex 0.04189 0.14870 -0.02755
vertex 0.02586 0.48845 -0.03138
endloop
endfacet
facet normal 0.97960 0.04844 0.19501
outer loop
vertex 0.03641 0.14859 0.00000
vertex 0.02586 0.48845 -0.03138
vertex 0.01962 0.48833 0.00000
endloop
endfacet
facet normal -0.02000 0.99980 0.00000
outer loop
vertex 0.10840 0.15003 0.00000
vertex 0.04189 0.14870 -0.02755
vertex 0.03641 0.14859 0.00000
endloop
endfacet
facet normal 0.02000 -0.99980 0.00000
outer loop
vertex 0.10160 0.48997 0.00000
vertex 0.01962 0.48833 0.00000
vertex 0.02586 0.48845 -0.03138
endloop
endfacet
facet normal 0.83038 0.04545 0.55534
outer loop
vertex 0.04189 0.14870 -0.02755
vertex 0.05750 0.14902 -0.05091
vertex 0.04363 0.48881 -0.05798
endloop
endfacet
facet normal 0.83038 0.04545 0.55534
outer loop
vertex 0.04189 0.14870 -0.02755
vertex 0.04363 0.48881 -0.05798
vertex 0.02586 0.48845 -0.03138
endloop
endfacet
facet normal -0.02000 0.99980 -0.00000
outer loop
vertex 0.10840 0.15003 0.00000
vertex 0.05750 0.14902 -0.05091
vertex 0.04189 0.14870 -0.02755
endloop
endfacet
facet normal 0.02000 -0.99980 -0.00000
outer loop
vertex 0.10160 0.48997 0.00000
vertex 0.02586 0.48845 -0.03138
vertex 0.04363 0.48881 -0.05798
endloop
endfacet
facet normal 0.55465 0.03993 0.83112
outer loop
vertex 0.05750 0.14902 -0.05091
vertex 0.08085 0.14948 -0.06652
vertex 0.07023 0.48934 -0.07576
endloop
endfacet
facet normal 0.55465 0.03993 0.83112
outer loop
vertex 0.05750 0.14902 -0.05091
vertex 0.07023 0.48934 -0.07576
vertex 0.04363 0.48881 -0.05798
endloop
endfacet
facet normal -0.02000 0.99980 0.00000
outer loop
vertex 0.10840 0.15003 0.00000
vertex 0.08085 0.14948 -0.06652
vertex 0.05750 0.14902 -0.05091
endloop
endfacet
facet normal 0.02000 -0.99980 0.00000
outer loop
vertex 0.10160 0.48997 0.00000
vertex 0.04363 0.48881 -0.05798
vertex 0.07023 0.48934 -0.07576
endloop
endfacet
facet normal 0.19439 0.03273 0.98038
outer loop
vertex 0.08085 0.14948 -0.06652
vertex 0.10840 0.15003 -0.07200
vertex 0.10160 0.48997 -0.08200
endloop
endfacet
facet normal 0.19439 0.03273 0.98038
outer loop
vertex 0.08085 0.14948 -0.06652
vertex 0.10160 0.48997 -0.08200
vertex 0.07023 0.48934 -0.07576
endloop
endfacet
facet normal -0.02000 0.99980 0.00000
outer loop
vertex 0.10840 0.15003 0.00000
vertex 0.10840 0.15003 -0.07200
vertex 0.08085 0.14948 -0.06652
endloop
endfacet
facet normal 0.02000 -0.99980 -0.00000
outer loop
vertex 0.10160 0.48997 0.00000
vertex 0.07023 0.48934 -0.07576
vertex 0.10160 0.48997 -0.08200
endloop
endfacet
facet normal -0.19555 0.02493 0.98038
outer loop
vertex 0.10840 0.15003 -0.07200
vertex 0.13595 0.15059 -0.06652
vertex 0.13297 0.49059 -0.07576
endloop
endfacet
facet normal -0.19555 0.02493 0.98038
outer loop
vertex 0.10840 0.15003 -0.07200
vertex 0.13297 0.49059 -0.07576
vertex 0.10160 0.48997 -0.08200
endloop
endfacet
facet normal -0.02000 0.99980 0.00000
outer loop
vertex 0.10840 0.15003 0.00000
vertex 0.13595 0.15059 -0.06652
vertex 0.10840 0.15003 -0.07200
endloop
endfacet
facet normal 0.02000 -0.99980 -0.00000
outer loop
vertex 0.10160 0.48997 0.00000
vertex 0.10160 0.48997 -0.08200
vertex 0.13297 0.49059 -0.07576
endloop
endfacet
facet normal -0.55580 0.01772 0.83112
outer loop
vertex 0.13595 0.15059 -0.06652
vertex 0.15930 0.15105 -0.05091
vertex 0.15957 0.49113 -0.05798
endloop
endfacet
facet normal -0.55580 0.01772 0.83112
outer loop
vertex 0.13595 0.15059 -0.06652
vertex 0.15957 0.49113 -0.05798
vertex 0.13297 0.49059 -0.07576
endloop
endfacet
facet normal -0.02000 0.99980 -0.00000
outer loop
vertex 0.10840 0.15003 0.00000
vertex 0.15930 0.15105 -0.05091
vertex 0.13595 0.15059 -0.06652
endloop
endfacet
facet normal 0.02000 -0.99980 -0.00000
outer loop
vertex 0.10160 0.48997 0.00000
vertex 0.13297 0.49059 -0.07576
vertex 0.15957 0.49113 -0.05798
endloop
endfacet
facet normal -0.83153 0.01221 0.55534
outer loop
vertex 0.15930 0.15105 -0.05091
vertex 0.17491 0.15136 -0.02755
vertex 0.17734 0.49148 -0.03138
endloop
endfacet
facet normal -0.83153 0.01221 0.55534
outer loop
vertex 0.15930 0.15105 -0.05091
vertex 0.17734 0.49148 -0.03138
vertex 0.15957 0.49113 -0.05798
endloop
endfacet
facet normal -0.02000 0.99980 0.00000
outer loop
vertex 0.10840 0.15003 0.00000
vertex 0.17491 0.15136 -0.02755
vertex 0.15930 0.15105 -0.05091
endloop
endfacet
facet normal 0.02000 -0.99980 0.00000
outer loop
vertex 0.10160 0.48997 0.00000
vertex 0.15957 0.49113 -0.05798
vertex 0.17734 0.49148 -0.03138
endloop
endfacet
facet normal -0.98076 0.00922 0.19501
outer loop
vertex 0.17491 0.15136 -0.02755
vertex 0.18039 0.15147 -0.00000
vertex 0.18358 0.49161 -0.00000
endloop
endfacet
facet normal -0.98076 0.00922 0.19501
outer loop
vertex 0.17491 0.15136 -0.02755
vertex 0.18358 0.49161 -0.00000
vertex 0.17734 0.49148 -0.03138
endloop
endfacet
facet normal -0.02000 0.99980 -0.00000
outer loop
vertex 0.10840 0.15003 0.00000
vertex 0.18039 0.15147 -0.00000
vertex 0.17491 0.15136 -0.02755
endloop
endfacet
facet normal 0.02000 -0.99980 -0.00000
outer loop
vertex 0.10160 0.48997 0.00000
vertex 0.17734 0.49148 -0.03138
vertex 0.18358 0.49161 -0.00000
endloop
endfacet
facet normal -0.98038 0.03023 -0.19480
outer loop
vertex -0.01478 0.46220 0.00000
vertex -0.02132 0.46204 0.03291
vertex -0.01227 0.80237 0.04018
endloop
endfacet
facet normal -0.98038 0.03023 -0.19480
outer loop
vertex -0.01478 0.46220 0.00000
vertex -0.01227 0.80237 0.04018
vertex -0.00428 0.80257 0.00000
endloop
endfacet
facet normal -0.02500 0.99969 0.00000
outer loop
vertex -0.10075 0.46005 0.00000
vertex -0.02132 0.46204 0.03291
vertex -0.01478 0.46220 0.00000
endloop
endfacet
facet normal 0.02500 -0.99969 -0.00000
outer loop
vertex -0.10925 0.79995 0.00000
vertex -0.00428 0.80257 0.00000
vertex -0.01227 0.80237 0.04018
endloop
endfacet
facet normal -0.83133 0.03396 -0.55474
outer loop
vertex -0.02132 0.46204 0.03291
vertex -0.03996 0.46157 0.06081
vertex -0.03503 0.80180 0.07425
endloop
endfacet
facet normal -0.83133 0.03396 -0.55474
outer loop
vertex -0.02132 0.46204 0.03291
vertex -0.03503 0.80180 0.07425
vertex -0.01227 0.80237 0.04018
endloop
endfacet
facet normal -0.02500 0.99969 0.00000
outer loop
vertex -0.10075 0.46005 0.00000
vertex -0.03996 0.46157 0.06081
vertex -0.02132 0.46204 0.03291
endloop
endfacet
facet normal 0.02500 -0.99969 0.00000
outer loop
vertex -0.10925 0.79995 0.00000
vertex -0.01227 0.80237 0.04018
vertex -0.03503 0.80180 0.07425
endloop
endfacet
facet normal -0.55593 0.04084 -0.83022
outer loop
vertex -0.03996 0.46157 0.06081
vertex -0.06785 0.46088 0.07945
vertex -0.06908 0.80095 0.09701
endloop
endfacet
facet normal -0.55593 0.04084 -0.83022
outer loop
vertex -0.03996 0.46157 0.06081
vertex -0.06908 0.80095 0.09701
vertex -0.03503 0.80180 0.07425
endloop
endfacet
facet normal -0.02500 0.99969 0.00000
outer loop
vertex -0.10075 0.46005 0.00000
vertex -0.06785 0.46088 0.07945
vertex -0.03996 0.46157 0.06081
endloop
endfacet
facet normal 0.02500 -0.99969 -0.00000
outer loop
vertex -0.10925 0.79995 0.00000
vertex -0.03503 0.80180 0.07425
vertex -0.06908 0.80095 0.09701
endloop
endfacet
facet normal -0.19611 0.04984 -0.97932
outer loop
vertex -0.06785 0.46088 0.07945
vertex -0.10075 0.46005 0.08600
vertex -0.10925 0.79995 0.10500
endloop
endfacet
facet normal -0.19611 0.04984 -0.97932
outer loop
vertex -0.06785 0.46088 0.07945
vertex -0.10925 0.79995 0.10500
vertex -0.06908 0.80095 0.09701
endloop
endfacet
facet normal -0.02500 0.99969 0.00000
outer loop
vertex -0.10075 0.46005 0.00000
vertex -0.10075 0.46005 0.08600
vertex -0.06785 0.46088 0.07945
endloop
endfacet
facet normal 0.02500 -0.99969 0.00000
outer loop
vertex -0.10925 0.79995 0.00000
vertex -0.06908 0.80095 0.09701
vertex -0.10925 0.79995 0.10500
endloop
endfacet
facet normal 0.19337 0.05958 -0.97932
outer loop
vertex -0.10075 0.46005 0.08600
vertex -0.13365 0.45923 0.07945
vertex -0.14942 0.79894 0.09701
endloop
endfacet
facet normal 0.19337 0.05958 -0.97932
outer loop
vertex -0.10075 0.46005 0.08600
vertex -0.14942 0.79894 0.09701
vertex -0.10925 0.79995 0.10500
endloop
endfacet
facet normal -0.02500 0.99969 0.00000
outer loop
vertex -0.10075 0.46005 0.00000
vertex -0.13365 0.45923 0.07945
vertex -0.10075 0.46005 0.08600
endloop
endfacet
facet normal 0.02500 -0.99969 0.00000
outer loop
vertex -0.10925 0.79995 0.00000
vertex -0.10925 0.79995 0.10500
vertex -0.14942 0.79894 0.09701
endloop
endfacet
facet normal 0.55320 0.06858 -0.83022
outer loop
vertex -0.13365 0.45923 0.07945
vertex -0.16154 0.45853 0.06081
vertex -0.18347 0.79809 0.07425
endloop
endfacet
facet normal 0.55320 0.06858 -0.83022
outer loop
vertex -0.13365 0.45923 0.07945
vertex -0.18347 0.79809 0.07425
vertex -0.14942 0.79894 0.09701
endloop
endfacet
facet normal -0.02500 0.99969 0.00000
outer loop
vertex -0.10075 0.46005 0.00000
vertex -0.16154 0.45853 0.06081
vertex -0.13365 0.45923 0.07945
endloop
endfacet
facet normal 0.02500 -0.99969 0.00000
outer loop
vertex -0.10925 0.79995 0.00000
vertex -0.14942 0.79894 0.09701
vertex -0.18347 0.79809 0.07425
endloop
endfacet
facet normal 0.82860 0.07546 -0.55474
outer loop
vertex -0.16154 0.45853 0.06081
vertex -0.18018 0.45807 0.03291
vertex -0.20623 0.79752 0.04018
endloop
endfacet
facet normal 0.82860 0.07546 -0.55474
outer loop
vertex -0.16154 0.45853 0.06081
vertex -0.20623 0.79752 0.04018
vertex -0.18347 0.79809 0.07425
endloop
endfacet
facet normal -0.02500 0.99969 -0.00000
outer loop
vertex -0.10075 0.46005 0.00000
vertex -0.18018 0.45807 0.03291
vertex -0.16154 0.45853 0.06081
endloop
endfacet
facet normal 0.02500 -0.99969 -0.00000
outer loop
vertex -0.10925 0.79995 0.00000
vertex -0.18347 0.79809 0.07425
vertex -0.20623 0.79752 0.04018
endloop
endfacet
facet normal 0.97764 0.07919 -0.19480
outer loop
vertex -0.18018 0.45807 0.03291
vertex -0.18672 0.45790 0.00000
vertex -0.21422 0.79732 0.00000
endloop
endfacet
facet normal 0.97764 0.07919 -0.19480
outer loop
vertex -0.18018 0.45807 0.03291
vertex -0.21422 0.79732 0.00000
vertex -0.20623 0.79752 0.04018
endloop
endfacet
facet normal -0.02500 0.99969 -0.00000
outer loop
vertex -0.10075 0.46005 0.00000
vertex -0.18672 0.45790 0.00000
vertex -0.18018 0.45807 0.03291
endloop
endfacet
facet normal 0.02500 -0.99969 0.00000
outer loop
vertex -0.10925 0.79995 0.00000
vertex -0.20623 0.79752 0.04018
vertex -0.21422 0.79732 0.00000
endloop
endfacet
facet normal 0.97764 0.07919 0.19480
outer loop
vertex -0.18672 0.45790 0.00000
vertex -0.18018 0.45807 -0.03291
vertex -0.20623 0.79752 -0.04018
endloop
endfacet
facet normal 0.97764 0.07919 0.19480
outer loop
vertex -0.18672 0.45790 0.00000
vertex -0.20623 0.79752 -0.04018
vertex -0.21422 0.79732 0.00000
endloop
endfacet
facet normal -0.02500 0.99969 0.00000
outer loop
vertex -0.10075 0.46005 0.00000
vertex -0.18018 0.45807 -0.03291
vertex -0.18672 0.45790 0.00000
endloop
endfacet
facet normal 0.02500 -0.99969 -0.00000
outer loop
vertex -0.10925 0.79995 0.00000
vertex -0.21422 0.79732 0.00000
vertex -0.20623 0.79752 -0.04018
endloop
endfacet
facet normal 0.82860 0.07546 0.55474
outer loop
vertex -0.18018 0.45807 -0.03291
vertex -0.16154 0.45853 -0.06081
vertex -0.18347 0.79809 -0.07425
endloop
endfacet
facet normal 0.82860 0.07546 0.55474
outer loop
vertex -0.18018 0.45807 -0.03291
vertex -0.18347 0.79809 -0.07425
vertex -0.20623 0.79752 -0.04018
endloop
endfacet
facet normal -0.02500 0.99969 0.00000
outer loop
vertex -0.10075 0.46005 0.00000
vertex -0.16154 0.45853 -0.06081
vertex -0.18018 0.45807 -0.03291
endloop
endfacet
facet normal 0.02500 -0.99969 0.00000
outer loop
vertex -0.10925 0.79995 0.00000
vertex -0.20623 0.79752 -0.04018
vertex -0.18347 0.79809 -0.07425
endloop
endfacet
facet normal 0.55320 0.06858 0.83022
outer loop
vertex -0.16154 0.45853 -0.06081
vertex -0.13365 0.45923 -0.07945
vertex -0.14942 0.79894 -0.09701
endloop
endfacet
facet normal 0.55320 0.06858 0.83022
outer loop
vertex -0.16154 0.45853 -0.06081
vertex -0.14942 0.79894 -0.09701
vertex -0.18347 0.79809 -0.07425
endloop
endfacet
facet normal -0.02500 0.99969 0.00000
outer loop
vertex -0.10075 0.46005 0.00000
vertex -0.13365 0.45923 -0.07945
vertex -0.16154 0.45853 -0.06081
endloop
endfacet
facet normal 0.02500 -0.99969 -0.00000
outer loop
vertex -0.10925 0.79995 0.00000
vertex -0.18347 0.79809 -0.07425
vertex -0.14942 0.79894 -0.09701
endloop
endfacet
facet normal 0.19337 0.05958 0.97932
outer loop
vertex -0.13365 0.45923 -0.07945
vertex -0.10075 0.46005 -0.08600
vertex -0.10925 0.79995 -0.10500
endloop
endfacet
facet normal 0.19337 0.05958 0.97932
outer loop
vertex -0.13365 0.45923 -0.07945
vertex -0.10925 0.79995 -0.10500
vertex -0.14942 0.79894 -0.09701
endloop
endfacet
facet normal -0.02500 0.99969 0.00000
outer loop
vertex -0.10075 0.46005 0.00000
vertex -0.10075 0.46005 -0.08600
vertex -0.13365 0.45923 -0.07945
endloop
endfacet
facet normal 0.02500 -0.99969 -0.00000
outer loop
vertex -0.10925 0.79995 0.00000
vertex -0.14942 0.79894 -0.09701
vertex -0.10925 0.79995 -0.10500
endloop
endfacet
facet normal -0.19611 0.04984 0.97932
outer loop
vertex -0.10075 0.46005 -0.08600
vertex -0.06785 0.46088 -0.07945
vertex -0.06908 0.80095 -0.09701
endloop
endfacet
facet normal -0.19611 0.04984 0.97932
outer loop
vertex -0.10075 0.46005 -0.08600
vertex -0.06908 0.80095 -0.09701
vertex -0.10925 0.79995 -0.10500
endloop
endfacet
facet normal -0.02500 0.99969 0.00000
outer loop
vertex -0.10075 0.46005 0.00000
vertex -0.06785 0.46088 -0.07945
vertex -0.10075 0.46005 -0.08600
endloop
endfacet
facet normal 0.02500 -0.99969 -0.00000
outer loop
vertex -0.10925 0.79995 0.00000
vertex -0.10925 0.79995 -0.10500
vertex -0.06908 0.80095 -0.09701
endloop
endfacet
facet normal -0.55593 0.04084 0.83022
outer loop
vertex -0.06785 0.46088 -0.07945
vertex -0.03996 0.46157 -0.06081
vertex -0.03503 0.80180 -0.07425
endloop
endfacet
facet normal -0.55593 0.04084 0.83022
outer loop
vertex -0.06785 0.46088 -0.07945
vertex -0.03503 0.80180 -0.07425
vertex -0.06908 0.80095 -0.09701
endloop
endfacet
facet normal -0.02500 0.99969 -0.00000
outer loop
vertex -0.10075 0.46005 0.00000
vertex -0.03996 0.46157 -0.06081
vertex -0.06785 0.46088 -0.07945
endloop
endfacet
facet normal 0.02500 -0.99969 0.00000
outer loop
vertex -0.10925 0.79995 0.00000
vertex -0.06908 0.80095 -0.09701
vertex -0.03503 0.80180 -0.07425
endloop
endfacet
facet normal -0.83133 0.03396 0.55474
outer loop
vertex -0.03996 0.46157 -0.06081
vertex -0.02132 0.46204 -0.03291
vertex -0.01227 0.80237 -0.04018
endloop
endfacet
facet normal -0.83133 0.03396 0.55474
outer loop
vertex -0.03996 0.46157 -0.06081
vertex -0.01227 0.80237 -0.04018
vertex -0.03503 0.80180 -0.07425
endloop
endfacet
facet normal -0.02500 0.99969 -0.00000
outer loop
vertex -0.10075 0.46005 0.00000
vertex -0.02132 0.46204 -0.03291
vertex -0.03996 0.46157 -0.06081
endloop
endfacet
facet normal 0.02500 -0.99969 -0.00000
outer loop
vertex -0.10925 0.79995 0.00000
vertex -0.03503 0.80180 -0.07425
vertex -0.01227 0.80237 -0.04018
endloop
endfacet
facet normal -0.98038 0.03023 0.19480
outer loop
vertex -0.02132 0.46204 -0.03291
vertex -0.01478 0.46220 -0.00000
vertex -0.00428 0.80257 -0.00000
endloop
endfacet
facet normal -0.98038 0.03023 0.19480
outer loop
vertex -0.02132 0.46204 -0.03291
vertex -0.00428 0.80257 -0.00000
vertex -0.01227 0.80237 -0.04018
endloop
endfacet
facet normal -0.02500 0.99969 -0.00000
outer loop
vertex -0.10075 0.46005 0.00000
vertex -0.01478 0.46220 -0.00000
vertex -0.02132 0.46204 -0.03291
endloop
endfacet
facet normal 0.02500 -0.99969 0.00000
outer loop
vertex -0.10925 0.79995 0.00000
vertex -0.01227 0.80237 -0.04018
vertex -0.00428 0.80257 -0.00000
endloop
endfacet
facet normal -0.97764 0.07919 -0.19480
outer loop
vertex 0.18672 0.45790 0.00000
vertex 0.18018 0.45807 0.03291
vertex 0.20623 0.79752 0.04018
endloop
endfacet
facet normal -0.97764 0.07919 -0.19480
outer loop
vertex 0.18672 0.45790 0.00000
vertex 0.20623 0.79752 0.04018
vertex 0.21422 0.79732 0.00000
endloop
endfacet
facet normal 0.02500 0.99969 -0.00000
outer loop
vertex 0.10075 0.46005 0.00000
vertex 0.18018 0.45807 0.03291
vertex 0.18672 0.45790 0.00000
endloop
endfacet
facet normal -0.02500 -0.99969 0.00000
outer loop
vertex 0.10925 0.79995 0.00000
vertex 0.21422 0.79732 0.00000
vertex 0.20623 0.79752 0.04018
endloop
endfacet
facet normal -0.82860 0.07546 -0.55474
outer loop
vertex 0.18018 0.45807 0.03291
vertex 0.16154 0.45853 0.06081
vertex 0.18347 0.79809 0.07425
endloop
endfacet
facet normal -0.82860 0.07546 -0.55474
outer loop
vertex 0.18018 0.45807 0.03291
vertex 0.18347 0.79809 0.07425
vertex 0.20623 0.79752 0.04018
endloop
endfacet
facet normal 0.02500 0.99969 -0.00000
outer loop
vertex 0.10075 0.46005 0.00000
vertex 0.16154 0.45853 0.06081
vertex 0.18018 0.45807 0.03291
endloop
endfacet
facet normal -0.02500 -0.99969 -0.00000
outer loop
vertex 0.10925 0.79995 0.00000
vertex 0.20623 0.79752 0.04018
vertex 0.18347 0.79809 0.07425
endloop
endfacet
facet normal -0.55320 0.06858 -0.83022
outer loop
vertex 0.16154 0.45853 0.06081
vertex 0.13365 0.45923 0.07945
vertex 0.14942 0.79894 0.09701
endloop
endfacet
facet normal -0.55320 0.06858 -0.83022
outer loop
vertex 0.16154 0.45853 0.06081
vertex 0.14942 0.79894 0.09701
vertex 0.18347 0.79809 0.07425
endloop
endfacet
facet normal 0.02500 0.99969 -0.00000
outer loop
vertex 0.10075 0.46005 0.00000
vertex 0.13365 0.45923 0.07945
vertex 0.16154 0.45853 0.06081
endloop
endfacet
facet normal -0.02500 -0.99969 0.00000
outer loop
vertex 0.10925 0.79995 0.00000
vertex 0.18347 0.79809 0.07425
vertex 0.14942 0.79894 0.09701
endloop
endfacet
facet normal -0.19337 0.05958 -0.97932
outer loop
vertex 0.13365 0.45923 0.07945
vertex 0.10075 0.46005 0.08600
vertex 0.10925 0.79995 0.10500
endloop
endfacet
facet normal -0.19337 0.05958 -0.97932
outer loop
vertex 0.13365 0.45923 0.07945
vertex 0.10925 0.79995 0.10500
vertex 0.14942 0.79894 0.09701
endloop
endfacet
facet normal 0.02500 0.99969 0.00000
outer loop
vertex 0.10075 0.46005 0.00000
vertex 0.10075 0.46005 0.08600
vertex 0.13365 0.45923 0.07945
endloop
endfacet
facet normal -0.02500 -0.99969 0.00000
outer loop
vertex 0.10925 0.79995 0.00000
vertex 0.14942 0.79894 0.09701
vertex 0.10925 0.79995 0.10500
endloop
endfacet
facet normal 0.19611 0.04984 -0.97932
outer loop
vertex 0.10075 0.46005 0.08600
vertex 0.06785 0.46088 0.07945
vertex 0.06908 0.80095 0.09701
endloop
endfacet
facet normal 0.19611 0.04984 -0.97932
outer loop
vertex 0.10075 0.46005 0.08600
vertex 0.06908 0.80095 0.09701
vertex 0.10925 0.79995 0.10500
endloop
endfacet
facet normal 0.02500 0.99969 0.00000
outer loop
vertex 0.10075 0.46005 0.00000
vertex 0.06785 0.46088 0.07945
vertex 0.10075 0.46005 0.08600
endloop
endfacet
facet normal -0.02500 -0.99969 0.00000
outer loop
vertex 0.10925 0.79995 0.00000
vertex 0.10925 0.79995 0.10500
vertex 0.06908 0.80095 0.09701
endloop
endfacet
facet normal 0.55593 0.04084 -0.83022
outer loop
vertex 0.06785 0.46088 0.07945
vertex 0.03996 0.46157 0.06081
vertex 0.03503 0.80180 0.07425
endloop
endfacet
facet normal 0.55593 0.04084 -0.83022
outer loop
vertex 0.06785 0.46088 0.07945
vertex 0.03503 0.80180 0.07425
vertex 0.06908 0.80095 0.09701
endloop
endfacet
facet normal 0.02500 0.99969 0.00000
outer loop
vertex 0.10075 0.46005 0.00000
vertex 0.03996 0.46157 0.06081
vertex 0.06785 0.46088 0.07945
endloop
endfacet
facet normal -0.02500 -0.99969 -0.00000
outer loop
vertex 0.10925 0.79995 0.00000
vertex 0.06908 0.80095 0.09701
vertex 0.03503 0.80180 0.07425
endloop
endfacet
facet normal 0.83133 0.03396 -0.55474
outer loop
vertex 0.03996 0.46157 0.06081
vertex 0.02132 0.46204 0.03291
vertex 0.01227 0.80237 0.04018
endloop
endfacet
facet normal 0.83133 0.03396 -0.55474
outer loop
vertex 0.03996 0.46157 0.06081
vertex 0.01227 0.80237 0.04018
vertex 0.03503 0.80180 0.07425
endloop
endfacet
facet normal 0.02500 0.99969 0.00000
outer loop
vertex 0.10075 0.46005 0.00000
vertex 0.02132 0.46204 0.03291
vertex 0.03996 0.46157 0.06081
endloop
endfacet
facet normal -0.02500 -0.99969 0.00000
outer loop
vertex 0.10925 0.79995 0.00000
vertex 0.03503 0.80180 0.07425
vertex 0.01227 0.80237 0.04018
endloop
endfacet
facet normal 0.98038 0.03023 -0.19480
outer loop
vertex 0.02132 0.46204 0.03291
vertex 0.01478 0.46220 0.00000
vertex 0.00428 0.80257 0.00000
endloop
endfacet
facet normal 0.98038 0.03023 -0.19480
outer loop
vertex 0.02132 0.46204 0.03291
vertex 0.00428 0.80257 0.00000
vertex 0.01227 0.80237 0.04018
endloop
endfacet
facet normal 0.02500 0.99969 0.00000
outer loop
vertex 0.10075 0.46005 0.00000
vertex 0.01478 0.46220 0.00000
vertex 0.02132 0.46204 0.03291
endloop
endfacet
facet normal -0.02500 -0.99969 -0.00000
outer loop
vertex 0.10925 0.79995 0.00000
vertex 0.01227 0.80237 0.04018
vertex 0.00428 0.80257 0.00000
endloop
endfacet
facet normal 0.98038 0.03023 0.19480
outer loop
vertex 0.01478 0.46220 0.00000
vertex 0.02132 0.46204 -0.03291
vertex 0.01227 0.80237 -0.04018
endloop
endfacet
facet normal 0.98038 0.03023 0.19480
outer loop
vertex 0.01478 0.46220 0.00000
vertex 0.01227 0.80237 -0.04018
vertex 0.00428 0.80257 0.00000
endloop
endfacet
facet normal 0.02500 0.99969 -0.00000
outer loop
vertex 0.10075 0.46005 0.00000
vertex 0.02132 0.46204 -0.03291
vertex 0.01478 0.46220 0.00000
endloop
endfacet
facet normal -0.02500 -0.99969 0.00000
outer loop
vertex 0.10925 0.79995 0.00000
vertex 0.00428 0.80257 0.00000
vertex 0.01227 0.80237 -0.04018
endloop
endfacet
facet normal 0.83133 0.03396 0.55474
outer loop
vertex 0.02132 0.46204 -0.03291
vertex 0.03996 0.46157 -0.06081
vertex 0.03503 0.80180 -0.07425
endloop
endfacet
facet normal 0.83133 0.03396 0.55474
outer loop
vertex 0.02132 0.46204 -0.03291
vertex 0.03503 0.80180 -0.07425
vertex 0.01227 0.80237 -0.04018
endloop
endfacet
facet normal 0.02500 0.99969 -0.00000
outer loop
vertex 0.10075 0.46005 0.00000
vertex 0.03996 0.46157 -0.06081
vertex 0.02132 0.46204 -0.03291
endloop
endfacet
facet normal -0.02500 -0.99969 -0.00000
outer loop
vertex 0.10925 0.79995 0.00000
vertex 0.01227 0.80237 -0.04018
vertex 0.03503 0.80180 -0.07425
endloop
endfacet
facet normal 0.55593 0.04084 0.83022
outer loop
vertex 0.03996 0.46157 -0.06081
vertex 0.06785 0.46088 -0.07945
vertex 0.06908 0.80095 -0.09701
endloop
endfacet
facet normal 0.55593 0.04084 0.83022
outer loop
vertex 0.03996 0.46157 -0.06081
vertex 0.06908 0.80095 -0.09701
vertex 0.03503 0.80180 -0.07425
endloop
endfacet
facet normal 0.02500 0.99969 -0.00000
outer loop
vertex 0.10075 0.46005 0.00000
vertex 0.06785 0.46088 -0.07945
vertex 0.03996 0.46157 -0.06081
endloop
endfacet
facet normal -0.02500 -0.99969 0.00000
outer loop
vertex 0.10925 0.79995 0.00000
vertex 0.03503 0.80180 -0.07425
vertex 0.06908 0.80095 -0.09701
endloop
endfacet
facet normal 0.19611 0.04984 0.97932
outer loop
vertex 0.06785 0.46088 -0.07945
vertex 0.10075 0.46005 -0.08600
vertex 0.10925 0.79995 -0.10500
endloop
endfacet
facet normal 0.19611 0.04984 0.97932
outer loop
vertex 0.06785 0.46088 -0.07945
vertex 0.10925 0.79995 -0.10500
vertex 0.06908 0.80095 -0.09701
endloop
endfacet
facet normal 0.02500 0.99969 -0.00000
outer loop
vertex 0.10075 0.46005 0.00000
vertex 0.10075 0.46005 -0.08600
vertex 0.06785 0.46088 -0.07945
endloop
endfacet
facet normal -0.02500 -0.99969 0.00000
outer loop
vertex 0.10925 0.79995 0.00000
vertex 0.06908 0.80095 -0.09701
vertex 0.10925 0.79995 -0.10500
endloop
endfacet
facet normal -0.19337 0.05958 0.97932
outer loop
vertex 0.10075 0.46005 -0.08600
vertex 0.13365 0.45923 -0.07945
vertex 0.14942 0.79894 -0.09701
endloop
endfacet
facet normal -0.19337 0.05958 0.97932
outer loop
vertex 0.10075 0.46005 -0.08600
vertex 0.14942 0.79894 -0.09701
vertex 0.10925 0.79995 -0.10500
endloop
endfacet
facet normal 0.02500 0.99969 -0.00000
outer loop
vertex 0.10075 0.46005 0.00000
vertex 0.13365 0.45923 -0.07945
vertex 0.10075 0.46005 -0.08600
endloop
endfacet
facet normal -0.02500 -0.99969 0.00000
outer loop
vertex 0.10925 0.79995 0.00000
vertex 0.10925 0.79995 -0.10500
vertex 0.14942 0.79894 -0.09701
endloop
endfacet
facet normal -0.55320 0.06858 0.83022
outer loop
vertex 0.13365 0.45923 -0.07945
vertex 0.16154 0.45853 -0.06081
vertex 0.18347 0.79809 -0.07425
endloop
endfacet
facet normal -0.55320 0.06858 0.83022
outer loop
vertex 0.13365 0.45923 -0.07945
vertex 0.18347 0.79809 -0.07425
vertex 0.14942 0.79894 -0.09701
endloop
endfacet
facet normal 0.02500 0.99969 0.00000
outer loop
vertex 0.10075 0.46005 0.00000
vertex 0.16154 0.45853 -0.06081
vertex 0.13365 0.45923 -0.07945
endloop
endfacet
facet normal -0.02500 -0.99969 -0.00000
outer loop
vertex 0.10925 0.79995 0.00000
vertex 0.14942 0.79894 -0.09701
vertex 0.18347 0.79809 -0.07425
endloop
endfacet
facet normal -0.82860 0.07546 0.55474
outer loop
vertex 0.16154 0.45853 -0.06081
vertex 0.18018 0.45807 -0.03291
vertex 0.20623 0.79752 -0.04018
endloop
endfacet
facet normal -0.82860 0.07546 0.55474
outer loop
vertex 0.16154 0.45853 -0.06081
vertex 0.20623 0.79752 -0.04018
vertex 0.18347 0.79809 -0.07425
endloop
endfacet
facet normal 0.02500 0.99969 0.00000
outer loop
vertex 0.10075 0.46005 0.00000
vertex 0.18018 0.45807 -0.03291
vertex 0.16154 0.45853 -0.06081
endloop
endfacet
facet normal -0.02500 -0.99969 0.00000
outer loop
vertex 0.10925 0.79995 0.00000
vertex 0.18347 0.79809 -0.07425
vertex 0.20623 0.79752 -0.04018
endloop
endfacet
facet normal -0.97764 0.07919 0.19480
outer loop
vertex 0.18018 0.45807 -0.03291
vertex 0.18672 0.45790 -0.00000
vertex 0.21422 0.79732 -0.00000
endloop
endfacet
facet normal -0.97764 0.07919 0.19480
outer loop
vertex 0.18018 0.45807 -0.03291
vertex 0.21422 0.79732 -0.00000
vertex 0.20623 0.79752 -0.04018
endloop
endfacet
facet normal 0.02500 0.99969 0.00000
outer loop
vertex 0.10075 0.46005 0.00000
vertex 0.18672 0.45790 -0.00000
vertex 0.18018 0.45807 -0.03291
endloop
endfacet
facet normal -0.02500 -0.99969 -0.00000
outer loop
vertex 0.10925 0.79995 0.00000
vertex 0.20623 0.79752 -0.04018
vertex 0.21422 0.79732 -0.00000
endloop
endfacet
facet normal -0.98025 0.12253 -0.15526
outer loop
vertex 0.18000 0.78000 0.00000
vertex 0.17119 0.78000 0.05562
vertex 0.19021 0.94000 0.06180
endloop
endfacet
facet normal -0.98025 0.12253 -0.15526
outer loop
vertex 0.18000 0.78000 0.00000
vertex 0.19021 0.94000 0.06180
vertex 0.20000 0.94000 0.00000
endloop
endfacet
facet normal 0.00000 1.00000 0.00000
outer loop
vertex 0.00000 0.78000 0.00000
vertex 0.17119 0.78000 0.05562
vertex 0.18000 0.78000 0.00000
endloop
endfacet
facet normal 0.00000 -1.00000 0.00000
outer loop
vertex 0.00000 0.94000 0.00000
vertex 0.20000 0.94000 0.00000
vertex 0.19021 0.94000 0.06180
endloop
endfacet
facet normal -0.88429 0.12253 -0.45057
outer loop
vertex 0.17119 0.78000 0.05562
vertex 0.14562 0.78000 0.10580
vertex 0.16180 0.94000 0.11756
endloop
endfacet
facet normal -0.88429 0.12253 -0.45057
outer loop
vertex 0.17119 0.78000 0.05562
vertex 0.16180 0.94000 0.11756
vertex 0.19021 0.94000 0.06180
endloop
endfacet
facet normal 0.00000 1.00000 0.00000
outer loop
vertex 0.00000 0.78000 0.00000
vertex 0.14562 0.78000 0.10580
vertex 0.17119 0.78000 0.05562
endloop
endfacet
facet normal 0.00000 -1.00000 0.00000
outer loop
vertex 0.00000 0.94000 0.00000
vertex 0.19021 0.94000 0.06180
vertex 0.16180 0.94000 0.11756
endloop
endfacet
facet normal -0.70178 0.12253 -0.70178
outer loop
vertex 0.14562 0.78000 0.10580
vertex 0.10580 0.78000 0.14562
vertex 0.11756 0.94000 0.16180
endloop
endfacet
facet normal -0.70178 0.12253 -0.70178
outer loop
vertex 0.14562 0.78000 0.10580
vertex 0.11756 0.94000 0.16180
vertex 0.16180 0.94000 0.11756
endloop
endfacet
facet normal 0.00000 1.00000 0.00000
outer loop
vertex 0.00000 0.78000 0.00000
vertex 0.10580 0.78000 0.14562
vertex 0.14562 0.78000 0.10580
endloop
endfacet
facet normal 0.00000 -1.00000 0.00000
outer loop
vertex 0.00000 0.94000 0.00000
vertex 0.16180 0.94000 0.11756
vertex 0.11756 0.94000 0.16180
endloop
endfacet
facet normal -0.45057 0.12253 -0.88429
outer loop
vertex 0.10580 0.78000 0.14562
vertex 0.05562 0.78000 0.17119
vertex 0.06180 0.94000 0.19021
endloop
endfacet
facet normal -0.45057 0.12253 -0.88429
outer loop
vertex 0.10580 0.78000 0.14562
vertex 0.06180 0.94000 0.19021
vertex 0.11756 0.94000 0.16180
endloop
endfacet
facet normal 0.00000 1.00000 0.00000
outer loop
vertex 0.00000 0.78000 0.00000
vertex 0.05562 0.78000 0.17119
vertex 0.10580 0.78000 0.14562
endloop
endfacet
facet normal 0.00000 -1.00000 0.00000
outer loop
vertex 0.00000 0.94000 0.00000
vertex 0.11756 0.94000 0.16180
vertex 0.06180 0.94000 0.19021
endloop
endfacet
facet normal -0.15526 0.12253 -0.98025
outer loop
vertex 0.05562 0.78000 0.17119
vertex 0.00000 0.78000 0.18000
vertex 0.00000 0.94000 0.20000
endloop
endfacet
facet normal -0.15526 0.12253 -0.98025
outer loop
vertex 0.05562 0.78000 0.17119
vertex 0.00000 0.94000 0.20000
vertex 0.06180 0.94000 0.19021
endloop
endfacet
facet normal 0.00000 1.00000 0.00000
outer loop
vertex 0.00000 0.78000 0.00000
vertex 0.00000 0.78000 0.18000
vertex 0.05562 0.78000 0.17119
endloop
endfacet
facet normal 0.00000 -1.00000 0.00000
outer loop
vertex 0.00000 0.94000 0.00000
vertex 0.06180 0.94000 0.19021
vertex 0.00000 0.94000 0.20000
endloop
endfacet
facet normal 0.15526 0.12253 -0.98025
outer loop
vertex 0.00000 0.78000 0.18000
vertex -0.05562 0.78000 0.17119
vertex -0.06180 0.94000 0.19021
endloop
endfacet
facet normal 0.15526 0.12253 -0.98025
outer loop
vertex 0.00000 0.78000 0.18000
vertex -0.06180 0.94000 0.19021
vertex 0.00000 0.94000 0.20000
endloop
endfacet
facet normal 0.00000 1.00000 0.00000
outer loop
vertex 0.00000 0.78000 0.00000
vertex -0.05562 0.78000 0.17119
vertex 0.00000 0.78000 0.18000
endloop
endfacet
facet normal 0.00000 -1.00000 0.00000
outer loop
vertex 0.00000 0.94000 0.00000
vertex 0.00000 0.94000 0.20000
vertex -0.06180 0.94000 0.19021
endloop
endfacet
facet normal 0.45057 0.12253 -0.88429
outer loop
vertex -0.05562 0.78000 0.17119
vertex -0.10580 0.78000 0.14562
vertex -0.11756 0.94000 0.16180
endloop
endfacet
facet normal 0.45057 0.12253 -0.88429
outer loop
vertex -0.05562 0.78000 0.17119
vertex -0.11756 0.94000 0.16180
vertex -0.06180 0.94000 0.19021
endloop
endfacet
facet normal 0.00000 1.00000 0.00000
outer loop
vertex 0.00000 0.78000 0.00000
vertex -0.10580 0.78000 0.14562
vertex -0.05562 0.78000 0.17119
endloop
endfacet
facet normal 0.00000 -1.00000 0.00000
outer loop
vertex 0.00000 0.94000 0.00000
vertex -0.06180 0.94000 0.19021
vertex -0.11756 0.94000 0.16180
endloop
endfacet
facet normal 0.70178 0.12253 -0.70178
outer loop
vertex -0.10580 0.78000 0.14562
vertex -0.14562 0.78000 0.10580
vertex -0.16180 0.94000 0.11756
endloop
endfacet
facet normal 0.70178 0.12253 -0.70178
outer loop
vertex -0.10580 0.78000 0.14562
vertex -0.16180 0.94000 0.11756
vertex -0.11756 0.94000 0.16180
endloop
endfacet
facet normal 0.00000 1.00000 0.00000
outer loop
vertex 0.00000 0.78000 0.00000
vertex -0.14562 0.78000 0.10580
vertex -0.10580 0.78000 0.14562
endloop
endfacet
facet normal 0.00000 -1.00000 0.00000
outer loop
vertex 0.00000 0.94000 0.00000
vertex -0.11756 0.94000 0.16180
vertex -0.16180 0.94000 0.11756
endloop
endfacet
facet normal 0.88429 0.12253 -0.45057
outer loop
vertex -0.14562 0.78000 0.10580
vertex -0.17119 0.78000 0.05562
vertex -0.19021 0.94000 0.06180
endloop
endfacet
facet normal 0.88429 0.12253 -0.45057
outer loop
vertex -0.14562 0.78000 0.10580
vertex -0.19021 0.94000 0.06180
vertex -0.16180 0.94000 0.11756
endloop
endfacet
facet normal 0.00000 1.00000 0.00000
outer loop
vertex 0.00000 0.78000 0.00000
vertex -0.17119 0.78000 0.05562
vertex -0.14562 0.78000 0.10580
endloop
endfacet
facet normal 0.00000 -1.00000 0.00000
outer loop
vertex 0.00000 0.94000 0.00000
vertex -0.16180 0.94000 0.11756
vertex -0.19021 0.94000 0.06180
endloop
endfacet
facet normal 0.98025 0.12253 -0.15526
outer loop
vertex -0.17119 0.78000 0.05562
vertex -0.18000 0.78000 0.00000
vertex -0.20000 0.94000 0.00000
endloop
endfacet
facet normal 0.98025 0.12253 -0.15526
outer loop
vertex -0.17119 0.78000 0.05562
vertex -0.20000 0.94000 0.00000
vertex -0.19021 0.94000 0.06180
endloop
endfacet
facet normal 0.00000 1.00000 0.00000
outer loop
vertex 0.00000 0.78000 0.00000
vertex -0.18000 0.78000 0.00000
vertex -0.17119 0.78000 0.05562
endloop
endfacet
facet normal 0.00000 -1.00000 0.00000
outer loop
vertex 0.00000 0.94000 0.00000
vertex -0.19021 0.94000 0.06180
vertex -0.20000 0.94000 0.00000
endloop
endfacet
facet normal 0.98025 0.12253 0.15526
outer loop
vertex -0.18000 0.78000 0.00000
vertex -0.17119 0.78000 -0.05562
vertex -0.19021 0.94000 -0.06180
endloop
endfacet
facet normal 0.98025 0.12253 0.15526
outer loop
vertex -0.18000 0.78000 0.00000
vertex -0.19021 0.94000 -0.06180
vertex -0.20000 0.94000 0.00000
endloop
endfacet
facet normal 0.00000 1.00000 0.00000
outer loop
vertex 0.00000 0.78000 0.00000
vertex -0.17119 0.78000 -0.05562
vertex -0.18000 0.78000 0.00000
endloop
endfacet
facet normal 0.00000 -1.00000 0.00000
outer loop
vertex 0.00000 0.94000 0.00000
vertex -0.20000 0.94000 0.00000
vertex -0.19021 0.94000 -0.06180
endloop
endfacet
facet normal 0.88429 0.12253 0.45057
outer loop
vertex -0.17119 0.78000 -0.05562
vertex -0.14562 0.78000 -0.10580
vertex -0.16180 0.94000 -0.11756
endloop
endfacet
facet normal 0.88429 0.12253 0.45057
outer loop
vertex -0.17119 0.78000 -0.05562
vertex -0.16180 0.94000 -0.11756
vertex -0.19021 0.94000 -0.06180
endloop
endfacet
facet normal 0.00000 1.00000 0.00000
outer loop
vertex 0.00000 0.78000 0.00000
vertex -0.14562 0.78000 -0.10580
vertex -0.17119 0.78000 -0.05562
endloop
endfacet
facet normal 0.00000 -1.00000 0.00000
outer loop
vertex 0.00000 0.94000 0.00000
vertex -0.19021 0.94000 -0.06180
vertex -0.16180 0.94000 -0.11756
endloop
endfacet
facet normal 0.70178 0.12253 0.70178
outer loop
vertex -0.14562 0.78000 -0.10580
vertex -0.10580 0.78000 -0.14562
vertex -0.11756 0.94000 -0.16180
endloop
endfacet
facet normal 0.70178 0.12253 0.70178
outer loop
vertex -0.14562 0.78000 -0.10580
vertex -0.11756 0.94000 -0.16180
vertex -0.16180 0.94000 -0.11756
endloop
endfacet
facet normal 0.00000 1.00000 0.00000
outer loop
vertex 0.00000 0.78000 0.00000
vertex -0.10580 0.78000 -0.14562
vertex -0.14562 0.78000 -0.10580
endloop
endfacet
facet normal 0.00000 -1.00000 0.00000
outer loop
vertex 0.00000 0.94000 0.00000
vertex -0.16180 0.94000 -0.11756
vertex -0.11756 0.94000 -0.16180
endloop
endfacet
facet normal 0.45057 0.12253 0.88429
outer loop
vertex -0.10580 0.78000 -0.14562
vertex -0.05562 0.78000 -0.17119
vertex -0.06180 0.94000 -0.19021
endloop
endfacet
facet normal 0.45057 0.12253 0.88429
outer loop
vertex -0.10580 0.78000 -0.14562
vertex -0.06180 0.94000 -0.19021
vertex -0.11756 0.94000 -0.16180
endloop
endfacet
facet normal 0.00000 1.00000 0.00000
outer loop
vertex 0.00000 0.78000 0.00000
vertex -0.05562 0.78000 -0.17119
vertex -0.10580 0.78000 -0.14562
endloop
endfacet
facet normal 0.00000 -1.00000 0.00000
outer loop
vertex 0.00000 0.94000 0.00000
vertex -0.11756 0.94000 -0.16180
vertex -0.06180 0.94000 -0.19021
endloop
endfacet
facet normal 0.15526 0.12253 0.98025
outer loop
vertex -0.05562 0.78000 -0.17119
vertex -0.00000 0.78000 -0.18000
vertex -0.00000 0.94000 -0.20000
endloop
endfacet
facet normal 0.15526 0.12253 0.98025
outer loop
vertex -0.05562 0.78000 -0.17119
vertex -0.00000 0.94000 -0.20000
vertex -0.06180 0.94000 -0.19021
endloop
endfacet
facet normal 0.00000 1.00000 0.00000
outer loop
vertex 0.00000 0.78000 0.00000
vertex -0.00000 0.78000 -0.18000
vertex -0.05562 0.78000 -0.17119
endloop
endfacet
facet normal 0.00000 -1.00000 0.00000
outer loop
vertex 0.00000 0.94000 0.00000
vertex -0.06180 0.94000 -0.19021
vertex -0.00000 0.94000 -0.20000
endloop
endfacet
facet normal -0.15526 0.12253 0.98025
outer loop
vertex -0.00000 0.78000 -0.18000
vertex 0.05562 0.78000 -0.17119
vertex 0.06180 0.94000 -0.19021
endloop
endfacet
facet normal -0.15526 0.12253 0.98025
outer loop
vertex -0.00000 0.78000 -0.18000
vertex 0.06180 0.94000 -0.19021
vertex -0.00000 0.94000 -0.20000
endloop
endfacet
facet normal 0.00000 1.00000 0.00000
outer loop
vertex 0.00000 0.78000 0.00000
vertex 0.05562 0.78000 -0.17119
vertex -0.00000 0.78000 -0.18000
endloop
endfacet
facet normal 0.00000 -1.00000 0.00000
outer loop
vertex 0.00000 0.94000 0.00000
vertex -0.00000 0.94000 -0.20000
vertex 0.06180 0.94000 -0.19021
endloop
endfacet
facet normal -0.45057 0.12253 0.88429
outer loop
vertex 0.05562 0.78000 -0.17119
vertex 0.10580 0.78000 -0.14562
vertex 0.11756 0.94000 -0.16180
endloop
endfacet
facet normal -0.45057 0.12253 0.88429
outer loop
vertex 0.05562 0.78000 -0.17119
vertex 0.11756 0.94000 -0.16180
vertex 0.06180 0.94000 -0.19021
endloop
endfacet
facet normal 0.00000 1.00000 0.00000
outer loop
vertex 0.00000 0.78000 0.00000
vertex 0.10580 0.78000 -0.14562
vertex 0.05562 0.78000 -0.17119
endloop
endfacet
facet normal 0.00000 -1.00000 0.00000
outer loop
vertex 0.00000 0.94000 0.00000
vertex 0.06180 0.94000 -0.19021
vertex 0.11756 0.94000 -0.16180
endloop
endfacet
facet normal -0.70178 0.12253 0.70178
outer loop
vertex 0.10580 0.78000 -0.14562
vertex 0.14562 0.78000 -0.10580
vertex 0.16180 0.94000 -0.11756
endloop
endfacet
facet normal -0.70178 0.12253 0.70178
outer loop
vertex 0.10580 0.78000 -0.14562
vertex 0.16180 0.94000 -0.11756
vertex 0.11756 0.94000 -0.16180
endloop
endfacet
facet normal 0.00000 1.00000 0.00000
outer loop
vertex 0.00000 0.78000 0.00000
vertex 0.14562 0.78000 -0.10580
vertex 0.10580 0.78000 -0.14562
endloop
endfacet
facet normal 0.00000 -1.00000 0.00000
outer loop
vertex 0.00000 0.94000 0.00000
vertex 0.11756 0.94000 -0.16180
vertex 0.16180 0.94000 -0.11756
endloop
endfacet
facet normal -0.88429 0.12253 0.45057
outer loop
vertex 0.14562 0.78000 -0.10580
vertex 0.17119 0.78000 -0.05562
vertex 0.19021 0.94000 -0.06180
endloop
endfacet
facet normal -0.88429 0.12253 0.45057
outer loop
vertex 0.14562 0.78000 -0.10580
vertex 0.19021 0.94000 -0.06180
vertex 0.16180 0.94000 -0.11756
endloop
endfacet
facet normal 0.00000 1.00000 0.00000
outer loop
vertex 0.00000 0.78000 0.00000
vertex 0.17119 0.78000 -0.05562
vertex 0.14562 0.78000 -0.10580
endloop
endfacet
facet normal 0.00000 -1.00000 0.00000
outer loop
vertex 0.00000 0.94000 0.00000
vertex 0.16180 0.94000 -0.11756
vertex 0.19021 0.94000 -0.06180
endloop
endfacet
facet normal -0.98025 0.12253 0.15526
outer loop
vertex 0.17119 0.78000 -0.05562
vertex 0.18000 0.78000 -0.00000
vertex 0.20000 0.94000 -0.00000
endloop
endfacet
facet normal -0.98025 0.12253 0.15526
outer loop
vertex 0.17119 0.78000 -0.05562
vertex 0.20000 0.94000 -0.00000
vertex 0.19021 0.94000 -0.06180
endloop
endfacet
facet normal 0.00000 1.00000 0.00000
outer loop
vertex 0.00000 0.78000 0.00000
vertex 0.18000 0.78000 -0.00000
vertex 0.17119 0.78000 -0.05562
endloop
endfacet
facet normal 0.00000 -1.00000 0.00000
outer loop
vertex 0.00000 0.94000 0.00000
vertex 0.19021 0.94000 -0.06180
vertex 0.20000 0.94000 -0.00000
endloop
endfacet
facet normal -0.97572 0.15523 -0.15454
outer loop
vertex 0.18000 0.92000 0.00000
vertex 0.17119 0.92000 0.05562
vertex 0.20448 1.14000 0.06644
endloop
endfacet
facet normal -0.97572 0.15523 -0.15454
outer loop
vertex 0.18000 0.92000 0.00000
vertex 0.20448 1.14000 0.06644
vertex 0.21500 1.14000 0.00000
endloop
endfacet
facet normal 0.00000 1.00000 0.00000
outer loop
vertex 0.00000 0.92000 0.00000
vertex 0.17119 0.92000 0.05562
vertex 0.18000 0.92000 0.00000
endloop
endfacet
facet normal 0.00000 -1.00000 0.00000
outer loop
vertex 0.00000 1.14000 0.00000
vertex 0.21500 1.14000 0.00000
vertex 0.20448 1.14000 0.06644
endloop
endfacet
facet normal -0.88021 0.15523 -0.44849
outer loop
vertex 0.17119 0.92000 0.05562
vertex 0.14562 0.92000 0.10580
vertex 0.17394 1.14000 0.12637
endloop
endfacet
facet normal -0.88021 0.15523 -0.44849
outer loop
vertex 0.17119 0.92000 0.05562
vertex 0.17394 1.14000 0.12637
vertex 0.20448 1.14000 0.06644
endloop
endfacet
facet normal 0.00000 1.00000 0.00000
outer loop
vertex 0.00000 0.92000 0.00000
vertex 0.14562 0.92000 0.10580
vertex 0.17119 0.92000 0.05562
endloop
endfacet
facet normal 0.00000 -1.00000 0.00000
outer loop
vertex 0.00000 1.14000 0.00000
vertex 0.20448 1.14000 0.06644
vertex 0.17394 1.14000 0.12637
endloop
endfacet
facet normal -0.69854 0.15523 -0.69854
outer loop
vertex 0.14562 0.92000 0.10580
vertex 0.10580 0.92000 0.14562
vertex 0.12637 1.14000 0.17394
endloop
endfacet
facet normal -0.69854 0.15523 -0.69854
outer loop
vertex 0.14562 0.92000 0.10580
vertex 0.12637 1.14000 0.17394
vertex 0.17394 1.14000 0.12637
endloop
endfacet
facet normal 0.00000 1.00000 0.00000
outer loop
vertex 0.00000 0.92000 0.00000
vertex 0.10580 0.92000 0.14562
vertex 0.14562 0.92000 0.10580
endloop
endfacet
facet normal 0.00000 -1.00000 0.00000
outer loop
vertex 0.00000 1.14000 0.00000
vertex 0.17394 1.14000 0.12637
vertex 0.12637 1.14000 0.17394
endloop
endfacet
facet normal -0.44849 0.15523 -0.88021
outer loop
vertex 0.10580 0.92000 0.14562
vertex 0.05562 0.92000 0.17119
vertex 0.06644 1.14000 0.20448
endloop
endfacet
facet normal -0.44849 0.15523 -0.88021
outer loop
vertex 0.10580 0.92000 0.14562
vertex 0.06644 1.14000 0.20448
vertex 0.12637 1.14000 0.17394
endloop
endfacet
facet normal 0.00000 1.00000 0.00000
outer loop
vertex 0.00000 0.92000 0.00000
vertex 0.05562 0.92000 0.17119
vertex 0.10580 0.92000 0.14562
endloop
endfacet
facet normal 0.00000 -1.00000 0.00000
outer loop
vertex 0.00000 1.14000 0.00000
vertex 0.12637 1.14000 0.17394
vertex 0.06644 1.14000 0.20448
endloop
endfacet
facet normal -0.15454 0.15523 -0.97572
outer loop
vertex 0.05562 0.92000 0.17119
vertex 0.00000 0.92000 0.18000
vertex 0.00000 1.14000 0.21500
endloop
endfacet
facet normal -0.15454 0.15523 -0.97572
outer loop
vertex 0.05562 0.92000 0.17119
vertex 0.00000 1.14000 0.21500
vertex 0.06644 1.14000 0.20448
endloop
endfacet
facet normal 0.00000 1.00000 0.00000
outer loop
vertex 0.00000 0.92000 0.00000
vertex 0.00000 0.92000 0.18000
vertex 0.05562 0.92000 0.17119
endloop
endfacet
facet normal 0.00000 -1.00000 0.00000
outer loop
vertex 0.00000 1.14000 0.00000
vertex 0.06644 1.14000 0.20448
vertex 0.00000 1.14000 0.21500
endloop
endfacet
facet normal 0.15454 0.15523 -0.97572
outer loop
vertex 0.00000 0.92000 0.18000
vertex -0.05562 0.92000 0.17119
vertex -0.06644 1.14000 0.20448
endloop
endfacet
facet normal 0.15454 0.15523 -0.97572
outer loop
vertex 0.00000 0.92000 0.18000
vertex -0.06644 1.14000 0.20448
vertex 0.00000 1.14000 0.21500
endloop
endfacet
facet normal 0.00000 1.00000 0.00000
outer loop
vertex 0.00000 0.92000 0.00000
vertex -0.05562 0.92000 0.17119
vertex 0.00000 0.92000 0.18000
endloop
endfacet
facet normal 0.00000 -1.00000 0.00000
outer loop
vertex 0.00000 1.14000 0.00000
vertex 0.00000 1.14000 0.21500
vertex -0.06644 1.14000 0.20448
endloop
endfacet
facet normal 0.44849 0.15523 -0.88021
outer loop
vertex -0.05562 0.92000 0.17119
vertex -0.10580 0.92000 0.14562
vertex -0.12637 1.14000 0.17394
endloop
endfacet
facet normal 0.44849 0.15523 -0.88021
outer loop
vertex -0.05562 0.92000 0.17119
vertex -0.12637 1.14000 0.17394
vertex -0.06644 1.14000 0.20448
endloop
endfacet
facet normal 0.00000 1.00000 0.00000
outer loop
vertex 0.00000 0.92000 0.00000
vertex -0.10580 0.92000 0.14562
vertex -0.05562 0.92000 0.17119
endloop
endfacet
facet normal 0.00000 -1.00000 0.00000
outer loop
vertex 0.00000 1.14000 0.00000
vertex -0.06644 1.14000 0.20448
vertex -0.12637 1.14000 0.17394
endloop
endfacet
facet normal 0.69854 0.15523 -0.69854
outer loop
vertex -0.10580 0.92000 0.14562
vertex -0.14562 0.92000 0.10580
vertex -0.17394 1.14000 0.12637
endloop
endfacet
facet normal 0.69854 0.15523 -0.69854
outer loop
vertex -0.10580 0.92000 0.14562
vertex -0.17394 1.14000 0.12637
vertex -0.12637 1.14000 0.17394
endloop
endfacet
facet normal 0.00000 1.00000 0.00000
outer loop
vertex 0.00000 0.92000 0.00000
vertex -0.14562 0.92000 0.10580
vertex -0.10580 0.92000 0.14562
endloop
endfacet
facet normal 0.00000 -1.00000 0.00000
outer loop
vertex 0.00000 1.14000 0.00000
vertex -0.12637 1.14000 0.17394
vertex -0.17394 1.14000 0.12637
endloop
endfacet
facet normal 0.88021 0.15523 -0.44849
outer loop
vertex -0.14562 0.92000 0.10580
vertex -0.17119 0.92000 0.05562
vertex -0.20448 1.14000 0.06644
endloop
endfacet
facet normal 0.88021 0.15523 -0.44849
outer loop
vertex -0.14562 0.92000 0.10580
vertex -0.20448 1.14000 0.06644
vertex -0.17394 1.14000 0.12637
endloop
endfacet
facet normal 0.00000 1.00000 0.00000
outer loop
vertex 0.00000 0.92000 0.00000
vertex -0.17119 0.92000 0.05562
vertex -0.14562 0.92000 0.10580
endloop
endfacet
facet normal 0.00000 -1.00000 0.00000
outer loop
vertex 0.00000 1.14000 0.00000
vertex -0.17394 1.14000 0.12637
vertex -0.20448 1.14000 0.06644
endloop
endfacet
facet normal 0.97572 0.15523 -0.15454
outer loop
vertex -0.17119 0.92000 0.05562
vertex -0.18000 0.92000 0.00000
vertex -0.21500 1.14000 0.00000
endloop
endfacet
facet normal 0.97572 0.15523 -0.15454
outer loop
vertex -0.17119 0.92000 0.05562
vertex -0.21500 1.14000 0.00000
vertex -0.20448 1.14000 0.06644
endloop
endfacet
facet normal 0.00000 1.00000 0.00000
outer loop
vertex 0.00000 0.92000 0.00000
vertex -0.18000 0.92000 0.00000
vertex -0.17119 0.92000 0.05562
endloop
endfacet
facet normal 0.00000 -1.00000 0.00000
outer loop
vertex 0.00000 1.14000 0.00000
vertex -0.20448 1.14000 0.06644
vertex -0.21500 1.14000 0.00000
endloop
endfacet
facet normal 0.97572 0.15523 0.15454
outer loop
vertex -0.18000 0.92000 0.00000
vertex -0.17119 0.92000 -0.05562
vertex -0.20448 1.14000 -0.06644
endloop
endfacet
facet normal 0.97572 0.15523 0.15454
outer loop
vertex -0.18000 0.92000 0.00000
vertex -0.20448 1.14000 -0.06644
vertex -0.21500 1.14000 0.00000
endloop
endfacet
facet normal 0.00000 1.00000 0.00000
outer loop
vertex 0.00000 0.92000 0.00000
vertex -0.17119 0.92000 -0.05562
vertex -0.18000 0.92000 0.00000
endloop
endfacet
facet normal 0.00000 -1.00000 0.00000
outer loop
vertex 0.00000 1.14000 0.00000
vertex -0.21500 1.14000 0.00000
vertex -0.20448 1.14000 -0.06644
endloop
endfacet
facet normal 0.88021 0.15523 0.44849
outer loop
vertex -0.17119 0.92000 -0.05562
vertex -0.14562 0.92000 -0.10580
vertex -0.17394 1.14000 -0.12637
endloop
endfacet
facet normal 0.88021 0.15523 0.44849
outer loop
vertex -0.17119 0.92000 -0.05562
vertex -0.17394 1.14000 -0.12637
vertex -0.20448 1.14000 -0.06644
endloop
endfacet
facet normal 0.00000 1.00000 0.00000
outer loop
vertex 0.00000 0.92000 0.00000
vertex -0.14562 0.92000 -0.10580
vertex -0.17119 0.92000 -0.05562
endloop
endfacet
facet normal 0.00000 -1.00000 0.00000
outer loop
vertex 0.00000 1.14000 0.00000
vertex -0.20448 1.14000 -0.06644
vertex -0.17394 1.14000 -0.12637
endloop
endfacet
facet normal 0.69854 0.15523 0.69854
outer loop
vertex -0.14562 0.92000 -0.10580
vertex -0.10580 0.92000 -0.14562
vertex -0.12637 1.14000 -0.17394
endloop
endfacet
facet normal 0.69854 0.15523 0.69854
outer loop
vertex -0.14562 0.92000 -0.10580
vertex -0.12637 1.14000 -0.17394
vertex -0.17394 1.14000 -0.12637
endloop
endfacet
facet normal 0.00000 1.00000 0.00000
outer loop
vertex 0.00000 0.92000 0.00000
vertex -0.10580 0.92000 -0.14562
vertex -0.14562 0.92000 -0.10580
endloop
endfacet
facet normal 0.00000 -1.00000 0.00000
outer loop
vertex 0.00000 1.14000 0.00000
vertex -0.17394 1.14000 -0.12637
vertex -0.12637 1.14000 -0.17394
endloop
endfacet
facet normal 0.44849 0.15523 0.88021
outer loop
vertex -0.10580 0.92000 -0.14562
vertex -0.05562 0.92000 -0.17119
vertex -0.06644 1.14000 -0.20448
endloop
endfacet
facet normal 0.44849 0.15523 0.88021
outer loop
vertex -0.10580 0.92000 -0.14562
vertex -0.06644 1.14000 -0.20448
vertex -0.12637 1.14000 -0.17394
endloop
endfacet
facet normal 0.00000 1.00000 0.00000
outer loop
vertex 0.00000 0.92000 0.00000
vertex -0.05562 0.92000 -0.17119
vertex -0.10580 0.92000 -0.14562
endloop
endfacet
facet normal 0.00000 -1.00000 0.00000
outer loop
vertex 0.00000 1.14000 0.00000
vertex -0.12637 1.14000 -0.17394
vertex -0.06644 1.14000 -0.20448
endloop
endfacet
facet normal 0.15454 0.15523 0.97572
outer loop
vertex -0.05562 0.92000 -0.17119
vertex -0.00000 0.92000 -0.18000
vertex -0.00000 1.14000 -0.21500
endloop
endfacet
facet normal 0.15454 0.15523 0.97572
outer loop
vertex -0.05562 0.92000 -0.17119
vertex -0.00000 1.14000 -0.21500
vertex -0.06644 1.14000 -0.20448
endloop
endfacet
facet normal 0.00000 1.00000 0.00000
outer loop
vertex 0.00000 0.92000 0.00000
vertex -0.00000 0.92000 -0.18000
vertex -0.05562 0.92000 -0.17119
endloop
endfacet
facet normal 0.00000 -1.00000 0.00000
outer loop
vertex 0.00000 1.14000 0.00000
vertex -0.06644 1.14000 -0.20448
vertex -0.00000 1.14000 -0.21500
endloop
endfacet
facet normal -0.15454 0.15523 0.97572
outer loop
vertex -0.00000 0.92000 -0.18000
vertex 0.05562 0.92000 -0.17119
vertex 0.06644 1.14000 -0.20448
endloop
endfacet
facet normal -0.15454 0.15523 0.97572
outer loop
vertex -0.00000 0.92000 -0.18000
vertex 0.06644 1.14000 -0.20448
vertex -0.00000 1.14000 -0.21500
endloop
endfacet
facet normal 0.00000 1.00000 0.00000
outer loop
vertex 0.00000 0.92000 0.00000
vertex 0.05562 0.92000 -0.17119
vertex -0.00000 0.92000 -0.18000
endloop
endfacet
facet normal 0.00000 -1.00000 0.00000
outer loop
vertex 0.00000 1.14000 0.00000
vertex -0.00000 1.14000 -0.21500
vertex 0.06644 1.14000 -0.20448
endloop
endfacet
facet normal -0.44849 0.15523 0.88021
outer loop
vertex 0.05562 0.92000 -0.17119
vertex 0.10580 0.92000 -0.14562
vertex 0.12637 1.14000 -0.17394
endloop
endfacet
facet normal -0.44849 0.15523 0.88021
outer loop
vertex 0.05562 0.92000 -0.17119
vertex 0.12637 1.14000 -0.17394
vertex 0.06644 1.14000 -0.20448
endloop
endfacet
facet normal 0.00000 1.00000 0.00000
outer loop
vertex 0.00000 0.92000 0.00000
vertex 0.10580 0.92000 -0.14562
vertex 0.05562 0.92000 -0.17119
endloop
endfacet
facet normal 0.00000 -1.00000 0.00000
outer loop
vertex 0.00000 1.14000 0.00000
vertex 0.06644 1.14000 -0.20448
vertex 0.12637 1.14000 -0.17394
endloop
endfacet
facet normal -0.69854 0.15523 0.69854
outer loop
vertex 0.10580 0.92000 -0.14562
vertex 0.14562 0.92000 -0.10580
vertex 0.17394 1.14000 -0.12637
endloop
endfacet
facet normal -0.69854 0.15523 0.69854
outer loop
vertex 0.10580 0.92000 -0.14562
vertex 0.17394 1.14000 -0.12637
vertex 0.12637 1.14000 -0.17394
endloop
endfacet
facet normal 0.00000 1.00000 0.00000
outer loop
vertex 0.00000 0.92000 0.00000
vertex 0.14562 0.92000 -0.10580
vertex 0.10580 0.92000 -0.14562
endloop
endfacet
facet normal 0.00000 -1.00000 0.00000
outer loop
vertex 0.00000 1.14000 0.00000
vertex 0.12637 1.14000 -0.17394
vertex 0.17394 1.14000 -0.12637
endloop
endfacet
facet normal -0.88021 0.15523 0.44849
outer loop
vertex 0.14562 0.92000 -0.10580
vertex 0.17119 0.92000 -0.05562
vertex 0.20448 1.14000 -0.06644
endloop
endfacet
facet normal -0.88021 0.15523 0.44849
outer loop
vertex 0.14562 0.92000 -0.10580
vertex 0.20448 1.14000 -0.06644
vertex 0.17394 1.14000 -0.12637
endloop
endfacet
facet normal 0.00000 1.00000 0.00000
outer loop
vertex 0.00000 0.92000 0.00000
vertex 0.17119 0.92000 -0.05562
vertex 0.14562 0.92000 -0.10580
endloop
endfacet
facet normal 0.00000 -1.00000 0.00000
outer loop
vertex 0.00000 1.14000 0.00000
vertex 0.17394 1.14000 -0.12637
vertex 0.20448 1.14000 -0.06644
endloop
endfacet
facet normal -0.97572 0.15523 0.15454
outer loop
vertex 0.17119 0.92000 -0.05562
vertex 0.18000 0.92000 -0.00000
vertex 0.21500 1.14000 -0.00000
endloop
endfacet
facet normal -0.97572 0.15523 0.15454
outer loop
vertex 0.17119 0.92000 -0.05562
vertex 0.21500 1.14000 -0.00000
vertex 0.20448 1.14000 -0.06644
endloop
endfacet
facet normal 0.00000 1.00000 0.00000
outer loop
vertex 0.00000 0.92000 0.00000
vertex 0.18000 0.92000 -0.00000
vertex 0.17119 0.92000 -0.05562
endloop
endfacet
facet normal 0.00000 -1.00000 0.00000
outer loop
vertex 0.00000 1.14000 0.00000
vertex 0.20448 1.14000 -0.06644
vertex 0.21500 1.14000 -0.00000
endloop
endfacet
facet normal -0.95889 0.23972 -0.15187
outer loop
vertex 0.21500 1.13000 0.00000
vertex 0.20448 1.13000 0.06644
vertex 0.27105 1.41000 0.08807
endloop
endfacet
facet normal -0.95889 0.23972 -0.15187
outer loop
vertex 0.21500 1.13000 0.00000
vertex 0.27105 1.41000 0.08807
vertex 0.28500 1.41000 0.00000
endloop
endfacet
facet normal 0.00000 1.00000 0.00000
outer loop
vertex 0.00000 1.13000 0.00000
vertex 0.20448 1.13000 0.06644
vertex 0.21500 1.13000 0.00000
endloop
endfacet
facet normal 0.00000 -1.00000 0.00000
outer loop
vertex 0.00000 1.41000 0.00000
vertex 0.28500 1.41000 0.00000
vertex 0.27105 1.41000 0.08807
endloop
endfacet
facet normal -0.86503 0.23972 -0.44075
outer loop
vertex 0.20448 1.13000 0.06644
vertex 0.17394 1.13000 0.12637
vertex 0.23057 1.41000 0.16752
endloop
endfacet
facet normal -0.86503 0.23972 -0.44075
outer loop
vertex 0.20448 1.13000 0.06644
vertex 0.23057 1.41000 0.16752
vertex 0.27105 1.41000 0.08807
endloop
endfacet
facet normal 0.00000 1.00000 0.00000
outer loop
vertex 0.00000 1.13000 0.00000
vertex 0.17394 1.13000 0.12637
vertex 0.20448 1.13000 0.06644
endloop
endfacet
facet normal 0.00000 -1.00000 0.00000
outer loop
vertex 0.00000 1.41000 0.00000
vertex 0.27105 1.41000 0.08807
vertex 0.23057 1.41000 0.16752
endloop
endfacet
facet normal -0.68649 0.23972 -0.68649
outer loop
vertex 0.17394 1.13000 0.12637
vertex 0.12637 1.13000 0.17394
vertex 0.16752 1.41000 0.23057
endloop
endfacet
facet normal -0.68649 0.23972 -0.68649
outer loop
vertex 0.17394 1.13000 0.12637
vertex 0.16752 1.41000 0.23057
vertex 0.23057 1.41000 0.16752
endloop
endfacet
facet normal 0.00000 1.00000 0.00000
outer loop
vertex 0.00000 1.13000 0.00000
vertex 0.12637 1.13000 0.17394
vertex 0.17394 1.13000 0.12637
endloop
endfacet
facet normal 0.00000 -1.00000 0.00000
outer loop
vertex 0.00000 1.41000 0.00000
vertex 0.23057 1.41000 0.16752
vertex 0.16752 1.41000 0.23057
endloop
endfacet
facet normal -0.44075 0.23972 -0.86503
outer loop
vertex 0.12637 1.13000 0.17394
vertex 0.06644 1.13000 0.20448
vertex 0.08807 1.41000 0.27105
endloop
endfacet
facet normal -0.44075 0.23972 -0.86503
outer loop
vertex 0.12637 1.13000 0.17394
vertex 0.08807 1.41000 0.27105
vertex 0.16752 1.41000 0.23057
endloop
endfacet
facet normal 0.00000 1.00000 0.00000
outer loop
vertex 0.00000 1.13000 0.00000
vertex 0.06644 1.13000 0.20448
vertex 0.12637 1.13000 0.17394
endloop
endfacet
facet normal 0.00000 -1.00000 0.00000
outer loop
vertex 0.00000 1.41000 0.00000
vertex 0.16752 1.41000 0.23057
vertex 0.08807 1.41000 0.27105
endloop
endfacet
facet normal -0.15187 0.23972 -0.95889
outer loop
vertex 0.06644 1.13000 0.20448
vertex 0.00000 1.13000 0.21500
vertex 0.00000 1.41000 0.28500
endloop
endfacet
facet normal -0.15187 0.23972 -0.95889
outer loop
vertex 0.06644 1.13000 0.20448
vertex 0.00000 1.41000 0.28500
vertex 0.08807 1.41000 0.27105
endloop
endfacet
facet normal 0.00000 1.00000 0.00000
outer loop
vertex 0.00000 1.13000 0.00000
vertex 0.00000 1.13000 0.21500
vertex 0.06644 1.13000 0.20448
endloop
endfacet
facet normal 0.00000 -1.00000 0.00000
outer loop
vertex 0.00000 1.41000 0.00000
vertex 0.08807 1.41000 0.27105
vertex 0.00000 1.41000 0.28500
endloop
endfacet
facet normal 0.15187 0.23972 -0.95889
outer loop
vertex 0.00000 1.13000 0.21500
vertex -0.06644 1.13000 0.20448
vertex -0.08807 1.41000 0.27105
endloop
endfacet
facet normal 0.15187 0.23972 -0.95889
outer loop
vertex 0.00000 1.13000 0.21500
vertex -0.08807 1.41000 0.27105
vertex 0.00000 1.41000 0.28500
endloop
endfacet
facet normal 0.00000 1.00000 0.00000
outer loop
vertex 0.00000 1.13000 0.00000
vertex -0.06644 1.13000 0.20448
vertex 0.00000 1.13000 0.21500
endloop
endfacet
facet normal 0.00000 -1.00000 0.00000
outer loop
vertex 0.00000 1.41000 0.00000
vertex 0.00000 1.41000 0.28500
vertex -0.08807 1.41000 0.27105
endloop
endfacet
facet normal 0.44075 0.23972 -0.86503
outer loop
vertex -0.06644 1.13000 0.20448
vertex -0.12637 1.13000 0.17394
vertex -0.16752 1.41000 0.23057
endloop
endfacet
facet normal 0.44075 0.23972 -0.86503
outer loop
vertex -0.06644 1.13000 0.20448
vertex -0.16752 1.41000 0.23057
vertex -0.08807 1.41000 0.27105
endloop
endfacet
facet normal 0.00000 1.00000 0.00000
outer loop
vertex 0.00000 1.13000 0.00000
vertex -0.12637 1.13000 0.17394
vertex -0.06644 1.13000 0.20448
endloop
endfacet
facet normal 0.00000 -1.00000 0.00000
outer loop
vertex 0.00000 1.41000 0.00000
vertex -0.08807 1.41000 0.27105
vertex -0.16752 1.41000 0.23057
endloop
endfacet
facet normal 0.68649 0.23972 -0.68649
outer loop
vertex -0.12637 1.13000 0.17394
vertex -0.17394 1.13000 0.12637
vertex -0.23057 1.41000 0.16752
endloop
endfacet
facet normal 0.68649 0.23972 -0.68649
outer loop
vertex -0.12637 1.13000 0.17394
vertex -0.23057 1.41000 0.16752
vertex -0.16752 1.41000 0.23057
endloop
endfacet
facet normal 0.00000 1.00000 0.00000
outer loop
vertex 0.00000 1.13000 0.00000
vertex -0.17394 1.13000 0.12637
vertex -0.12637 1.13000 0.17394
endloop
endfacet
facet normal 0.00000 -1.00000 0.00000
outer loop
vertex 0.00000 1.41000 0.00000
vertex -0.16752 1.41000 0.23057
vertex -0.23057 1.41000 0.16752
endloop
endfacet
facet normal 0.86503 0.23972 -0.44075
outer loop
vertex -0.17394 1.13000 0.12637
vertex -0.20448 1.13000 0.06644
vertex -0.27105 1.41000 0.08807
endloop
endfacet
facet normal 0.86503 0.23972 -0.44075
outer loop
vertex -0.17394 1.13000 0.12637
vertex -0.27105 1.41000 0.08807
vertex -0.23057 1.41000 0.16752
endloop
endfacet
facet normal 0.00000 1.00000 0.00000
outer loop
vertex 0.00000 1.13000 0.00000
vertex -0.20448 1.13000 0.06644
vertex -0.17394 1.13000 0.12637
endloop
endfacet
facet normal 0.00000 -1.00000 0.00000
outer loop
vertex 0.00000 1.41000 0.00000
vertex -0.23057 1.41000 0.16752
vertex -0.27105 1.41000 0.08807
endloop
endfacet
facet normal 0.95889 0.23972 -0.15187
outer loop
vertex -0.20448 1.13000 0.06644
vertex -0.21500 1.13000 0.00000
vertex -0.28500 1.41000 0.00000
endloop
endfacet
facet normal 0.95889 0.23972 -0.15187
outer loop
vertex -0.20448 1.13000 0.06644
vertex -0.28500 1.41000 0.00000
vertex -0.27105 1.41000 0.08807
endloop
endfacet
facet normal 0.00000 1.00000 0.00000
outer loop
vertex 0.00000 1.13000 0.00000
vertex -0.21500 1.13000 0.00000
vertex -0.20448 1.13000 0.06644
endloop
endfacet
facet normal 0.00000 -1.00000 0.00000
outer loop
vertex 0.00000 1.41000 0.00000
vertex -0.27105 1.41000 0.08807
vertex -0.28500 1.41000 0.00000
endloop
endfacet
facet normal 0.95889 0.23972 0.15187
outer loop
vertex -0.21500 1.13000 0.00000
vertex -0.20448 1.13000 -0.06644
vertex -0.27105 1.41000 -0.08807
endloop
endfacet
facet normal 0.95889 0.23972 0.15187
outer loop
vertex -0.21500 1.13000 0.00000
vertex -0.27105 1.41000 -0.08807
vertex -0.28500 1.41000 0.00000
endloop
endfacet
facet normal 0.00000 1.00000 0.00000
outer loop
vertex 0.00000 1.13000 0.00000
vertex -0.20448 1.13000 -0.06644
vertex -0.21500 1.13000 0.00000
endloop
endfacet
facet normal 0.00000 -1.00000 0.00000
outer loop
vertex 0.00000 1.41000 0.00000
vertex -0.28500 1.41000 0.00000
vertex -0.27105 1.41000 -0.08807
endloop
endfacet
facet normal 0.86503 0.23972 0.44075
outer loop
vertex -0.20448 1.13000 -0.06644
vertex -0.17394 1.13000 -0.12637
vertex -0.23057 1.41000 -0.16752
endloop
endfacet
facet normal 0.86503 0.23972 0.44075
outer loop
vertex -0.20448 1.13000 -0.06644
vertex -0.23057 1.41000 -0.16752
vertex -0.27105 1.41000 -0.08807
endloop
endfacet
facet normal 0.00000 1.00000 0.00000
outer loop
vertex 0.00000 1.13000 0.00000
vertex -0.17394 1.13000 -0.12637
vertex -0.20448 1.13000 -0.06644
endloop
endfacet
facet normal 0.00000 -1.00000 0.00000
outer loop
vertex 0.00000 1.41000 0.00000
vertex -0.27105 1.41000 -0.08807
vertex -0.23057 1.41000 -0.16752
endloop
endfacet
facet normal 0.68649 0.23972 0.68649
outer loop
vertex -0.17394 1.13000 -0.12637
vertex -0.12637 1.13000 -0.17394
vertex -0.16752 1.41000 -0.23057
endloop
endfacet
facet normal 0.68649 0.23972 0.68649
outer loop
vertex -0.17394 1.13000 -0.12637
vertex -0.16752 1.41000 -0.23057
vertex -0.23057 1.41000 -0.16752
endloop
endfacet
facet normal 0.00000 1.00000 0.00000
outer loop
vertex 0.00000 1.13000 0.00000
vertex -0.12637 1.13000 -0.17394
vertex -0.17394 1.13000 -0.12637
endloop
endfacet
facet normal 0.00000 -1.00000 0.00000
outer loop
vertex 0.00000 1.41000 0.00000
vertex -0.23057 1.41000 -0.16752
vertex -0.16752 1.41000 -0.23057
endloop
endfacet
facet normal 0.44075 0.23972 0.86503
outer loop
vertex -0.12637 1.13000 -0.17394
vertex -0.06644 1.13000 -0.20448
vertex -0.08807 1.41000 -0.27105
endloop
endfacet
facet normal 0.44075 0.23972 0.86503
outer loop
vertex -0.12637 1.13000 -0.17394
vertex -0.08807 1.41000 -0.27105
vertex -0.16752 1.41000 -0.23057
endloop
endfacet
facet normal 0.00000 1.00000 0.00000
outer loop
vertex 0.00000 1.13000 0.00000
vertex -0.06644 1.13000 -0.20448
vertex -0.12637 1.13000 -0.17394
endloop
endfacet
facet normal 0.00000 -1.00000 0.00000
outer loop
vertex 0.00000 1.41000 0.00000
vertex -0.16752 1.41000 -0.23057
vertex -0.08807 1.41000 -0.27105
endloop
endfacet
facet normal 0.15187 0.23972 0.95889
outer loop
vertex -0.06644 1.13000 -0.20448
vertex -0.00000 1.13000 -0.21500
vertex -0.00000 1.41000 -0.28500
endloop
endfacet
facet normal 0.15187 0.23972 0.95889
outer loop
vertex -0.06644 1.13000 -0.20448
vertex -0.00000 1.41000 -0.28500
vertex -0.08807 1.41000 -0.27105
endloop
endfacet
facet normal 0.00000 1.00000 0.00000
outer loop
vertex 0.00000 1.13000 0.00000
vertex -0.00000 1.13000 -0.21500
vertex -0.06644 1.13000 -0.20448
endloop
endfacet
facet normal 0.00000 -1.00000 0.00000
outer loop
vertex 0.00000 1.41000 0.00000
vertex -0.08807 1.41000 -0.27105
vertex -0.00000 1.41000 -0.28500
endloop
endfacet
facet normal -0.15187 0.23972 0.95889
outer loop
vertex -0.00000 1.13000 -0.21500
vertex 0.06644 1.13000 -0.20448
vertex 0.08807 1.41000 -0.27105
endloop
endfacet
facet normal -0.15187 0.23972 0.95889
outer loop
vertex -0.00000 1.13000 -0.21500
vertex 0.08807 1.41000 -0.27105
vertex -0.00000 1.41000 -0.28500
endloop
endfacet
facet normal 0.00000 1.00000 0.00000
outer loop
vertex 0.00000 1.13000 0.00000
vertex 0.06644 1.13000 -0.20448
vertex -0.00000 1.13000 -0.21500
endloop
endfacet
facet normal 0.00000 -1.00000 0.00000
outer loop
vertex 0.00000 1.41000 0.00000
vertex -0.00000 1.41000 -0.28500
vertex 0.08807 1.41000 -0.27105
endloop
endfacet
facet normal -0.44075 0.23972 0.86503
outer loop
vertex 0.06644 1.13000 -0.20448
vertex 0.12637 1.13000 -0.17394
vertex 0.16752 1.41000 -0.23057
endloop
endfacet
facet normal -0.44075 0.23972 0.86503
outer loop
vertex 0.06644 1.13000 -0.20448
vertex 0.16752 1.41000 -0.23057
vertex 0.08807 1.41000 -0.27105
endloop
endfacet
facet normal 0.00000 1.00000 0.00000
outer loop
vertex 0.00000 1.13000 0.00000
vertex 0.12637 1.13000 -0.17394
vertex 0.06644 1.13000 -0.20448
endloop
endfacet
facet normal 0.00000 -1.00000 0.00000
outer loop
vertex 0.00000 1.41000 0.00000
vertex 0.08807 1.41000 -0.27105
vertex 0.16752 1.41000 -0.23057
endloop
endfacet
facet normal -0.68649 0.23972 0.68649
outer loop
vertex 0.12637 1.13000 -0.17394
vertex 0.17394 1.13000 -0.12637
vertex 0.23057 1.41000 -0.16752
endloop
endfacet
facet normal -0.68649 0.23972 0.68649
outer loop
vertex 0.12637 1.13000 -0.17394
vertex 0.23057 1.41000 -0.16752
vertex 0.16752 1.41000 -0.23057
endloop
endfacet
facet normal 0.00000 1.00000 0.00000
outer loop
vertex 0.00000 1.13000 0.00000
vertex 0.17394 1.13000 -0.12637
vertex 0.12637 1.13000 -0.17394
endloop
endfacet
facet normal 0.00000 -1.00000 0.00000
outer loop
vertex 0.00000 1.41000 0.00000
vertex 0.16752 1.41000 -0.23057
vertex 0.23057 1.41000 -0.16752
endloop
endfacet
facet normal -0.86503 0.23972 0.44075
outer loop
vertex 0.17394 1.13000 -0.12637
vertex 0.20448 1.13000 -0.06644
vertex 0.27105 1.41000 -0.08807
endloop
endfacet
facet normal -0.86503 0.23972 0.44075
outer loop
vertex 0.17394 1.13000 -0.12637
vertex 0.27105 1.41000 -0.08807
vertex 0.23057 1.41000 -0.16752
endloop
endfacet
facet normal 0.00000 1.00000 0.00000
outer loop
vertex 0.00000 1.13000 0.00000
vertex 0.20448 1.13000 -0.06644
vertex 0.17394 1.13000 -0.12637
endloop
endfacet
facet normal 0.00000 -1.00000 0.00000
outer loop
vertex 0.00000 1.41000 0.00000
vertex 0.23057 1.41000 -0.16752
vertex 0.27105 1.41000 -0.08807
endloop
endfacet
facet normal -0.95889 0.23972 0.15187
outer loop
vertex 0.20448 1.13000 -0.06644
vertex 0.21500 1.13000 -0.00000
vertex 0.28500 1.41000 -0.00000
endloop
endfacet
facet normal -0.95889 0.23972 0.15187
outer loop
vertex 0.20448 1.13000 -0.06644
vertex 0.28500 1.41000 -0.00000
vertex 0.27105 1.41000 -0.08807
endloop
endfacet
facet normal 0.00000 1.00000 0.00000
outer loop
vertex 0.00000 1.13000 0.00000
vertex 0.21500 1.13000 -0.00000
vertex 0.20448 1.13000 -0.06644
endloop
endfacet
facet normal 0.00000 -1.00000 0.00000
outer loop
vertex 0.00000 1.41000 0.00000
vertex 0.27105 1.41000 -0.08807
vertex 0.28500 1.41000 -0.00000
endloop
endfacet
facet normal -0.98079 0.00000 -0.19509
outer loop
vertex 0.06500 1.41000 0.00000
vertex 0.06005 1.41000 0.02487
vertex 0.06005 1.51000 0.02487
endloop
endfacet
facet normal -0.98079 0.00000 -0.19509
outer loop
vertex 0.06500 1.41000 0.00000
vertex 0.06005 1.51000 0.02487
vertex 0.06500 1.51000 0.00000
endloop
endfacet
facet normal 0.00000 1.00000 0.00000
outer loop
vertex 0.00000 1.41000 0.00000
vertex 0.06005 1.41000 0.02487
vertex 0.06500 1.41000 0.00000
endloop
endfacet
facet normal 0.00000 -1.00000 0.00000
outer loop
vertex 0.00000 1.51000 0.00000
vertex 0.06500 1.51000 0.00000
vertex 0.06005 1.51000 0.02487
endloop
endfacet
facet normal -0.83147 0.00000 -0.55557
outer loop
vertex 0.06005 1.41000 0.02487
vertex 0.04596 1.41000 0.04596
vertex 0.04596 1.51000 0.04596
endloop
endfacet
facet normal -0.83147 0.00000 -0.55557
outer loop
vertex 0.06005 1.41000 0.02487
vertex 0.04596 1.51000 0.04596
vertex 0.06005 1.51000 0.02487
endloop
endfacet
facet normal 0.00000 1.00000 0.00000
outer loop
vertex 0.00000 1.41000 0.00000
vertex 0.04596 1.41000 0.04596
vertex 0.06005 1.41000 0.02487
endloop
endfacet
facet normal 0.00000 -1.00000 0.00000
outer loop
vertex 0.00000 1.51000 0.00000
vertex 0.06005 1.51000 0.02487
vertex 0.04596 1.51000 0.04596
endloop
endfacet
facet normal -0.55557 0.00000 -0.83147
outer loop
vertex 0.04596 1.41000 0.04596
vertex 0.02487 1.41000 0.06005
vertex 0.02487 1.51000 0.06005
endloop
endfacet
facet normal -0.55557 0.00000 -0.83147
outer loop
vertex 0.04596 1.41000 0.04596
vertex 0.02487 1.51000 0.06005
vertex 0.04596 1.51000 0.04596
endloop
endfacet
facet normal 0.00000 1.00000 0.00000
outer loop
vertex 0.00000 1.41000 0.00000
vertex 0.02487 1.41000 0.06005
vertex 0.04596 1.41000 0.04596
endloop
endfacet
facet normal 0.00000 -1.00000 0.00000
outer loop
vertex 0.00000 1.51000 0.00000
vertex 0.04596 1.51000 0.04596
vertex 0.02487 1.51000 0.06005
endloop
endfacet
facet normal -0.19509 0.00000 -0.98079
outer loop
vertex 0.02487 1.41000 0.06005
vertex 0.00000 1.41000 0.06500
vertex 0.00000 1.51000 0.06500
endloop
endfacet
facet normal -0.19509 0.00000 -0.98079
outer loop
vertex 0.02487 1.41000 0.06005
vertex 0.00000 1.51000 0.06500
vertex 0.02487 1.51000 0.06005
endloop
endfacet
facet normal 0.00000 1.00000 0.00000
outer loop
vertex 0.00000 1.41000 0.00000
vertex 0.00000 1.41000 0.06500
vertex 0.02487 1.41000 0.06005
endloop
endfacet
facet normal 0.00000 -1.00000 0.00000
outer loop
vertex 0.00000 1.51000 0.00000
vertex 0.02487 1.51000 0.06005
vertex 0.00000 1.51000 0.06500
endloop
endfacet
facet normal 0.19509 0.00000 -0.98079
outer loop
vertex 0.00000 1.41000 0.06500
vertex -0.02487 1.41000 0.06005
vertex -0.02487 1.51000 0.06005
endloop
endfacet
facet normal 0.19509 0.00000 -0.98079
outer loop
vertex 0.00000 1.41000 0.06500
vertex -0.02487 1.51000 0.06005
vertex 0.00000 1.51000 0.06500
endloop
endfacet
facet normal 0.00000 1.00000 0.00000
outer loop
vertex 0.00000 1.41000 0.00000
vertex -0.02487 1.41000 0.06005
vertex 0.00000 1.41000 0.06500
endloop
endfacet
facet normal 0.00000 -1.00000 0.00000
outer loop
vertex 0.00000 1.51000 0.00000
vertex 0.00000 1.51000 0.06500
vertex -0.02487 1.51000 0.06005
endloop
endfacet
facet normal 0.55557 0.00000 -0.83147
outer loop
vertex -0.02487 1.41000 0.06005
vertex -0.04596 1.41000 0.04596
vertex -0.04596 1.51000 0.04596
endloop
endfacet
facet normal 0.55557 0.00000 -0.83147
outer loop
vertex -0.02487 1.41000 0.06005
vertex -0.04596 1.51000 0.04596
vertex -0.02487 1.51000 0.06005
endloop
endfacet
facet normal 0.00000 1.00000 0.00000
outer loop
vertex 0.00000 1.41000 0.00000
vertex -0.04596 1.41000 0.04596
vertex -0.02487 1.41000 0.06005
endloop
endfacet
facet normal 0.00000 -1.00000 0.00000
outer loop
vertex 0.00000 1.51000 0.00000
vertex -0.02487 1.51000 0.06005
vertex -0.04596 1.51000 0.04596
endloop
endfacet
facet normal 0.83147 0.00000 -0.55557
outer loop
vertex -0.04596 1.41000 0.04596
vertex -0.06005 1.41000 0.02487
vertex -0.06005 1.51000 0.02487
endloop
endfacet
facet normal 0.83147 0.00000 -0.55557
outer loop
vertex -0.04596 1.41000 0.04596
vertex -0.06005 1.51000 0.02487
vertex -0.04596 1.51000 0.04596
endloop
endfacet
facet normal 0.00000 1.00000 0.00000
outer loop
vertex 0.00000 1.41000 0.00000
vertex -0.06005 1.41000 0.02487
vertex -0.04596 1.41000 0.04596
endloop
endfacet
facet normal 0.00000 -1.00000 0.00000
outer loop
vertex 0.00000 1.51000 0.00000
vertex -0.04596 1.51000 0.04596
vertex -0.06005 1.51000 0.02487
endloop
endfacet
facet normal 0.98079 0.00000 -0.19509
outer loop
vertex -0.06005 1.41000 0.02487
vertex -0.06500 1.41000 0.00000
vertex -0.06500 1.51000 0.00000
endloop
endfacet
facet normal 0.98079 0.00000 -0.19509
outer loop
vertex -0.06005 1.41000 0.02487
vertex -0.06500 1.51000 0.00000
vertex -0.06005 1.51000 0.02487
endloop
endfacet
facet normal 0.00000 1.00000 0.00000
outer loop
vertex 0.00000 1.41000 0.00000
vertex -0.06500 1.41000 0.00000
vertex -0.06005 1.41000 0.02487
endloop
endfacet
facet normal 0.00000 -1.00000 0.00000
outer loop
vertex 0.00000 1.51000 0.00000
vertex -0.06005 1.51000 0.02487
vertex -0.06500 1.51000 0.00000
endloop
endfacet
facet normal 0.98079 0.00000 0.19509
outer loop
vertex -0.06500 1.41000 0.00000
vertex -0.06005 1.41000 -0.02487
vertex -0.06005 1.51000 -0.02487
endloop
endfacet
facet normal 0.98079 0.00000 0.19509
outer loop
vertex -0.06500 1.41000 0.00000
vertex -0.06005 1.51000 -0.02487
vertex -0.06500 1.51000 0.00000
endloop
endfacet
facet normal 0.00000 1.00000 0.00000
outer loop
vertex 0.00000 1.41000 0.00000
vertex -0.06005 1.41000 -0.02487
vertex -0.06500 1.41000 0.00000
endloop
endfacet
facet normal 0.00000 -1.00000 0.00000
outer loop
vertex 0.00000 1.51000 0.00000
vertex -0.06500 1.51000 0.00000
vertex -0.06005 1.51000 -0.02487
endloop
endfacet
facet normal 0.83147 0.00000 0.55557
outer loop
vertex -0.06005 1.41000 -0.02487
vertex -0.04596 1.41000 -0.04596
vertex -0.04596 1.51000 -0.04596
endloop
endfacet
facet normal 0.83147 0.00000 0.55557
outer loop
vertex -0.06005 1.41000 -0.02487
vertex -0.04596 1.51000 -0.04596
vertex -0.06005 1.51000 -0.02487
endloop
endfacet
facet normal 0.00000 1.00000 0.00000
outer loop
vertex 0.00000 1.41000 0.00000
vertex -0.04596 1.41000 -0.04596
vertex -0.06005 1.41000 -0.02487
endloop
endfacet
facet normal 0.00000 -1.00000 0.00000
outer loop
vertex 0.00000 1.51000 0.00000
vertex -0.06005 1.51000 -0.02487
vertex -0.04596 1.51000 -0.04596
endloop
endfacet
facet normal 0.55557 0.00000 0.83147
outer loop
vertex -0.04596 1.41000 -0.04596
vertex -0.02487 1.41000 -0.06005
vertex -0.02487 1.51000 -0.06005
endloop
endfacet
facet normal 0.55557 0.00000 0.83147
outer loop
vertex -0.04596 1.41000 -0.04596
vertex -0.02487 1.51000 -0.06005
vertex -0.04596 1.51000 -0.04596
endloop
endfacet
facet normal 0.00000 1.00000 0.00000
outer loop
vertex 0.00000 1.41000 0.00000
vertex -0.02487 1.41000 -0.06005
vertex -0.04596 1.41000 -0.04596
endloop
endfacet
facet normal 0.00000 -1.00000 0.00000
outer loop
vertex 0.00000 1.51000 0.00000
vertex -0.04596 1.51000 -0.04596
vertex -0.02487 1.51000 -0.06005
endloop
endfacet
facet normal 0.19509 0.00000 0.98079
outer loop
vertex -0.02487 1.41000 -0.06005
vertex -0.00000 1.41000 -0.06500
vertex -0.00000 1.51000 -0.06500
endloop
endfacet
facet normal 0.19509 0.00000 0.98079
outer loop
vertex -0.02487 1.41000 -0.06005
vertex -0.00000 1.51000 -0.06500
vertex -0.02487 1.51000 -0.06005
endloop
endfacet
facet normal 0.00000 1.00000 0.00000
outer loop
vertex 0.00000 1.41000 0.00000
vertex -0.00000 1.41000 -0.06500
vertex -0.02487 1.41000 -0.06005
endloop
endfacet
facet normal 0.00000 -1.00000 0.00000
outer loop
vertex 0.00000 1.51000 0.00000
vertex -0.02487 1.51000 -0.06005
vertex -0.00000 1.51000 -0.06500
endloop
endfacet
facet normal -0.19509 0.00000 0.98079
outer loop
vertex -0.00000 1.41000 -0.06500
vertex 0.02487 1.41000 -0.06005
vertex 0.02487 1.51000 -0.06005
endloop
endfacet
facet normal -0.19509 0.00000 0.98079
outer loop
vertex -0.00000 1.41000 -0.06500
vertex 0.02487 1.51000 -0.06005
vertex -0.00000 1.51000 -0.06500
endloop
endfacet
facet normal 0.00000 1.00000 0.00000
outer loop
vertex 0.00000 1.41000 0.00000
vertex 0.02487 1.41000 -0.06005
vertex -0.00000 1.41000 -0.06500
endloop
endfacet
facet normal 0.00000 -1.00000 0.00000
outer loop
vertex 0.00000 1.51000 0.00000
vertex -0.00000 1.51000 -0.06500
vertex 0.02487 1.51000 -0.06005
endloop
endfacet
facet normal -0.55557 0.00000 0.83147
outer loop
vertex 0.02487 1.41000 -0.06005
vertex 0.04596 1.41000 -0.04596
vertex 0.04596 1.51000 -0.04596
endloop
endfacet
facet normal -0.55557 0.00000 0.83147
outer loop
vertex 0.02487 1.41000 -0.06005
vertex 0.04596 1.51000 -0.04596
vertex 0.02487 1.51000 -0.06005
endloop
endfacet
facet normal 0.00000 1.00000 0.00000
outer loop
vertex 0.00000 1.41000 0.00000
vertex 0.04596 1.41000 -0.04596
vertex 0.02487 1.41000 -0.06005
endloop
endfacet
facet normal 0.00000 -1.00000 0.00000
outer loop
vertex 0.00000 1.51000 0.00000
vertex 0.02487 1.51000 -0.06005
vertex 0.04596 1.51000 -0.04596
endloop
endfacet
facet normal -0.83147 0.00000 0.55557
outer loop
vertex 0.04596 1.41000 -0.04596
vertex 0.06005 1.41000 -0.02487
vertex 0.06005 1.51000 -0.02487
endloop
endfacet
facet normal -0.83147 0.00000 0.55557
outer loop
vertex 0.04596 1.41000 -0.04596
vertex 0.06005 1.51000 -0.02487
vertex 0.04596 1.51000 -0.04596
endloop
endfacet
facet normal 0.00000 1.00000 0.00000
outer loop
vertex 0.00000 1.41000 0.00000
vertex 0.06005 1.41000 -0.02487
vertex 0.04596 1.41000 -0.04596
endloop
endfacet
facet normal 0.00000 -1.00000 0.00000
outer loop
vertex 0.00000 1.51000 0.00000
vertex 0.04596 1.51000 -0.04596
vertex 0.06005 1.51000 -0.02487
endloop
endfacet
facet normal -0.98079 0.00000 0.19509
outer loop
vertex 0.06005 1.41000 -0.02487
vertex 0.06500 1.41000 -0.00000
vertex 0.06500 1.51000 -0.00000
endloop
endfacet
facet normal -0.98079 0.00000 0.19509
outer loop
vertex 0.06005 1.41000 -0.02487
vertex 0.06500 1.51000 -0.00000
vertex 0.06005 1.51000 -0.02487
endloop
endfacet
facet normal 0.00000 1.00000 0.00000
outer loop
vertex 0.00000 1.41000 0.00000
vertex 0.06500 1.41000 -0.00000
vertex 0.06005 1.41000 -0.02487
endloop
endfacet
facet normal 0.00000 -1.00000 0.00000
outer loop
vertex 0.00000 1.51000 0.00000
vertex 0.06005 1.51000 -0.02487
vertex 0.06500 1.51000 -0.00000
endloop
endfacet
facet normal -0.22687 0.97280 -0.04674
outer loop
vertex 0.00000 1.45000 0.00000
vertex 0.00000 1.45000 0.00000
vertex 0.05127 1.46294 0.02050
endloop
endfacet
facet normal -0.22687 0.97280 -0.04674
outer loop
vertex 0.00000 1.45000 0.00000
vertex 0.05127 1.46294 0.02050
vertex 0.05549 1.46294 0.00000
endloop
endfacet
facet normal -0.19223 0.97229 -0.13303
outer loop
vertex 0.00000 1.45000 0.00000
vertex 0.00000 1.45000 0.00000
vertex 0.03924 1.46294 0.03788
endloop
endfacet
facet normal -0.19223 0.97229 -0.13303
outer loop
vertex 0.00000 1.45000 0.00000
vertex 0.03924 1.46294 0.03788
vertex 0.05127 1.46294 0.02050
endloop
endfacet
facet normal -0.12835 0.97157 -0.19894
outer loop
vertex 0.00000 1.45000 0.00000
vertex 0.00000 1.45000 0.00000
vertex 0.02123 1.46294 0.04950
endloop
endfacet
facet normal -0.12835 0.97157 -0.19894
outer loop
vertex 0.00000 1.45000 0.00000
vertex 0.02123 1.46294 0.04950
vertex 0.03924 1.46294 0.03788
endloop
endfacet
facet normal -0.04505 0.97106 -0.23455
outer loop
vertex 0.00000 1.45000 0.00000
vertex 0.00000 1.45000 0.00000
vertex 0.00000 1.46294 0.05358
endloop
endfacet
facet normal -0.04505 0.97106 -0.23455
outer loop
vertex 0.00000 1.45000 0.00000
vertex 0.00000 1.46294 0.05358
vertex 0.02123 1.46294 0.04950
endloop
endfacet
facet normal 0.04505 0.97106 -0.23455
outer loop
vertex 0.00000 1.45000 0.00000
vertex -0.00000 1.45000 0.00000
vertex -0.02123 1.46294 0.04950
endloop
endfacet
facet normal 0.04505 0.97106 -0.23455
outer loop
vertex 0.00000 1.45000 0.00000
vertex -0.02123 1.46294 0.04950
vertex 0.00000 1.46294 0.05358
endloop
endfacet
facet normal 0.12835 0.97157 -0.19894
outer loop
vertex -0.00000 1.45000 0.00000
vertex -0.00000 1.45000 0.00000
vertex -0.03924 1.46294 0.03788
endloop
endfacet
facet normal 0.12835 0.97157 -0.19894
outer loop
vertex -0.00000 1.45000 0.00000
vertex -0.03924 1.46294 0.03788
vertex -0.02123 1.46294 0.04950
endloop
endfacet
facet normal 0.19223 0.97229 -0.13303
outer loop
vertex -0.00000 1.45000 0.00000
vertex -0.00000 1.45000 0.00000
vertex -0.05127 1.46294 0.02050
endloop
endfacet
facet normal 0.19223 0.97229 -0.13303
outer loop
vertex -0.00000 1.45000 0.00000
vertex -0.05127 1.46294 0.02050
vertex -0.03924 1.46294 0.03788
endloop
endfacet
facet normal 0.22687 0.97280 -0.04674
outer loop
vertex -0.00000 1.45000 0.00000
vertex -0.00000 1.45000 0.00000
vertex -0.05549 1.46294 0.00000
endloop
endfacet
facet normal 0.22687 0.97280 -0.04674
outer loop
vertex -0.00000 1.45000 0.00000
vertex -0.05549 1.46294 0.00000
vertex -0.05127 1.46294 0.02050
endloop
endfacet
facet normal 0.22687 0.97280 0.04674
outer loop
vertex -0.00000 1.45000 0.00000
vertex -0.00000 1.45000 -0.00000
vertex -0.05127 1.46294 -0.02050
endloop
endfacet
facet normal 0.22687 0.97280 0.04674
outer loop
vertex -0.00000 1.45000 0.00000
vertex -0.05127 1.46294 -0.02050
vertex -0.05549 1.46294 0.00000
endloop
endfacet
facet normal 0.19223 0.97229 0.13303
outer loop
vertex -0.00000 1.45000 -0.00000
vertex -0.00000 1.45000 -0.00000
vertex -0.03924 1.46294 -0.03788
endloop
endfacet
facet normal 0.19223 0.97229 0.13303
outer loop
vertex -0.00000 1.45000 -0.00000
vertex -0.03924 1.46294 -0.03788
vertex -0.05127 1.46294 -0.02050
endloop
endfacet
facet normal 0.12835 0.97157 0.19894
outer loop
vertex -0.00000 1.45000 -0.00000
vertex -0.00000 1.45000 -0.00000
vertex -0.02123 1.46294 -0.04950
endloop
endfacet
facet normal 0.12835 0.97157 0.19894
outer loop
vertex -0.00000 1.45000 -0.00000
vertex -0.02123 1.46294 -0.04950
vertex -0.03924 1.46294 -0.03788
endloop
endfacet
facet normal 0.04505 0.97106 0.23455
outer loop
vertex -0.00000 1.45000 -0.00000
vertex -0.00000 1.45000 -0.00000
vertex -0.00000 1.46294 -0.05358
endloop
endfacet
facet normal 0.04505 0.97106 0.23455
outer loop
vertex -0.00000 1.45000 -0.00000
vertex -0.00000 1.46294 -0.05358
vertex -0.02123 1.46294 -0.04950
endloop
endfacet
facet normal -0.04505 0.97106 0.23455
outer loop
vertex -0.00000 1.45000 -0.00000
vertex 0.00000 1.45000 -0.00000
vertex 0.02123 1.46294 -0.04950
endloop
endfacet
facet normal -0.04505 0.97106 0.23455
outer loop
vertex -0.00000 1.45000 -0.00000
vertex 0.02123 1.46294 -0.04950
vertex -0.00000 1.46294 -0.05358
endloop
endfacet
facet normal -0.12835 0.97157 0.19894
outer loop
vertex 0.00000 1.45000 -0.00000
vertex 0.00000 1.45000 -0.00000
vertex 0.03924 1.46294 -0.03788
endloop
endfacet
facet normal -0.12835 0.97157 0.19894
outer loop
vertex 0.00000 1.45000 -0.00000
vertex 0.03924 1.46294 -0.03788
vertex 0.02123 1.46294 -0.04950
endloop
endfacet
facet normal -0.19223 0.97229 0.13303
outer loop
vertex 0.00000 1.45000 -0.00000
vertex 0.00000 1.45000 -0.00000
vertex 0.05127 1.46294 -0.02050
endloop
endfacet
facet normal -0.19223 0.97229 0.13303
outer loop
vertex 0.00000 1.45000 -0.00000
vertex 0.05127 1.46294 -0.02050
vertex 0.03924 1.46294 -0.03788
endloop
endfacet
facet normal -0.22687 0.97280 0.04674
outer loop
vertex 0.00000 1.45000 -0.00000
vertex 0.00000 1.45000 -0.00000
vertex 0.05549 1.46294 -0.00000
endloop
endfacet
facet normal -0.22687 0.97280 0.04674
outer loop
vertex 0.00000 1.45000 -0.00000
vertex 0.05549 1.46294 -0.00000
vertex 0.05127 1.46294 -0.02050
endloop
endfacet
facet normal -0.61177 0.78093 -0.12603
outer loop
vertex 0.05549 1.46294 0.00000
vertex 0.05127 1.46294 0.02050
vertex 0.09473 1.49979 0.03788
endloop
endfacet
facet normal -0.61177 0.78093 -0.12603
outer loop
vertex 0.05549 1.46294 0.00000
vertex 0.09473 1.49979 0.03788
vertex 0.10253 1.49979 0.00000
endloop
endfacet
facet normal -0.51666 0.77796 -0.35755
outer loop
vertex 0.05127 1.46294 0.02050
vertex 0.03924 1.46294 0.03788
vertex 0.07250 1.49979 0.07000
endloop
endfacet
facet normal -0.51666 0.77796 -0.35755
outer loop
vertex 0.05127 1.46294 0.02050
vertex 0.07250 1.49979 0.07000
vertex 0.09473 1.49979 0.03788
endloop
endfacet
facet normal -0.34338 0.77382 -0.53226
outer loop
vertex 0.03924 1.46294 0.03788
vertex 0.02123 1.46294 0.04950
vertex 0.03924 1.49979 0.09146
endloop
endfacet
facet normal -0.34338 0.77382 -0.53226
outer loop
vertex 0.03924 1.46294 0.03788
vertex 0.03924 1.49979 0.09146
vertex 0.07250 1.49979 0.07000
endloop
endfacet
facet normal -0.12013 0.77092 -0.62550
outer loop
vertex 0.02123 1.46294 0.04950
vertex 0.00000 1.46294 0.05358
vertex 0.00000 1.49979 0.09899
endloop
endfacet
facet normal -0.12013 0.77092 -0.62550
outer loop
vertex 0.02123 1.46294 0.04950
vertex 0.00000 1.49979 0.09899
vertex 0.03924 1.49979 0.09146
endloop
endfacet
facet normal 0.12013 0.77092 -0.62550
outer loop
vertex 0.00000 1.46294 0.05358
vertex -0.02123 1.46294 0.04950
vertex -0.03924 1.49979 0.09146
endloop
endfacet
facet normal 0.12013 0.77092 -0.62550
outer loop
vertex 0.00000 1.46294 0.05358
vertex -0.03924 1.49979 0.09146
vertex 0.00000 1.49979 0.09899
endloop
endfacet
facet normal 0.34338 0.77382 -0.53226
outer loop
vertex -0.02123 1.46294 0.04950
vertex -0.03924 1.46294 0.03788
vertex -0.07250 1.49979 0.07000
endloop
endfacet
facet normal 0.34338 0.77382 -0.53226
outer loop
vertex -0.02123 1.46294 0.04950
vertex -0.07250 1.49979 0.07000
vertex -0.03924 1.49979 0.09146
endloop
endfacet
facet normal 0.51666 0.77796 -0.35755
outer loop
vertex -0.03924 1.46294 0.03788
vertex -0.05127 1.46294 0.02050
vertex -0.09473 1.49979 0.03788
endloop
endfacet
facet normal 0.51666 0.77796 -0.35755
outer loop
vertex -0.03924 1.46294 0.03788
vertex -0.09473 1.49979 0.03788
vertex -0.07250 1.49979 0.07000
endloop
endfacet
facet normal 0.61177 0.78093 -0.12603
outer loop
vertex -0.05127 1.46294 0.02050
vertex -0.05549 1.46294 0.00000
vertex -0.10253 1.49979 0.00000
endloop
endfacet
facet normal 0.61177 0.78093 -0.12603
outer loop
vertex -0.05127 1.46294 0.02050
vertex -0.10253 1.49979 0.00000
vertex -0.09473 1.49979 0.03788
endloop
endfacet
facet normal 0.61177 0.78093 0.12603
outer loop
vertex -0.05549 1.46294 0.00000
vertex -0.05127 1.46294 -0.02050
vertex -0.09473 1.49979 -0.03788
endloop
endfacet
facet normal 0.61177 0.78093 0.12603
outer loop
vertex -0.05549 1.46294 0.00000
vertex -0.09473 1.49979 -0.03788
vertex -0.10253 1.49979 0.00000
endloop
endfacet
facet normal 0.51666 0.77796 0.35755
outer loop
vertex -0.05127 1.46294 -0.02050
vertex -0.03924 1.46294 -0.03788
vertex -0.07250 1.49979 -0.07000
endloop
endfacet
facet normal 0.51666 0.77796 0.35755
outer loop
vertex -0.05127 1.46294 -0.02050
vertex -0.07250 1.49979 -0.07000
vertex -0.09473 1.49979 -0.03788
endloop
endfacet
facet normal 0.34338 0.77382 0.53226
outer loop
vertex -0.03924 1.46294 -0.03788
vertex -0.02123 1.46294 -0.04950
vertex -0.03924 1.49979 -0.09146
endloop
endfacet
facet normal 0.34338 0.77382 0.53226
outer loop
vertex -0.03924 1.46294 -0.03788
vertex -0.03924 1.49979 -0.09146
vertex -0.07250 1.49979 -0.07000
endloop
endfacet
facet normal 0.12013 0.77092 0.62550
outer loop
vertex -0.02123 1.46294 -0.04950
vertex -0.00000 1.46294 -0.05358
vertex -0.00000 1.49979 -0.09899
endloop
endfacet
facet normal 0.12013 0.77092 0.62550
outer loop
vertex -0.02123 1.46294 -0.04950
vertex -0.00000 1.49979 -0.09899
vertex -0.03924 1.49979 -0.09146
endloop
endfacet
facet normal -0.12013 0.77092 0.62550
outer loop
vertex -0.00000 1.46294 -0.05358
vertex 0.02123 1.46294 -0.04950
vertex 0.03924 1.49979 -0.09146
endloop
endfacet
facet normal -0.12013 0.77092 0.62550
outer loop
vertex -0.00000 1.46294 -0.05358
vertex 0.03924 1.49979 -0.09146
vertex -0.00000 1.49979 -0.09899
endloop
endfacet
facet normal -0.34338 0.77382 0.53226
outer loop
vertex 0.02123 1.46294 -0.04950
vertex 0.03924 1.46294 -0.03788
vertex 0.07250 1.49979 -0.07000
endloop
endfacet
facet normal -0.34338 0.77382 0.53226
outer loop
vertex 0.02123 1.46294 -0.04950
vertex 0.07250 1.49979 -0.07000
vertex 0.03924 1.49979 -0.09146
endloop
endfacet
facet normal -0.51666 0.77796 0.35755
outer loop
vertex 0.03924 1.46294 -0.03788
vertex 0.05127 1.46294 -0.02050
vertex 0.09473 1.49979 -0.03788
endloop
endfacet
facet normal -0.51666 0.77796 0.35755
outer loop
vertex 0.03924 1.46294 -0.03788
vertex 0.09473 1.49979 -0.03788
vertex 0.07250 1.49979 -0.07000
endloop
endfacet
facet normal -0.61177 0.78093 0.12603
outer loop
vertex 0.05127 1.46294 -0.02050
vertex 0.05549 1.46294 -0.00000
vertex 0.10253 1.49979 -0.00000
endloop
endfacet
facet normal -0.61177 0.78093 0.12603
outer loop
vertex 0.05127 1.46294 -0.02050
vertex 0.10253 1.49979 -0.00000
vertex 0.09473 1.49979 -0.03788
endloop
endfacet
facet normal -0.85522 0.48740 -0.17619
outer loop
vertex 0.10253 1.49979 0.00000
vertex 0.09473 1.49979 0.03788
vertex 0.12377 1.55494 0.04950
endloop
endfacet
facet normal -0.85522 0.48740 -0.17619
outer loop
vertex 0.10253 1.49979 0.00000
vertex 0.12377 1.55494 0.04950
vertex 0.13396 1.55494 0.00000
endloop
endfacet
facet normal -0.71966 0.48380 -0.49803
outer loop
vertex 0.09473 1.49979 0.03788
vertex 0.07250 1.49979 0.07000
vertex 0.09473 1.55494 0.09146
endloop
endfacet
facet normal -0.71966 0.48380 -0.49803
outer loop
vertex 0.09473 1.49979 0.03788
vertex 0.09473 1.55494 0.09146
vertex 0.12377 1.55494 0.04950
endloop
endfacet
facet normal -0.47592 0.47883 -0.73771
outer loop
vertex 0.07250 1.49979 0.07000
vertex 0.03924 1.49979 0.09146
vertex 0.05127 1.55494 0.11950
endloop
endfacet
facet normal -0.47592 0.47883 -0.73771
outer loop
vertex 0.07250 1.49979 0.07000
vertex 0.05127 1.55494 0.11950
vertex 0.09473 1.55494 0.09146
endloop
endfacet
facet normal -0.16593 0.47541 -0.86397
outer loop
vertex 0.03924 1.49979 0.09146
vertex 0.00000 1.49979 0.09899
vertex 0.00000 1.55494 0.12934
endloop
endfacet
facet normal -0.16593 0.47541 -0.86397
outer loop
vertex 0.03924 1.49979 0.09146
vertex 0.00000 1.55494 0.12934
vertex 0.05127 1.55494 0.11950
endloop
endfacet
facet normal 0.16593 0.47541 -0.86397
outer loop
vertex 0.00000 1.49979 0.09899
vertex -0.03924 1.49979 0.09146
vertex -0.05127 1.55494 0.11950
endloop
endfacet
facet normal 0.16593 0.47541 -0.86397
outer loop
vertex 0.00000 1.49979 0.09899
vertex -0.05127 1.55494 0.11950
vertex 0.00000 1.55494 0.12934
endloop
endfacet
facet normal 0.47592 0.47883 -0.73771
outer loop
vertex -0.03924 1.49979 0.09146
vertex -0.07250 1.49979 0.07000
vertex -0.09473 1.55494 0.09146
endloop
endfacet
facet normal 0.47592 0.47883 -0.73771
outer loop
vertex -0.03924 1.49979 0.09146
vertex -0.09473 1.55494 0.09146
vertex -0.05127 1.55494 0.11950
endloop
endfacet
facet normal 0.71966 0.48380 -0.49803
outer loop
vertex -0.07250 1.49979 0.07000
vertex -0.09473 1.49979 0.03788
vertex -0.12377 1.55494 0.04950
endloop
endfacet
facet normal 0.71966 0.48380 -0.49803
outer loop
vertex -0.07250 1.49979 0.07000
vertex -0.12377 1.55494 0.04950
vertex -0.09473 1.55494 0.09146
endloop
endfacet
facet normal 0.85522 0.48740 -0.17619
outer loop
vertex -0.09473 1.49979 0.03788
vertex -0.10253 1.49979 0.00000
vertex -0.13396 1.55494 0.00000
endloop
endfacet
facet normal 0.85522 0.48740 -0.17619
outer loop
vertex -0.09473 1.49979 0.03788
vertex -0.13396 1.55494 0.00000
vertex -0.12377 1.55494 0.04950
endloop
endfacet
facet normal 0.85522 0.48740 0.17619
outer loop
vertex -0.10253 1.49979 0.00000
vertex -0.09473 1.49979 -0.03788
vertex -0.12377 1.55494 -0.04950
endloop
endfacet
facet normal 0.85522 0.48740 0.17619
outer loop
vertex -0.10253 1.49979 0.00000
vertex -0.12377 1.55494 -0.04950
vertex -0.13396 1.55494 0.00000
endloop
endfacet
facet normal 0.71966 0.48380 0.49803
outer loop
vertex -0.09473 1.49979 -0.03788
vertex -0.07250 1.49979 -0.07000
vertex -0.09473 1.55494 -0.09146
endloop
endfacet
facet normal 0.71966 0.48380 0.49803
outer loop
vertex -0.09473 1.49979 -0.03788
vertex -0.09473 1.55494 -0.09146
vertex -0.12377 1.55494 -0.04950
endloop
endfacet
facet normal 0.47592 0.47883 0.73771
outer loop
vertex -0.07250 1.49979 -0.07000
vertex -0.03924 1.49979 -0.09146
vertex -0.05127 1.55494 -0.11950
endloop
endfacet
facet normal 0.47592 0.47883 0.73771
outer loop
vertex -0.07250 1.49979 -0.07000
vertex -0.05127 1.55494 -0.11950
vertex -0.09473 1.55494 -0.09146
endloop
endfacet
facet normal 0.16593 0.47541 0.86397
outer loop
vertex -0.03924 1.49979 -0.09146
vertex -0.00000 1.49979 -0.09899
vertex -0.00000 1.55494 -0.12934
endloop
endfacet
facet normal 0.16593 0.47541 0.86397
outer loop
vertex -0.03924 1.49979 -0.09146
vertex -0.00000 1.55494 -0.12934
vertex -0.05127 1.55494 -0.11950
endloop
endfacet
facet normal -0.16593 0.47541 0.86397
outer loop
vertex -0.00000 1.49979 -0.09899
vertex 0.03924 1.49979 -0.09146
vertex 0.05127 1.55494 -0.11950
endloop
endfacet
facet normal -0.16593 0.47541 0.86397
outer loop
vertex -0.00000 1.49979 -0.09899
vertex 0.05127 1.55494 -0.11950
vertex -0.00000 1.55494 -0.12934
endloop
endfacet
facet normal -0.47592 0.47883 0.73771
outer loop
vertex 0.03924 1.49979 -0.09146
vertex 0.07250 1.49979 -0.07000
vertex 0.09473 1.55494 -0.09146
endloop
endfacet
facet normal -0.47592 0.47883 0.73771
outer loop
vertex 0.03924 1.49979 -0.09146
vertex 0.09473 1.55494 -0.09146
vertex 0.05127 1.55494 -0.11950
endloop
endfacet
facet normal -0.71966 0.48380 0.49803
outer loop
vertex 0.07250 1.49979 -0.07000
vertex 0.09473 1.49979 -0.03788
vertex 0.12377 1.55494 -0.04950
endloop
endfacet
facet normal -0.71966 0.48380 0.49803
outer loop
vertex 0.07250 1.49979 -0.07000
vertex 0.12377 1.55494 -0.04950
vertex 0.09473 1.55494 -0.09146
endloop
endfacet
facet normal -0.85522 0.48740 0.17619
outer loop
vertex 0.09473 1.49979 -0.03788
vertex 0.10253 1.49979 -0.00000
vertex 0.13396 1.55494 -0.00000
endloop
endfacet
facet normal -0.85522 0.48740 0.17619
outer loop
vertex 0.09473 1.49979 -0.03788
vertex 0.13396 1.55494 -0.00000
vertex 0.12377 1.55494 -0.04950
endloop
endfacet
facet normal -0.96618 0.16392 -0.19905
outer loop
vertex 0.13396 1.55494 0.00000
vertex 0.12377 1.55494 0.04950
vertex 0.13396 1.62000 0.05358
endloop
endfacet
facet normal -0.96618 0.16392 -0.19905
outer loop
vertex 0.13396 1.55494 0.00000
vertex 0.13396 1.62000 0.05358
vertex 0.14500 1.62000 0.00000
endloop
endfacet
facet normal -0.81138 0.16238 -0.56151
outer loop
vertex 0.12377 1.55494 0.04950
vertex 0.09473 1.55494 0.09146
vertex 0.10253 1.62000 0.09899
endloop
endfacet
facet normal -0.81138 0.16238 -0.56151
outer loop
vertex 0.12377 1.55494 0.04950
vertex 0.10253 1.62000 0.09899
vertex 0.13396 1.62000 0.05358
endloop
endfacet
facet normal -0.53511 0.16027 -0.82944
outer loop
vertex 0.09473 1.55494 0.09146
vertex 0.05127 1.55494 0.11950
vertex 0.05549 1.62000 0.12934
endloop
endfacet
facet normal -0.53511 0.16027 -0.82944
outer loop
vertex 0.09473 1.55494 0.09146
vertex 0.05549 1.62000 0.12934
vertex 0.10253 1.62000 0.09899
endloop
endfacet
facet normal -0.18621 0.15883 -0.96959
outer loop
vertex 0.05127 1.55494 0.11950
vertex 0.00000 1.55494 0.12934
vertex 0.00000 1.62000 0.14000
endloop
endfacet
facet normal -0.18621 0.15883 -0.96959
outer loop
vertex 0.05127 1.55494 0.11950
vertex 0.00000 1.62000 0.14000
vertex 0.05549 1.62000 0.12934
endloop
endfacet
facet normal 0.18621 0.15883 -0.96959
outer loop
vertex 0.00000 1.55494 0.12934
vertex -0.05127 1.55494 0.11950
vertex -0.05549 1.62000 0.12934
endloop
endfacet
facet normal 0.18621 0.15883 -0.96959
outer loop
vertex 0.00000 1.55494 0.12934
vertex -0.05549 1.62000 0.12934
vertex 0.00000 1.62000 0.14000
endloop
endfacet
facet normal 0.53511 0.16027 -0.82944
outer loop
vertex -0.05127 1.55494 0.11950
vertex -0.09473 1.55494 0.09146
vertex -0.10253 1.62000 0.09899
endloop
endfacet
facet normal 0.53511 0.16027 -0.82944
outer loop
vertex -0.05127 1.55494 0.11950
vertex -0.10253 1.62000 0.09899
vertex -0.05549 1.62000 0.12934
endloop
endfacet
facet normal 0.81138 0.16238 -0.56151
outer loop
vertex -0.09473 1.55494 0.09146
vertex -0.12377 1.55494 0.04950
vertex -0.13396 1.62000 0.05358
endloop
endfacet
facet normal 0.81138 0.16238 -0.56151
outer loop
vertex -0.09473 1.55494 0.09146
vertex -0.13396 1.62000 0.05358
vertex -0.10253 1.62000 0.09899
endloop
endfacet
facet normal 0.96618 0.16392 -0.19905
outer loop
vertex -0.12377 1.55494 0.04950
vertex -0.13396 1.55494 0.00000
vertex -0.14500 1.62000 0.00000
endloop
endfacet
facet normal 0.96618 0.16392 -0.19905
outer loop
vertex -0.12377 1.55494 0.04950
vertex -0.14500 1.62000 0.00000
vertex -0.13396 1.62000 0.05358
endloop
endfacet
facet normal 0.96618 0.16392 0.19905
outer loop
vertex -0.13396 1.55494 0.00000
vertex -0.12377 1.55494 -0.04950
vertex -0.13396 1.62000 -0.05358
endloop
endfacet
facet normal 0.96618 0.16392 0.19905
outer loop
vertex -0.13396 1.55494 0.00000
vertex -0.13396 1.62000 -0.05358
vertex -0.14500 1.62000 0.00000
endloop
endfacet
facet normal 0.81138 0.16238 0.56151
outer loop
vertex -0.12377 1.55494 -0.04950
vertex -0.09473 1.55494 -0.09146
vertex -0.10253 1.62000 -0.09899
endloop
endfacet
facet normal 0.81138 0.16238 0.56151
outer loop
vertex -0.12377 1.55494 -0.04950
vertex -0.10253 1.62000 -0.09899
vertex -0.13396 1.62000 -0.05358
endloop
endfacet
facet normal 0.53511 0.16027 0.82944
outer loop
vertex -0.09473 1.55494 -0.09146
vertex -0.05127 1.55494 -0.11950
vertex -0.05549 1.62000 -0.12934
endloop
endfacet
facet normal 0.53511 0.16027 0.82944
outer loop
vertex -0.09473 1.55494 -0.09146
vertex -0.05549 1.62000 -0.12934
vertex -0.10253 1.62000 -0.09899
endloop
endfacet
facet normal 0.18621 0.15883 0.96959
outer loop
vertex -0.05127 1.55494 -0.11950
vertex -0.00000 1.55494 -0.12934
vertex -0.00000 1.62000 -0.14000
endloop
endfacet
facet normal 0.18621 0.15883 0.96959
outer loop
vertex -0.05127 1.55494 -0.11950
vertex -0.00000 1.62000 -0.14000
vertex -0.05549 1.62000 -0.12934
endloop
endfacet
facet normal -0.18621 0.15883 0.96959
outer loop
vertex -0.00000 1.55494 -0.12934
vertex 0.05127 1.55494 -0.11950
vertex 0.05549 1.62000 -0.12934
endloop
endfacet
facet normal -0.18621 0.15883 0.96959
outer loop
vertex -0.00000 1.55494 -0.12934
vertex 0.05549 1.62000 -0.12934
vertex -0.00000 1.62000 -0.14000
endloop
endfacet
facet normal -0.53511 0.16027 0.82944
outer loop
vertex 0.05127 1.55494 -0.11950
vertex 0.09473 1.55494 -0.09146
vertex 0.10253 1.62000 -0.09899
endloop
endfacet
facet normal -0.53511 0.16027 0.82944
outer loop
vertex 0.05127 1.55494 -0.11950
vertex 0.10253 1.62000 -0.09899
vertex 0.05549 1.62000 -0.12934
endloop
endfacet
facet normal -0.81138 0.16238 0.56151
outer loop
vertex 0.09473 1.55494 -0.09146
vertex 0.12377 1.55494 -0.04950
vertex 0.13396 1.62000 -0.05358
endloop
endfacet
facet normal -0.81138 0.16238 0.56151
outer loop
vertex 0.09473 1.55494 -0.09146
vertex 0.13396 1.62000 -0.05358
vertex 0.10253 1.62000 -0.09899
endloop
endfacet
facet normal -0.96618 0.16392 0.19905
outer loop
vertex 0.12377 1.55494 -0.04950
vertex 0.13396 1.55494 -0.00000
vertex 0.14500 1.62000 -0.00000
endloop
endfacet
facet normal -0.96618 0.16392 0.19905
outer loop
vertex 0.12377 1.55494 -0.04950
vertex 0.14500 1.62000 -0.00000
vertex 0.13396 1.62000 -0.05358
endloop
endfacet
facet normal -0.96618 -0.16392 -0.19905
outer loop
vertex 0.14500 1.62000 0.00000
vertex 0.13396 1.62000 0.05358
vertex 0.12377 1.68506 0.04950
endloop
endfacet
facet normal -0.96618 -0.16392 -0.19905
outer loop
vertex 0.14500 1.62000 0.00000
vertex 0.12377 1.68506 0.04950
vertex 0.13396 1.68506 0.00000
endloop
endfacet
facet normal -0.81138 -0.16238 -0.56151
outer loop
vertex 0.13396 1.62000 0.05358
vertex 0.10253 1.62000 0.09899
vertex 0.09473 1.68506 0.09146
endloop
endfacet
facet normal -0.81138 -0.16238 -0.56151
outer loop
vertex 0.13396 1.62000 0.05358
vertex 0.09473 1.68506 0.09146
vertex 0.12377 1.68506 0.04950
endloop
endfacet
facet normal -0.53511 -0.16027 -0.82944
outer loop
vertex 0.10253 1.62000 0.09899
vertex 0.05549 1.62000 0.12934
vertex 0.05127 1.68506 0.11950
endloop
endfacet
facet normal -0.53511 -0.16027 -0.82944
outer loop
vertex 0.10253 1.62000 0.09899
vertex 0.05127 1.68506 0.11950
vertex 0.09473 1.68506 0.09146
endloop
endfacet
facet normal -0.18621 -0.15883 -0.96959
outer loop
vertex 0.05549 1.62000 0.12934
vertex 0.00000 1.62000 0.14000
vertex 0.00000 1.68506 0.12934
endloop
endfacet
facet normal -0.18621 -0.15883 -0.96959
outer loop
vertex 0.05549 1.62000 0.12934
vertex 0.00000 1.68506 0.12934
vertex 0.05127 1.68506 0.11950
endloop
endfacet
facet normal 0.18621 -0.15883 -0.96959
outer loop
vertex 0.00000 1.62000 0.14000
vertex -0.05549 1.62000 0.12934
vertex -0.05127 1.68506 0.11950
endloop
endfacet
facet normal 0.18621 -0.15883 -0.96959
outer loop
vertex 0.00000 1.62000 0.14000
vertex -0.05127 1.68506 0.11950
vertex 0.00000 1.68506 0.12934
endloop
endfacet
facet normal 0.53511 -0.16027 -0.82944
outer loop
vertex -0.05549 1.62000 0.12934
vertex -0.10253 1.62000 0.09899
vertex -0.09473 1.68506 0.09146
endloop
endfacet
facet normal 0.53511 -0.16027 -0.82944
outer loop
vertex -0.05549 1.62000 0.12934
vertex -0.09473 1.68506 0.09146
vertex -0.05127 1.68506 0.11950
endloop
endfacet
facet normal 0.81138 -0.16238 -0.56151
outer loop
vertex -0.10253 1.62000 0.09899
vertex -0.13396 1.62000 0.05358
vertex -0.12377 1.68506 0.04950
endloop
endfacet
facet normal 0.81138 -0.16238 -0.56151
outer loop
vertex -0.10253 1.62000 0.09899
vertex -0.12377 1.68506 0.04950
vertex -0.09473 1.68506 0.09146
endloop
endfacet
facet normal 0.96618 -0.16392 -0.19905
outer loop
vertex -0.13396 1.62000 0.05358
vertex -0.14500 1.62000 0.00000
vertex -0.13396 1.68506 0.00000
endloop
endfacet
facet normal 0.96618 -0.16392 -0.19905
outer loop
vertex -0.13396 1.62000 0.05358
vertex -0.13396 1.68506 0.00000
vertex -0.12377 1.68506 0.04950
endloop
endfacet
facet normal 0.96618 -0.16392 0.19905
outer loop
vertex -0.14500 1.62000 0.00000
vertex -0.13396 1.62000 -0.05358
vertex -0.12377 1.68506 -0.04950
endloop
endfacet
facet normal 0.96618 -0.16392 0.19905
outer loop
vertex -0.14500 1.62000 0.00000
vertex -0.12377 1.68506 -0.04950
vertex -0.13396 1.68506 0.00000
endloop
endfacet
facet normal 0.81138 -0.16238 0.56151
outer loop
vertex -0.13396 1.62000 -0.05358
vertex -0.10253 1.62000 -0.09899
vertex -0.09473 1.68506 -0.09146
endloop
endfacet
facet normal 0.81138 -0.16238 0.56151
outer loop
vertex -0.13396 1.62000 -0.05358
vertex -0.09473 1.68506 -0.09146
vertex -0.12377 1.68506 -0.04950
endloop
endfacet
facet normal 0.53511 -0.16027 0.82944
outer loop
vertex -0.10253 1.62000 -0.09899
vertex -0.05549 1.62000 -0.12934
vertex -0.05127 1.68506 -0.11950
endloop
endfacet
facet normal 0.53511 -0.16027 0.82944
outer loop
vertex -0.10253 1.62000 -0.09899
vertex -0.05127 1.68506 -0.11950
vertex -0.09473 1.68506 -0.09146
endloop
endfacet
facet normal 0.18621 -0.15883 0.96959
outer loop
vertex -0.05549 1.62000 -0.12934
vertex -0.00000 1.62000 -0.14000
vertex -0.00000 1.68506 -0.12934
endloop
endfacet
facet normal 0.18621 -0.15883 0.96959
outer loop
vertex -0.05549 1.62000 -0.12934
vertex -0.00000 1.68506 -0.12934
vertex -0.05127 1.68506 -0.11950
endloop
endfacet
facet normal -0.18621 -0.15883 0.96959
outer loop
vertex -0.00000 1.62000 -0.14000
vertex 0.05549 1.62000 -0.12934
vertex 0.05127 1.68506 -0.11950
endloop
endfacet
facet normal -0.18621 -0.15883 0.96959
outer loop
vertex -0.00000 1.62000 -0.14000
vertex 0.05127 1.68506 -0.11950
vertex -0.00000 1.68506 -0.12934
endloop
endfacet
facet normal -0.53511 -0.16027 0.82944
outer loop
vertex 0.05549 1.62000 -0.12934
vertex 0.10253 1.62000 -0.09899
vertex 0.09473 1.68506 -0.09146
endloop
endfacet
facet normal -0.53511 -0.16027 0.82944
outer loop
vertex 0.05549 1.62000 -0.12934
vertex 0.09473 1.68506 -0.09146
vertex 0.05127 1.68506 -0.11950
endloop
endfacet
facet normal -0.81138 -0.16238 0.56151
outer loop
vertex 0.10253 1.62000 -0.09899
vertex 0.13396 1.62000 -0.05358
vertex 0.12377 1.68506 -0.04950
endloop
endfacet
facet normal -0.81138 -0.16238 0.56151
outer loop
vertex 0.10253 1.62000 -0.09899
vertex 0.12377 1.68506 -0.04950
vertex 0.09473 1.68506 -0.09146
endloop
endfacet
facet normal -0.96618 -0.16392 0.19905
outer loop
vertex 0.13396 1.62000 -0.05358
vertex 0.14500 1.62000 -0.00000
vertex 0.13396 1.68506 -0.00000
endloop
endfacet
facet normal -0.96618 -0.16392 0.19905
outer loop
vertex 0.13396 1.62000 -0.05358
vertex 0.13396 1.68506 -0.00000
vertex 0.12377 1.68506 -0.04950
endloop
endfacet
facet normal -0.85522 -0.48740 -0.17619
outer loop
vertex 0.13396 1.68506 0.00000
vertex 0.12377 1.68506 0.04950
vertex 0.09473 1.74021 0.03788
endloop
endfacet
facet normal -0.85522 -0.48740 -0.17619
outer loop
vertex 0.13396 1.68506 0.00000
vertex 0.09473 1.74021 0.03788
vertex 0.10253 1.74021 0.00000
endloop
endfacet
facet normal -0.71966 -0.48380 -0.49803
outer loop
vertex 0.12377 1.68506 0.04950
vertex 0.09473 1.68506 0.09146
vertex 0.07250 1.74021 0.07000
endloop
endfacet
facet normal -0.71966 -0.48380 -0.49803
outer loop
vertex 0.12377 1.68506 0.04950
vertex 0.07250 1.74021 0.07000
vertex 0.09473 1.74021 0.03788
endloop
endfacet
facet normal -0.47592 -0.47883 -0.73771
outer loop
vertex 0.09473 1.68506 0.09146
vertex 0.05127 1.68506 0.11950
vertex 0.03924 1.74021 0.09146
endloop
endfacet
facet normal -0.47592 -0.47883 -0.73771
outer loop
vertex 0.09473 1.68506 0.09146
vertex 0.03924 1.74021 0.09146
vertex 0.07250 1.74021 0.07000
endloop
endfacet
facet normal -0.16593 -0.47541 -0.86397
outer loop
vertex 0.05127 1.68506 0.11950
vertex 0.00000 1.68506 0.12934
vertex 0.00000 1.74021 0.09899
endloop
endfacet
facet normal -0.16593 -0.47541 -0.86397
outer loop
vertex 0.05127 1.68506 0.11950
vertex 0.00000 1.74021 0.09899
vertex 0.03924 1.74021 0.09146
endloop
endfacet
facet normal 0.16593 -0.47541 -0.86397
outer loop
vertex 0.00000 1.68506 0.12934
vertex -0.05127 1.68506 0.11950
vertex -0.03924 1.74021 0.09146
endloop
endfacet
facet normal 0.16593 -0.47541 -0.86397
outer loop
vertex 0.00000 1.68506 0.12934
vertex -0.03924 1.74021 0.09146
vertex 0.00000 1.74021 0.09899
endloop
endfacet
facet normal 0.47592 -0.47883 -0.73771
outer loop
vertex -0.05127 1.68506 0.11950
vertex -0.09473 1.68506 0.09146
vertex -0.07250 1.74021 0.07000
endloop
endfacet
facet normal 0.47592 -0.47883 -0.73771
outer loop
vertex -0.05127 1.68506 0.11950
vertex -0.07250 1.74021 0.07000
vertex -0.03924 1.74021 0.09146
endloop
endfacet
facet normal 0.71966 -0.48380 -0.49803
outer loop
vertex -0.09473 1.68506 0.09146
vertex -0.12377 1.68506 0.04950
vertex -0.09473 1.74021 0.03788
endloop
endfacet
facet normal 0.71966 -0.48380 -0.49803
outer loop
vertex -0.09473 1.68506 0.09146
vertex -0.09473 1.74021 0.03788
vertex -0.07250 1.74021 0.07000
endloop
endfacet
facet normal 0.85522 -0.48740 -0.17619
outer loop
vertex -0.12377 1.68506 0.04950
vertex -0.13396 1.68506 0.00000
vertex -0.10253 1.74021 0.00000
endloop
endfacet
facet normal 0.85522 -0.48740 -0.17619
outer loop
vertex -0.12377 1.68506 0.04950
vertex -0.10253 1.74021 0.00000
vertex -0.09473 1.74021 0.03788
endloop
endfacet
facet normal 0.85522 -0.48740 0.17619
outer loop
vertex -0.13396 1.68506 0.00000
vertex -0.12377 1.68506 -0.04950
vertex -0.09473 1.74021 -0.03788
endloop
endfacet
facet normal 0.85522 -0.48740 0.17619
outer loop
vertex -0.13396 1.68506 0.00000
vertex -0.09473 1.74021 -0.03788
vertex -0.10253 1.74021 0.00000
endloop
endfacet
facet normal 0.71966 -0.48380 0.49803
outer loop
vertex -0.12377 1.68506 -0.04950
vertex -0.09473 1.68506 -0.09146
vertex -0.07250 1.74021 -0.07000
endloop
endfacet
facet normal 0.71966 -0.48380 0.49803
outer loop
vertex -0.12377 1.68506 -0.04950
vertex -0.07250 1.74021 -0.07000
vertex -0.09473 1.74021 -0.03788
endloop
endfacet
facet normal 0.47592 -0.47883 0.73771
outer loop
vertex -0.09473 1.68506 -0.09146
vertex -0.05127 1.68506 -0.11950
vertex -0.03924 1.74021 -0.09146
endloop
endfacet
facet normal 0.47592 -0.47883 0.73771
outer loop
vertex -0.09473 1.68506 -0.09146
vertex -0.03924 1.74021 -0.09146
vertex -0.07250 1.74021 -0.07000
endloop
endfacet
facet normal 0.16593 -0.47541 0.86397
outer loop
vertex -0.05127 1.68506 -0.11950
vertex -0.00000 1.68506 -0.12934
vertex -0.00000 1.74021 -0.09899
endloop
endfacet
facet normal 0.16593 -0.47541 0.86397
outer loop
vertex -0.05127 1.68506 -0.11950
vertex -0.00000 1.74021 -0.09899
vertex -0.03924 1.74021 -0.09146
endloop
endfacet
facet normal -0.16593 -0.47541 0.86397
outer loop
vertex -0.00000 1.68506 -0.12934
vertex 0.05127 1.68506 -0.11950
vertex 0.03924 1.74021 -0.09146
endloop
endfacet
facet normal -0.16593 -0.47541 0.86397
outer loop
vertex -0.00000 1.68506 -0.12934
vertex 0.03924 1.74021 -0.09146
vertex -0.00000 1.74021 -0.09899
endloop
endfacet
facet normal -0.47592 -0.47883 0.73771
outer loop
vertex 0.05127 1.68506 -0.11950
vertex 0.09473 1.68506 -0.09146
vertex 0.07250 1.74021 -0.07000
endloop
endfacet
facet normal -0.47592 -0.47883 0.73771
outer loop
vertex 0.05127 1.68506 -0.11950
vertex 0.07250 1.74021 -0.07000
vertex 0.03924 1.74021 -0.09146
endloop
endfacet
facet normal -0.71966 -0.48380 0.49803
outer loop
vertex 0.09473 1.68506 -0.09146
vertex 0.12377 1.68506 -0.04950
vertex 0.09473 1.74021 -0.03788
endloop
endfacet
facet normal -0.71966 -0.48380 0.49803
outer loop
vertex 0.09473 1.68506 -0.09146
vertex 0.09473 1.74021 -0.03788
vertex 0.07250 1.74021 -0.07000
endloop
endfacet
facet normal -0.85522 -0.48740 0.17619
outer loop
vertex 0.12377 1.68506 -0.04950
vertex 0.13396 1.68506 -0.00000
vertex 0.10253 1.74021 -0.00000
endloop
endfacet
facet normal -0.85522 -0.48740 0.17619
outer loop
vertex 0.12377 1.68506 -0.04950
vertex 0.10253 1.74021 -0.00000
vertex 0.09473 1.74021 -0.03788
endloop
endfacet
facet normal -0.61177 -0.78093 -0.12603
outer loop
vertex 0.10253 1.74021 0.00000
vertex 0.09473 1.74021 0.03788
vertex 0.05127 1.77706 0.02050
endloop
endfacet
facet normal -0.61177 -0.78093 -0.12603
outer loop
vertex 0.10253 1.74021 0.00000
vertex 0.05127 1.77706 0.02050
vertex 0.05549 1.77706 0.00000
endloop
endfacet
facet normal -0.51666 -0.77796 -0.35755
outer loop
vertex 0.09473 1.74021 0.03788
vertex 0.07250 1.74021 0.07000
vertex 0.03924 1.77706 0.03788
endloop
endfacet
facet normal -0.51666 -0.77796 -0.35755
outer loop
vertex 0.09473 1.74021 0.03788
vertex 0.03924 1.77706 0.03788
vertex 0.05127 1.77706 0.02050
endloop
endfacet
facet normal -0.34338 -0.77382 -0.53226
outer loop
vertex 0.07250 1.74021 0.07000
vertex 0.03924 1.74021 0.09146
vertex 0.02123 1.77706 0.04950
endloop
endfacet
facet normal -0.34338 -0.77382 -0.53226
outer loop
vertex 0.07250 1.74021 0.07000
vertex 0.02123 1.77706 0.04950
vertex 0.03924 1.77706 0.03788
endloop
endfacet
facet normal -0.12013 -0.77092 -0.62550
outer loop
vertex 0.03924 1.74021 0.09146
vertex 0.00000 1.74021 0.09899
vertex 0.00000 1.77706 0.05358
endloop
endfacet
facet normal -0.12013 -0.77092 -0.62550
outer loop
vertex 0.03924 1.74021 0.09146
vertex 0.00000 1.77706 0.05358
vertex 0.02123 1.77706 0.04950
endloop
endfacet
facet normal 0.12013 -0.77092 -0.62550
outer loop
vertex 0.00000 1.74021 0.09899
vertex -0.03924 1.74021 0.09146
vertex -0.02123 1.77706 0.04950
endloop
endfacet
facet normal 0.12013 -0.77092 -0.62550
outer loop
vertex 0.00000 1.74021 0.09899
vertex -0.02123 1.77706 0.04950
vertex 0.00000 1.77706 0.05358
endloop
endfacet
facet normal 0.34338 -0.77382 -0.53226
outer loop
vertex -0.03924 1.74021 0.09146
vertex -0.07250 1.74021 0.07000
vertex -0.03924 1.77706 0.03788
endloop
endfacet
facet normal 0.34338 -0.77382 -0.53226
outer loop
vertex -0.03924 1.74021 0.09146
vertex -0.03924 1.77706 0.03788
vertex -0.02123 1.77706 0.04950
endloop
endfacet
facet normal 0.51666 -0.77796 -0.35755
outer loop
vertex -0.07250 1.74021 0.07000
vertex -0.09473 1.74021 0.03788
vertex -0.05127 1.77706 0.02050
endloop
endfacet
facet normal 0.51666 -0.77796 -0.35755
outer loop
vertex -0.07250 1.74021 0.07000
vertex -0.05127 1.77706 0.02050
vertex -0.03924 1.77706 0.03788
endloop
endfacet
facet normal 0.61177 -0.78093 -0.12603
outer loop
vertex -0.09473 1.74021 0.03788
vertex -0.10253 1.74021 0.00000
vertex -0.05549 1.77706 0.00000
endloop
endfacet
facet normal 0.61177 -0.78093 -0.12603
outer loop
vertex -0.09473 1.74021 0.03788
vertex -0.05549 1.77706 0.00000
vertex -0.05127 1.77706 0.02050
endloop
endfacet
facet normal 0.61177 -0.78093 0.12603
outer loop
vertex -0.10253 1.74021 0.00000
vertex -0.09473 1.74021 -0.03788
vertex -0.05127 1.77706 -0.02050
endloop
endfacet
facet normal 0.61177 -0.78093 0.12603
outer loop
vertex -0.10253 1.74021 0.00000
vertex -0.05127 1.77706 -0.02050
vertex -0.05549 1.77706 0.00000
endloop
endfacet
facet normal 0.51666 -0.77796 0.35755
outer loop
vertex -0.09473 1.74021 -0.03788
vertex -0.07250 1.74021 -0.07000
vertex -0.03924 1.77706 -0.03788
endloop
endfacet
facet normal 0.51666 -0.77796 0.35755
outer loop
vertex -0.09473 1.74021 -0.03788
vertex -0.03924 1.77706 -0.03788
vertex -0.05127 1.77706 -0.02050
endloop
endfacet
facet normal 0.34338 -0.77382 0.53226
outer loop
vertex -0.07250 1.74021 -0.07000
vertex -0.03924 1.74021 -0.09146
vertex -0.02123 1.77706 -0.04950
endloop
endfacet
facet normal 0.34338 -0.77382 0.53226
outer loop
vertex -0.07250 1.74021 -0.07000
vertex -0.02123 1.77706 -0.04950
vertex -0.03924 1.77706 -0.03788
endloop
endfacet
facet normal 0.12013 -0.77092 0.62550
outer loop
vertex -0.03924 1.74021 -0.09146
vertex -0.00000 1.74021 -0.09899
vertex -0.00000 1.77706 -0.05358
endloop
endfacet
facet normal 0.12013 -0.77092 0.62550
outer loop
vertex -0.03924 1.74021 -0.09146
vertex -0.00000 1.77706 -0.05358
vertex -0.02123 1.77706 -0.04950
endloop
endfacet
facet normal -0.12013 -0.77092 0.62550
outer loop
vertex -0.00000 1.74021 -0.09899
vertex 0.03924 1.74021 -0.09146
vertex 0.02123 1.77706 -0.04950
endloop
endfacet
facet normal -0.12013 -0.77092 0.62550
outer loop
vertex -0.00000 1.74021 -0.09899
vertex 0.02123 1.77706 -0.04950
vertex -0.00000 1.77706 -0.05358
endloop
endfacet
facet normal -0.34338 -0.77382 0.53226
outer loop
vertex 0.03924 1.74021 -0.09146
vertex 0.07250 1.74021 -0.07000
vertex 0.03924 1.77706 -0.03788
endloop
endfacet
facet normal -0.34338 -0.77382 0.53226
outer loop
vertex 0.03924 1.74021 -0.09146
vertex 0.03924 1.77706 -0.03788
vertex 0.02123 1.77706 -0.04950
endloop
endfacet
facet normal -0.51666 -0.77796 0.35755
outer loop
vertex 0.07250 1.74021 -0.07000
vertex 0.09473 1.74021 -0.03788
vertex 0.05127 1.77706 -0.02050
endloop
endfacet
facet normal -0.51666 -0.77796 0.35755
outer loop
vertex 0.07250 1.74021 -0.07000
vertex 0.05127 1.77706 -0.02050
vertex 0.03924 1.77706 -0.03788
endloop
endfacet
facet normal -0.61177 -0.78093 0.12603
outer loop
vertex 0.09473 1.74021 -0.03788
vertex 0.10253 1.74021 -0.00000
vertex 0.05549 1.77706 -0.00000
endloop
endfacet
facet normal -0.61177 -0.78093 0.12603
outer loop
vertex 0.09473 1.74021 -0.03788
vertex 0.05549 1.77706 -0.00000
vertex 0.05127 1.77706 -0.02050
endloop
endfacet
facet normal -0.22687 -0.97280 -0.04674
outer loop
vertex 0.05549 1.77706 0.00000
vertex 0.05127 1.77706 0.02050
vertex 0.00000 1.79000 0.00000
endloop
endfacet
facet normal -0.22711 -0.97387 0.00000
outer loop
vertex 0.05549 1.77706 0.00000
vertex 0.00000 1.79000 0.00000
vertex 0.00000 1.79000 0.00000
endloop
endfacet
facet normal -0.19223 -0.97229 -0.13303
outer loop
vertex 0.05127 1.77706 0.02050
vertex 0.03924 1.77706 0.03788
vertex 0.00000 1.79000 0.00000
endloop
endfacet
facet normal -0.24254 -0.97014 0.00000
outer loop
vertex 0.05127 1.77706 0.02050
vertex 0.00000 1.79000 0.00000
vertex 0.00000 1.79000 0.00000
endloop
endfacet
facet normal -0.12835 -0.97157 -0.19894
outer loop
vertex 0.03924 1.77706 0.03788
vertex 0.02123 1.77706 0.04950
vertex 0.00000 1.79000 0.00000
endloop
endfacet
facet normal 0.00000 -1.00000 0.00000
outer loop
vertex 0.03924 1.77706 0.03788
vertex 0.00000 1.79000 0.00000
vertex 0.00000 1.79000 0.00000
endloop
endfacet
facet normal -0.04505 -0.97106 -0.23455
outer loop
vertex 0.02123 1.77706 0.04950
vertex 0.00000 1.77706 0.05358
vertex 0.00000 1.79000 0.00000
endloop
endfacet
facet normal 0.00000 -0.97014 -0.24254
outer loop
vertex 0.02123 1.77706 0.04950
vertex 0.00000 1.79000 0.00000
vertex 0.00000 1.79000 0.00000
endloop
endfacet
facet normal 0.04505 -0.97106 -0.23455
outer loop
vertex 0.00000 1.77706 0.05358
vertex -0.02123 1.77706 0.04950
vertex -0.00000 1.79000 0.00000
endloop
endfacet
facet normal 0.00000 -0.97205 -0.23478
outer loop
vertex 0.00000 1.77706 0.05358
vertex -0.00000 1.79000 0.00000
vertex 0.00000 1.79000 0.00000
endloop
endfacet
facet normal 0.12835 -0.97157 -0.19894
outer loop
vertex -0.02123 1.77706 0.04950
vertex -0.03924 1.77706 0.03788
vertex -0.00000 1.79000 0.00000
endloop
endfacet
facet normal 0.00000 -0.97014 -0.24254
outer loop
vertex -0.02123 1.77706 0.04950
vertex -0.00000 1.79000 0.00000
vertex -0.00000 1.79000 0.00000
endloop
endfacet
facet normal 0.19223 -0.97229 -0.13303
outer loop
vertex -0.03924 1.77706 0.03788
vertex -0.05127 1.77706 0.02050
vertex -0.00000 1.79000 0.00000
endloop
endfacet
facet normal 0.44721 -0.89443 0.00000
outer loop
vertex -0.03924 1.77706 0.03788
vertex -0.00000 1.79000 0.00000
vertex -0.00000 1.79000 0.00000
endloop
endfacet
facet normal 0.22687 -0.97280 -0.04674
outer loop
vertex -0.05127 1.77706 0.02050
vertex -0.05549 1.77706 0.00000
vertex -0.00000 1.79000 0.00000
endloop
endfacet
facet normal 1.00000 0.00000 0.00000
outer loop
vertex -0.05127 1.77706 0.02050
vertex -0.00000 1.79000 0.00000
vertex -0.00000 1.79000 0.00000
endloop
endfacet
facet normal 0.22687 -0.97280 0.04674
outer loop
vertex -0.05549 1.77706 0.00000
vertex -0.05127 1.77706 -0.02050
vertex -0.00000 1.79000 -0.00000
endloop
endfacet
facet normal 0.22711 -0.97387 0.00000
outer loop
vertex -0.05549 1.77706 0.00000
vertex -0.00000 1.79000 -0.00000
vertex -0.00000 1.79000 0.00000
endloop
endfacet
facet normal 0.19223 -0.97229 0.13303
outer loop
vertex -0.05127 1.77706 -0.02050
vertex -0.03924 1.77706 -0.03788
vertex -0.00000 1.79000 -0.00000
endloop
endfacet
facet normal 0.24254 -0.97014 0.00000
outer loop
vertex -0.05127 1.77706 -0.02050
vertex -0.00000 1.79000 -0.00000
vertex -0.00000 1.79000 -0.00000
endloop
endfacet
facet normal 0.12835 -0.97157 0.19894
outer loop
vertex -0.03924 1.77706 -0.03788
vertex -0.02123 1.77706 -0.04950
vertex -0.00000 1.79000 -0.00000
endloop
endfacet
facet normal 0.00000 -1.00000 0.00000
outer loop
vertex -0.03924 1.77706 -0.03788
vertex -0.00000 1.79000 -0.00000
vertex -0.00000 1.79000 -0.00000
endloop
endfacet
facet normal 0.04505 -0.97106 0.23455
outer loop
vertex -0.02123 1.77706 -0.04950
vertex -0.00000 1.77706 -0.05358
vertex -0.00000 1.79000 -0.00000
endloop
endfacet
facet normal 0.00000 -1.00000 0.00000
outer loop
vertex -0.02123 1.77706 -0.04950
vertex -0.00000 1.79000 -0.00000
vertex -0.00000 1.79000 -0.00000
endloop
endfacet
facet normal -0.04505 -0.97106 0.23455
outer loop
vertex -0.00000 1.77706 -0.05358
vertex 0.02123 1.77706 -0.04950
vertex 0.00000 1.79000 -0.00000
endloop
endfacet
facet normal 0.00000 -0.97205 0.23478
outer loop
vertex -0.00000 1.77706 -0.05358
vertex 0.00000 1.79000 -0.00000
vertex -0.00000 1.79000 -0.00000
endloop
endfacet
facet normal -0.12835 -0.97157 0.19894
outer loop
vertex 0.02123 1.77706 -0.04950
vertex 0.03924 1.77706 -0.03788
vertex 0.00000 1.79000 -0.00000
endloop
endfacet
facet normal 0.00000 0.00000 1.00000
outer loop
vertex 0.02123 1.77706 -0.04950
vertex 0.00000 1.79000 -0.00000
vertex 0.00000 1.79000 -0.00000
endloop
endfacet
facet normal -0.19223 -0.97229 0.13303
outer loop
vertex 0.03924 1.77706 -0.03788
vertex 0.05127 1.77706 -0.02050
vertex 0.00000 1.79000 -0.00000
endloop
endfacet
facet normal -0.44721 -0.89443 0.00000
outer loop
vertex 0.03924 1.77706 -0.03788
vertex 0.00000 1.79000 -0.00000
vertex 0.00000 1.79000 -0.00000
endloop
endfacet
facet normal -0.22687 -0.97280 0.04674
outer loop
vertex 0.05127 1.77706 -0.02050
vertex 0.05549 1.77706 -0.00000
vertex 0.00000 1.79000 -0.00000
endloop
endfacet
facet normal -0.24254 -0.97014 0.00000
outer loop
vertex 0.05127 1.77706 -0.02050
vertex 0.00000 1.79000 -0.00000
vertex 0.00000 1.79000 -0.00000
endloop
endfacet
facet normal -0.97673 0.08943 -0.19495
outer loop
vertex -0.27866 1.03762 0.00000
vertex -0.28372 1.03828 0.02564
vertex -0.25452 1.34710 0.02105
endloop
endfacet
facet normal -0.97673 0.08943 -0.19495
outer loop
vertex -0.27866 1.03762 0.00000
vertex -0.25452 1.34710 0.02105
vertex -0.25037 1.34656 0.00000
endloop
endfacet
facet normal 0.12963 0.99156 -0.00000
outer loop
vertex -0.34509 1.04631 0.00000
vertex -0.28372 1.03828 0.02564
vertex -0.27866 1.03762 0.00000
endloop
endfacet
facet normal -0.12963 -0.99156 -0.00000
outer loop
vertex -0.30491 1.35369 0.00000
vertex -0.25037 1.34656 0.00000
vertex -0.25452 1.34710 0.02105
endloop
endfacet
facet normal -0.82878 0.07009 -0.55517
outer loop
vertex -0.28372 1.03828 0.02564
vertex -0.29812 1.04017 0.04738
vertex -0.26634 1.34865 0.03889
endloop
endfacet
facet normal -0.82878 0.07009 -0.55517
outer loop
vertex -0.28372 1.03828 0.02564
vertex -0.26634 1.34865 0.03889
vertex -0.25452 1.34710 0.02105
endloop
endfacet
facet normal 0.12963 0.99156 0.00000
outer loop
vertex -0.34509 1.04631 0.00000
vertex -0.29812 1.04017 0.04738
vertex -0.28372 1.03828 0.02564
endloop
endfacet
facet normal -0.12963 -0.99156 0.00000
outer loop
vertex -0.30491 1.35369 0.00000
vertex -0.25452 1.34710 0.02105
vertex -0.26634 1.34865 0.03889
endloop
endfacet
facet normal -0.55540 0.03435 -0.83087
outer loop
vertex -0.29812 1.04017 0.04738
vertex -0.31967 1.04298 0.06190
vertex -0.28404 1.35096 0.05081
endloop
endfacet
facet normal -0.55540 0.03435 -0.83087
outer loop
vertex -0.29812 1.04017 0.04738
vertex -0.28404 1.35096 0.05081
vertex -0.26634 1.34865 0.03889
endloop
endfacet
facet normal 0.12963 0.99156 -0.00000
outer loop
vertex -0.34509 1.04631 0.00000
vertex -0.31967 1.04298 0.06190
vertex -0.29812 1.04017 0.04738
endloop
endfacet
facet normal -0.12963 -0.99156 0.00000
outer loop
vertex -0.30491 1.35369 0.00000
vertex -0.26634 1.34865 0.03889
vertex -0.28404 1.35096 0.05081
endloop
endfacet
facet normal -0.19822 -0.01235 -0.98008
outer loop
vertex -0.31967 1.04298 0.06190
vertex -0.34509 1.04631 0.06700
vertex -0.30491 1.35369 0.05500
endloop
endfacet
facet normal -0.19822 -0.01235 -0.98008
outer loop
vertex -0.31967 1.04298 0.06190
vertex -0.30491 1.35369 0.05500
vertex -0.28404 1.35096 0.05081
endloop
endfacet
facet normal 0.12963 0.99156 0.00000
outer loop
vertex -0.34509 1.04631 0.00000
vertex -0.34509 1.04631 0.06700
vertex -0.31967 1.04298 0.06190
endloop
endfacet
facet normal -0.12963 -0.99156 0.00000
outer loop
vertex -0.30491 1.35369 0.00000
vertex -0.28404 1.35096 0.05081
vertex -0.30491 1.35369 0.05500
endloop
endfacet
facet normal 0.18839 -0.06289 -0.98008
outer loop
vertex -0.34509 1.04631 0.06700
vertex -0.37052 1.04963 0.06190
vertex -0.32578 1.35642 0.05081
endloop
endfacet
facet normal 0.18839 -0.06289 -0.98008
outer loop
vertex -0.34509 1.04631 0.06700
vertex -0.32578 1.35642 0.05081
vertex -0.30491 1.35369 0.05500
endloop
endfacet
facet normal 0.12963 0.99156 0.00000
outer loop
vertex -0.34509 1.04631 0.00000
vertex -0.37052 1.04963 0.06190
vertex -0.34509 1.04631 0.06700
endloop
endfacet
facet normal -0.12963 -0.99156 0.00000
outer loop
vertex -0.30491 1.35369 0.00000
vertex -0.30491 1.35369 0.05500
vertex -0.32578 1.35642 0.05081
endloop
endfacet
facet normal 0.54557 -0.10959 -0.83087
outer loop
vertex -0.37052 1.04963 0.06190
vertex -0.39207 1.05245 0.04738
vertex -0.34347 1.35873 0.03889
endloop
endfacet
facet normal 0.54557 -0.10959 -0.83087
outer loop
vertex -0.37052 1.04963 0.06190
vertex -0.34347 1.35873 0.03889
vertex -0.32578 1.35642 0.05081
endloop
endfacet
facet normal 0.12963 0.99156 0.00000
outer loop
vertex -0.34509 1.04631 0.00000
vertex -0.39207 1.05245 0.04738
vertex -0.37052 1.04963 0.06190
endloop
endfacet
facet normal -0.12963 -0.99156 -0.00000
outer loop
vertex -0.30491 1.35369 0.00000
vertex -0.32578 1.35642 0.05081
vertex -0.34347 1.35873 0.03889
endloop
endfacet
facet normal 0.81894 -0.14533 -0.55517
outer loop
vertex -0.39207 1.05245 0.04738
vertex -0.40647 1.05433 0.02564
vertex -0.35529 1.36028 0.02105
endloop
endfacet
facet normal 0.81894 -0.14533 -0.55517
outer loop
vertex -0.39207 1.05245 0.04738
vertex -0.35529 1.36028 0.02105
vertex -0.34347 1.35873 0.03889
endloop
endfacet
facet normal 0.12963 0.99156 -0.00000
outer loop
vertex -0.34509 1.04631 0.00000
vertex -0.40647 1.05433 0.02564
vertex -0.39207 1.05245 0.04738
endloop
endfacet
facet normal -0.12963 -0.99156 -0.00000
outer loop
vertex -0.30491 1.35369 0.00000
vertex -0.34347 1.35873 0.03889
vertex -0.35529 1.36028 0.02105
endloop
endfacet
facet normal 0.96689 -0.16467 -0.19495
outer loop
vertex -0.40647 1.05433 0.02564
vertex -0.41153 1.05499 0.00000
vertex -0.35944 1.36082 0.00000
endloop
endfacet
facet normal 0.96689 -0.16467 -0.19495
outer loop
vertex -0.40647 1.05433 0.02564
vertex -0.35944 1.36082 0.00000
vertex -0.35529 1.36028 0.02105
endloop
endfacet
facet normal 0.12963 0.99156 0.00000
outer loop
vertex -0.34509 1.04631 0.00000
vertex -0.41153 1.05499 0.00000
vertex -0.40647 1.05433 0.02564
endloop
endfacet
facet normal -0.12963 -0.99156 0.00000
outer loop
vertex -0.30491 1.35369 0.00000
vertex -0.35529 1.36028 0.02105
vertex -0.35944 1.36082 0.00000
endloop
endfacet
facet normal 0.96689 -0.16467 0.19495
outer loop
vertex -0.41153 1.05499 0.00000
vertex -0.40647 1.05433 -0.02564
vertex -0.35529 1.36028 -0.02105
endloop
endfacet
facet normal 0.96689 -0.16467 0.19495
outer loop
vertex -0.41153 1.05499 0.00000
vertex -0.35529 1.36028 -0.02105
vertex -0.35944 1.36082 0.00000
endloop
endfacet
facet normal 0.12963 0.99156 -0.00000
outer loop
vertex -0.34509 1.04631 0.00000
vertex -0.40647 1.05433 -0.02564
vertex -0.41153 1.05499 0.00000
endloop
endfacet
facet normal -0.12963 -0.99156 -0.00000
outer loop
vertex -0.30491 1.35369 0.00000
vertex -0.35944 1.36082 0.00000
vertex -0.35529 1.36028 -0.02105
endloop
endfacet
facet normal 0.81894 -0.14533 0.55517
outer loop
vertex -0.40647 1.05433 -0.02564
vertex -0.39207 1.05245 -0.04738
vertex -0.34347 1.35873 -0.03889
endloop
endfacet
facet normal 0.81894 -0.14533 0.55517
outer loop
vertex -0.40647 1.05433 -0.02564
vertex -0.34347 1.35873 -0.03889
vertex -0.35529 1.36028 -0.02105
endloop
endfacet
facet normal 0.12963 0.99156 0.00000
outer loop
vertex -0.34509 1.04631 0.00000
vertex -0.39207 1.05245 -0.04738
vertex -0.40647 1.05433 -0.02564
endloop
endfacet
facet normal -0.12963 -0.99156 0.00000
outer loop
vertex -0.30491 1.35369 0.00000
vertex -0.35529 1.36028 -0.02105
vertex -0.34347 1.35873 -0.03889
endloop
endfacet
facet normal 0.54557 -0.10959 0.83087
outer loop
vertex -0.39207 1.05245 -0.04738
vertex -0.37052 1.04963 -0.06190
vertex -0.32578 1.35642 -0.05081
endloop
endfacet
facet normal 0.54557 -0.10959 0.83087
outer loop
vertex -0.39207 1.05245 -0.04738
vertex -0.32578 1.35642 -0.05081
vertex -0.34347 1.35873 -0.03889
endloop
endfacet
facet normal 0.12963 0.99156 -0.00000
outer loop
vertex -0.34509 1.04631 0.00000
vertex -0.37052 1.04963 -0.06190
vertex -0.39207 1.05245 -0.04738
endloop
endfacet
facet normal -0.12963 -0.99156 0.00000
outer loop
vertex -0.30491 1.35369 0.00000
vertex -0.34347 1.35873 -0.03889
vertex -0.32578 1.35642 -0.05081
endloop
endfacet
facet normal 0.18839 -0.06289 0.98008
outer loop
vertex -0.37052 1.04963 -0.06190
vertex -0.34509 1.04631 -0.06700
vertex -0.30491 1.35369 -0.05500
endloop
endfacet
facet normal 0.18839 -0.06289 0.98008
outer loop
vertex -0.37052 1.04963 -0.06190
vertex -0.30491 1.35369 -0.05500
vertex -0.32578 1.35642 -0.05081
endloop
endfacet
facet normal 0.12963 0.99156 0.00000
outer loop
vertex -0.34509 1.04631 0.00000
vertex -0.34509 1.04631 -0.06700
vertex -0.37052 1.04963 -0.06190
endloop
endfacet
facet normal -0.12963 -0.99156 0.00000
outer loop
vertex -0.30491 1.35369 0.00000
vertex -0.32578 1.35642 -0.05081
vertex -0.30491 1.35369 -0.05500
endloop
endfacet
facet normal -0.19822 -0.01235 0.98008
outer loop
vertex -0.34509 1.04631 -0.06700
vertex -0.31967 1.04298 -0.06190
vertex -0.28404 1.35096 -0.05081
endloop
endfacet
facet normal -0.19822 -0.01235 0.98008
outer loop
vertex -0.34509 1.04631 -0.06700
vertex -0.28404 1.35096 -0.05081
vertex -0.30491 1.35369 -0.05500
endloop
endfacet
facet normal 0.12963 0.99156 0.00000
outer loop
vertex -0.34509 1.04631 0.00000
vertex -0.31967 1.04298 -0.06190
vertex -0.34509 1.04631 -0.06700
endloop
endfacet
facet normal -0.12963 -0.99156 0.00000
outer loop
vertex -0.30491 1.35369 0.00000
vertex -0.30491 1.35369 -0.05500
vertex -0.28404 1.35096 -0.05081
endloop
endfacet
facet normal -0.55540 0.03435 0.83087
outer loop
vertex -0.31967 1.04298 -0.06190
vertex -0.29812 1.04017 -0.04738
vertex -0.26634 1.34865 -0.03889
endloop
endfacet
facet normal -0.55540 0.03435 0.83087
outer loop
vertex -0.31967 1.04298 -0.06190
vertex -0.26634 1.34865 -0.03889
vertex -0.28404 1.35096 -0.05081
endloop
endfacet
facet normal 0.12963 0.99156 0.00000
outer loop
vertex -0.34509 1.04631 0.00000
vertex -0.29812 1.04017 -0.04738
vertex -0.31967 1.04298 -0.06190
endloop
endfacet
facet normal -0.12963 -0.99156 -0.00000
outer loop
vertex -0.30491 1.35369 0.00000
vertex -0.28404 1.35096 -0.05081
vertex -0.26634 1.34865 -0.03889
endloop
endfacet
facet normal -0.82878 0.07009 0.55517
outer loop
vertex -0.29812 1.04017 -0.04738
vertex -0.28372 1.03828 -0.02564
vertex -0.25452 1.34710 -0.02105
endloop
endfacet
facet normal -0.82878 0.07009 0.55517
outer loop
vertex -0.29812 1.04017 -0.04738
vertex -0.25452 1.34710 -0.02105
vertex -0.26634 1.34865 -0.03889
endloop
endfacet
facet normal 0.12963 0.99156 -0.00000
outer loop
vertex -0.34509 1.04631 0.00000
vertex -0.28372 1.03828 -0.02564
vertex -0.29812 1.04017 -0.04738
endloop
endfacet
facet normal -0.12963 -0.99156 -0.00000
outer loop
vertex -0.30491 1.35369 0.00000
vertex -0.26634 1.34865 -0.03889
vertex -0.25452 1.34710 -0.02105
endloop
endfacet
facet normal -0.97673 0.08943 0.19495
outer loop
vertex -0.28372 1.03828 -0.02564
vertex -0.27866 1.03762 -0.00000
vertex -0.25037 1.34656 -0.00000
endloop
endfacet
facet normal -0.97673 0.08943 0.19495
outer loop
vertex -0.28372 1.03828 -0.02564
vertex -0.25037 1.34656 -0.00000
vertex -0.25452 1.34710 -0.02105
endloop
endfacet
facet normal 0.12963 0.99156 0.00000
outer loop
vertex -0.34509 1.04631 0.00000
vertex -0.27866 1.03762 -0.00000
vertex -0.28372 1.03828 -0.02564
endloop
endfacet
facet normal -0.12963 -0.99156 0.00000
outer loop
vertex -0.30491 1.35369 0.00000
vertex -0.25452 1.34710 -0.02105
vertex -0.25037 1.34656 -0.00000
endloop
endfacet
facet normal -0.96689 -0.16467 -0.19495
outer loop
vertex 0.41153 1.05499 0.00000
vertex 0.40647 1.05433 0.02564
vertex 0.35529 1.36028 0.02105
endloop
endfacet
facet normal -0.96689 -0.16467 -0.19495
outer loop
vertex 0.41153 1.05499 0.00000
vertex 0.35529 1.36028 0.02105
vertex 0.35944 1.36082 0.00000
endloop
endfacet
facet normal -0.12963 0.99156 0.00000
outer loop
vertex 0.34509 1.04631 0.00000
vertex 0.40647 1.05433 0.02564
vertex 0.41153 1.05499 0.00000
endloop
endfacet
facet normal 0.12963 -0.99156 0.00000
outer loop
vertex 0.30491 1.35369 0.00000
vertex 0.35944 1.36082 0.00000
vertex 0.35529 1.36028 0.02105
endloop
endfacet
facet normal -0.81894 -0.14533 -0.55517
outer loop
vertex 0.40647 1.05433 0.02564
vertex 0.39207 1.05245 0.04738
vertex 0.34347 1.35873 0.03889
endloop
endfacet
facet normal -0.81894 -0.14533 -0.55517
outer loop
vertex 0.40647 1.05433 0.02564
vertex 0.34347 1.35873 0.03889
vertex 0.35529 1.36028 0.02105
endloop
endfacet
facet normal -0.12963 0.99156 -0.00000
outer loop
vertex 0.34509 1.04631 0.00000
vertex 0.39207 1.05245 0.04738
vertex 0.40647 1.05433 0.02564
endloop
endfacet
facet normal 0.12963 -0.99156 -0.00000
outer loop
vertex 0.30491 1.35369 0.00000
vertex 0.35529 1.36028 0.02105
vertex 0.34347 1.35873 0.03889
endloop
endfacet
facet normal -0.54557 -0.10959 -0.83087
outer loop
vertex 0.39207 1.05245 0.04738
vertex 0.37052 1.04963 0.06190
vertex 0.32578 1.35642 0.05081
endloop
endfacet
facet normal -0.54557 -0.10959 -0.83087
outer loop
vertex 0.39207 1.05245 0.04738
vertex 0.32578 1.35642 0.05081
vertex 0.34347 1.35873 0.03889
endloop
endfacet
facet normal -0.12963 0.99156 0.00000
outer loop
vertex 0.34509 1.04631 0.00000
vertex 0.37052 1.04963 0.06190
vertex 0.39207 1.05245 0.04738
endloop
endfacet
facet normal 0.12963 -0.99156 -0.00000
outer loop
vertex 0.30491 1.35369 0.00000
vertex 0.34347 1.35873 0.03889
vertex 0.32578 1.35642 0.05081
endloop
endfacet
facet normal -0.18839 -0.06289 -0.98008
outer loop
vertex 0.37052 1.04963 0.06190
vertex 0.34509 1.04631 0.06700
vertex 0.30491 1.35369 0.05500
endloop
endfacet
facet normal -0.18839 -0.06289 -0.98008
outer loop
vertex 0.37052 1.04963 0.06190
vertex 0.30491 1.35369 0.05500
vertex 0.32578 1.35642 0.05081
endloop
endfacet
facet normal -0.12963 0.99156 0.00000
outer loop
vertex 0.34509 1.04631 0.00000
vertex 0.34509 1.04631 0.06700
vertex 0.37052 1.04963 0.06190
endloop
endfacet
facet normal 0.12963 -0.99156 0.00000
outer loop
vertex 0.30491 1.35369 0.00000
vertex 0.32578 1.35642 0.05081
vertex 0.30491 1.35369 0.05500
endloop
endfacet
facet normal 0.19822 -0.01235 -0.98008
outer loop
vertex 0.34509 1.04631 0.06700
vertex 0.31967 1.04298 0.06190
vertex 0.28404 1.35096 0.05081
endloop
endfacet
facet normal 0.19822 -0.01235 -0.98008
outer loop
vertex 0.34509 1.04631 0.06700
vertex 0.28404 1.35096 0.05081
vertex 0.30491 1.35369 0.05500
endloop
endfacet
facet normal -0.12963 0.99156 0.00000
outer loop
vertex 0.34509 1.04631 0.00000
vertex 0.31967 1.04298 0.06190
vertex 0.34509 1.04631 0.06700
endloop
endfacet
facet normal 0.12963 -0.99156 0.00000
outer loop
vertex 0.30491 1.35369 0.00000
vertex 0.30491 1.35369 0.05500
vertex 0.28404 1.35096 0.05081
endloop
endfacet
facet normal 0.55540 0.03435 -0.83087
outer loop
vertex 0.31967 1.04298 0.06190
vertex 0.29812 1.04017 0.04738
vertex 0.26634 1.34865 0.03889
endloop
endfacet
facet normal 0.55540 0.03435 -0.83087
outer loop
vertex 0.31967 1.04298 0.06190
vertex 0.26634 1.34865 0.03889
vertex 0.28404 1.35096 0.05081
endloop
endfacet
facet normal -0.12963 0.99156 -0.00000
outer loop
vertex 0.34509 1.04631 0.00000
vertex 0.29812 1.04017 0.04738
vertex 0.31967 1.04298 0.06190
endloop
endfacet
facet normal 0.12963 -0.99156 0.00000
outer loop
vertex 0.30491 1.35369 0.00000
vertex 0.28404 1.35096 0.05081
vertex 0.26634 1.34865 0.03889
endloop
endfacet
facet normal 0.82878 0.07009 -0.55517
outer loop
vertex 0.29812 1.04017 0.04738
vertex 0.28372 1.03828 0.02564
vertex 0.25452 1.34710 0.02105
endloop
endfacet
facet normal 0.82878 0.07009 -0.55517
outer loop
vertex 0.29812 1.04017 0.04738
vertex 0.25452 1.34710 0.02105
vertex 0.26634 1.34865 0.03889
endloop
endfacet
facet normal -0.12963 0.99156 0.00000
outer loop
vertex 0.34509 1.04631 0.00000
vertex 0.28372 1.03828 0.02564
vertex 0.29812 1.04017 0.04738
endloop
endfacet
facet normal 0.12963 -0.99156 0.00000
outer loop
vertex 0.30491 1.35369 0.00000
vertex 0.26634 1.34865 0.03889
vertex 0.25452 1.34710 0.02105
endloop
endfacet
facet normal 0.97673 0.08943 -0.19495
outer loop
vertex 0.28372 1.03828 0.02564
vertex 0.27866 1.03762 0.00000
vertex 0.25037 1.34656 0.00000
endloop
endfacet
facet normal 0.97673 0.08943 -0.19495
outer loop
vertex 0.28372 1.03828 0.02564
vertex 0.25037 1.34656 0.00000
vertex 0.25452 1.34710 0.02105
endloop
endfacet
facet normal -0.12963 0.99156 -0.00000
outer loop
vertex 0.34509 1.04631 0.00000
vertex 0.27866 1.03762 0.00000
vertex 0.28372 1.03828 0.02564
endloop
endfacet
facet normal 0.12963 -0.99156 -0.00000
outer loop
vertex 0.30491 1.35369 0.00000
vertex 0.25452 1.34710 0.02105
vertex 0.25037 1.34656 0.00000
endloop
endfacet
facet normal 0.97673 0.08943 0.19495
outer loop
vertex 0.27866 1.03762 0.00000
vertex 0.28372 1.03828 -0.02564
vertex 0.25452 1.34710 -0.02105
endloop
endfacet
facet normal 0.97673 0.08943 0.19495
outer loop
vertex 0.27866 1.03762 0.00000
vertex 0.25452 1.34710 -0.02105
vertex 0.25037 1.34656 0.00000
endloop
endfacet
facet normal -0.12963 0.99156 0.00000
outer loop
vertex 0.34509 1.04631 0.00000
vertex 0.28372 1.03828 -0.02564
vertex 0.27866 1.03762 0.00000
endloop
endfacet
facet normal 0.12963 -0.99156 0.00000
outer loop
vertex 0.30491 1.35369 0.00000
vertex 0.25037 1.34656 0.00000
vertex 0.25452 1.34710 -0.02105
endloop
endfacet
facet normal 0.82878 0.07009 0.55517
outer loop
vertex 0.28372 1.03828 -0.02564
vertex 0.29812 1.04017 -0.04738
vertex 0.26634 1.34865 -0.03889
endloop
endfacet
facet normal 0.82878 0.07009 0.55517
outer loop
vertex 0.28372 1.03828 -0.02564
vertex 0.26634 1.34865 -0.03889
vertex 0.25452 1.34710 -0.02105
endloop
endfacet
facet normal -0.12963 0.99156 -0.00000
outer loop
vertex 0.34509 1.04631 0.00000
vertex 0.29812 1.04017 -0.04738
vertex 0.28372 1.03828 -0.02564
endloop
endfacet
facet normal 0.12963 -0.99156 -0.00000
outer loop
vertex 0.30491 1.35369 0.00000
vertex 0.25452 1.34710 -0.02105
vertex 0.26634 1.34865 -0.03889
endloop
endfacet
facet normal 0.55540 0.03435 0.83087
outer loop
vertex 0.29812 1.04017 -0.04738
vertex 0.31967 1.04298 -0.06190
vertex 0.28404 1.35096 -0.05081
endloop
endfacet
facet normal 0.55540 0.03435 0.83087
outer loop
vertex 0.29812 1.04017 -0.04738
vertex 0.28404 1.35096 -0.05081
vertex 0.26634 1.34865 -0.03889
endloop
endfacet
facet normal -0.12963 0.99156 0.00000
outer loop
vertex 0.34509 1.04631 0.00000
vertex 0.31967 1.04298 -0.06190
vertex 0.29812 1.04017 -0.04738
endloop
endfacet
facet normal 0.12963 -0.99156 -0.00000
outer loop
vertex 0.30491 1.35369 0.00000
vertex 0.26634 1.34865 -0.03889
vertex 0.28404 1.35096 -0.05081
endloop
endfacet
facet normal 0.19822 -0.01235 0.98008
outer loop
vertex 0.31967 1.04298 -0.06190
vertex 0.34509 1.04631 -0.06700
vertex 0.30491 1.35369 -0.05500
endloop
endfacet
facet normal 0.19822 -0.01235 0.98008
outer loop
vertex 0.31967 1.04298 -0.06190
vertex 0.30491 1.35369 -0.05500
vertex 0.28404 1.35096 -0.05081
endloop
endfacet
facet normal -0.12963 0.99156 0.00000
outer loop
vertex 0.34509 1.04631 0.00000
vertex 0.34509 1.04631 -0.06700
vertex 0.31967 1.04298 -0.06190
endloop
endfacet
facet normal 0.12963 -0.99156 0.00000
outer loop
vertex 0.30491 1.35369 0.00000
vertex 0.28404 1.35096 -0.05081
vertex 0.30491 1.35369 -0.05500
endloop
endfacet
facet normal -0.18839 -0.06289 0.98008
outer loop
vertex 0.34509 1.04631 -0.06700
vertex 0.37052 1.04963 -0.06190
vertex 0.32578 1.35642 -0.05081
endloop
endfacet
facet normal -0.18839 -0.06289 0.98008
outer loop
vertex 0.34509 1.04631 -0.06700
vertex 0.32578 1.35642 -0.05081
vertex 0.30491 1.35369 -0.05500
endloop
endfacet
facet normal -0.12963 0.99156 0.00000
outer loop
vertex 0.34509 1.04631 0.00000
vertex 0.37052 1.04963 -0.06190
vertex 0.34509 1.04631 -0.06700
endloop
endfacet
facet normal 0.12963 -0.99156 0.00000
outer loop
vertex 0.30491 1.35369 0.00000
vertex 0.30491 1.35369 -0.05500
vertex 0.32578 1.35642 -0.05081
endloop
endfacet
facet normal -0.54557 -0.10959 0.83087
outer loop
vertex 0.37052 1.04963 -0.06190
vertex 0.39207 1.05245 -0.04738
vertex 0.34347 1.35873 -0.03889
endloop
endfacet
facet normal -0.54557 -0.10959 0.83087
outer loop
vertex 0.37052 1.04963 -0.06190
vertex 0.34347 1.35873 -0.03889
vertex 0.32578 1.35642 -0.05081
endloop
endfacet
facet normal -0.12963 0.99156 -0.00000
outer loop
vertex 0.34509 1.04631 0.00000
vertex 0.39207 1.05245 -0.04738
vertex 0.37052 1.04963 -0.06190
endloop
endfacet
facet normal 0.12963 -0.99156 0.00000
outer loop
vertex 0.30491 1.35369 0.00000
vertex 0.32578 1.35642 -0.05081
vertex 0.34347 1.35873 -0.03889
endloop
endfacet
facet normal -0.81894 -0.14533 0.55517
outer loop
vertex 0.39207 1.05245 -0.04738
vertex 0.40647 1.05433 -0.02564
vertex 0.35529 1.36028 -0.02105
endloop
endfacet
facet normal -0.81894 -0.14533 0.55517
outer loop
vertex 0.39207 1.05245 -0.04738
vertex 0.35529 1.36028 -0.02105
vertex 0.34347 1.35873 -0.03889
endloop
endfacet
facet normal -0.12963 0.99156 0.00000
outer loop
vertex 0.34509 1.04631 0.00000
vertex 0.40647 1.05433 -0.02564
vertex 0.39207 1.05245 -0.04738
endloop
endfacet
facet normal 0.12963 -0.99156 0.00000
outer loop
vertex 0.30491 1.35369 0.00000
vertex 0.34347 1.35873 -0.03889
vertex 0.35529 1.36028 -0.02105
endloop
endfacet
facet normal -0.96689 -0.16467 0.19495
outer loop
vertex 0.40647 1.05433 -0.02564
vertex 0.41153 1.05499 -0.00000
vertex 0.35944 1.36082 -0.00000
endloop
endfacet
facet normal -0.96689 -0.16467 0.19495
outer loop
vertex 0.40647 1.05433 -0.02564
vertex 0.35944 1.36082 -0.00000
vertex 0.35529 1.36028 -0.02105
endloop
endfacet
facet normal -0.12963 0.99156 -0.00000
outer loop
vertex 0.34509 1.04631 0.00000
vertex 0.41153 1.05499 -0.00000
vertex 0.40647 1.05433 -0.02564
endloop
endfacet
facet normal 0.12963 -0.99156 -0.00000
outer loop
vertex 0.30491 1.35369 0.00000
vertex 0.35529 1.36028 -0.02105
vertex 0.35944 1.36082 -0.00000
endloop
endfacet
facet normal -0.97721 -0.08395 -0.19497
outer loop
vertex -0.28607 0.80292 0.01000
vertex -0.29025 0.80271 0.03105
vertex -0.31347 1.08190 0.02722
endloop
endfacet
facet normal -0.97721 -0.08395 -0.19497
outer loop
vertex -0.28607 0.80292 0.01000
vertex -0.31347 1.08190 0.02722
vertex -0.31005 1.08207 0.01000
endloop
endfacet
facet normal -0.04998 0.99875 0.00000
outer loop
vertex -0.34100 0.80017 0.01000
vertex -0.29025 0.80271 0.03105
vertex -0.28607 0.80292 0.01000
endloop
endfacet
facet normal 0.04998 -0.99875 0.00000
outer loop
vertex -0.35500 1.07983 0.01000
vertex -0.31005 1.08207 0.01000
vertex -0.31347 1.08190 0.02722
endloop
endfacet
facet normal -0.82817 -0.07649 -0.55523
outer loop
vertex -0.29025 0.80271 0.03105
vertex -0.30216 0.80212 0.04889
vertex -0.32322 1.08142 0.04182
endloop
endfacet
facet normal -0.82817 -0.07649 -0.55523
outer loop
vertex -0.29025 0.80271 0.03105
vertex -0.32322 1.08142 0.04182
vertex -0.31347 1.08190 0.02722
endloop
endfacet
facet normal -0.04998 0.99875 -0.00000
outer loop
vertex -0.34100 0.80017 0.01000
vertex -0.30216 0.80212 0.04889
vertex -0.29025 0.80271 0.03105
endloop
endfacet
facet normal 0.04998 -0.99875 -0.00000
outer loop
vertex -0.35500 1.07983 0.01000
vertex -0.31347 1.08190 0.02722
vertex -0.32322 1.08142 0.04182
endloop
endfacet
facet normal -0.55279 -0.06271 -0.83096
outer loop
vertex -0.30216 0.80212 0.04889
vertex -0.31998 0.80123 0.06081
vertex -0.33780 1.08069 0.05157
endloop
endfacet
facet normal -0.55279 -0.06271 -0.83096
outer loop
vertex -0.30216 0.80212 0.04889
vertex -0.33780 1.08069 0.05157
vertex -0.32322 1.08142 0.04182
endloop
endfacet
facet normal -0.04998 0.99875 0.00000
outer loop
vertex -0.34100 0.80017 0.01000
vertex -0.31998 0.80123 0.06081
vertex -0.30216 0.80212 0.04889
endloop
endfacet
facet normal 0.04998 -0.99875 -0.00000
outer loop
vertex -0.35500 1.07983 0.01000
vertex -0.32322 1.08142 0.04182
vertex -0.33780 1.08069 0.05157
endloop
endfacet
facet normal -0.19298 -0.04471 -0.98018
outer loop
vertex -0.31998 0.80123 0.06081
vertex -0.34100 0.80017 0.06500
vertex -0.35500 1.07983 0.05500
endloop
endfacet
facet normal -0.19298 -0.04471 -0.98018
outer loop
vertex -0.31998 0.80123 0.06081
vertex -0.35500 1.07983 0.05500
vertex -0.33780 1.08069 0.05157
endloop
endfacet
facet normal -0.04998 0.99875 0.00000
outer loop
vertex -0.34100 0.80017 0.01000
vertex -0.34100 0.80017 0.06500
vertex -0.31998 0.80123 0.06081
endloop
endfacet
facet normal 0.04998 -0.99875 0.00000
outer loop
vertex -0.35500 1.07983 0.01000
vertex -0.33780 1.08069 0.05157
vertex -0.35500 1.07983 0.05500
endloop
endfacet
facet normal 0.19648 -0.02522 -0.98018
outer loop
vertex -0.34100 0.80017 0.06500
vertex -0.36202 0.79912 0.06081
vertex -0.37220 1.07896 0.05157
endloop
endfacet
facet normal 0.19648 -0.02522 -0.98018
outer loop
vertex -0.34100 0.80017 0.06500
vertex -0.37220 1.07896 0.05157
vertex -0.35500 1.07983 0.05500
endloop
endfacet
facet normal -0.04998 0.99875 0.00000
outer loop
vertex -0.34100 0.80017 0.01000
vertex -0.36202 0.79912 0.06081
vertex -0.34100 0.80017 0.06500
endloop
endfacet
facet normal 0.04998 -0.99875 0.00000
outer loop
vertex -0.35500 1.07983 0.01000
vertex -0.35500 1.07983 0.05500
vertex -0.37220 1.07896 0.05157
endloop
endfacet
facet normal 0.55629 -0.00721 -0.83096
outer loop
vertex -0.36202 0.79912 0.06081
vertex -0.37985 0.79823 0.04889
vertex -0.38678 1.07823 0.04182
endloop
endfacet
facet normal 0.55629 -0.00721 -0.83096
outer loop
vertex -0.36202 0.79912 0.06081
vertex -0.38678 1.07823 0.04182
vertex -0.37220 1.07896 0.05157
endloop
endfacet
facet normal -0.04998 0.99875 0.00000
outer loop
vertex -0.34100 0.80017 0.01000
vertex -0.37985 0.79823 0.04889
vertex -0.36202 0.79912 0.06081
endloop
endfacet
facet normal 0.04998 -0.99875 -0.00000
outer loop
vertex -0.35500 1.07983 0.01000
vertex -0.37220 1.07896 0.05157
vertex -0.38678 1.07823 0.04182
endloop
endfacet
facet normal 0.83167 0.00657 -0.55523
outer loop
vertex -0.37985 0.79823 0.04889
vertex -0.39175 0.79764 0.03105
vertex -0.39652 1.07775 0.02722
endloop
endfacet
facet normal 0.83167 0.00657 -0.55523
outer loop
vertex -0.37985 0.79823 0.04889
vertex -0.39652 1.07775 0.02722
vertex -0.38678 1.07823 0.04182
endloop
endfacet
facet normal -0.04998 0.99875 -0.00000
outer loop
vertex -0.34100 0.80017 0.01000
vertex -0.39175 0.79764 0.03105
vertex -0.37985 0.79823 0.04889
endloop
endfacet
facet normal 0.04998 -0.99875 0.00000
outer loop
vertex -0.35500 1.07983 0.01000
vertex -0.38678 1.07823 0.04182
vertex -0.39652 1.07775 0.02722
endloop
endfacet
facet normal 0.98071 0.01403 -0.19497
outer loop
vertex -0.39175 0.79764 0.03105
vertex -0.39593 0.79743 0.01000
vertex -0.39994 1.07758 0.01000
endloop
endfacet
facet normal 0.98071 0.01403 -0.19497
outer loop
vertex -0.39175 0.79764 0.03105
vertex -0.39994 1.07758 0.01000
vertex -0.39652 1.07775 0.02722
endloop
endfacet
facet normal -0.04998 0.99875 0.00000
outer loop
vertex -0.34100 0.80017 0.01000
vertex -0.39593 0.79743 0.01000
vertex -0.39175 0.79764 0.03105
endloop
endfacet
facet normal 0.04998 -0.99875 -0.00000
outer loop
vertex -0.35500 1.07983 0.01000
vertex -0.39652 1.07775 0.02722
vertex -0.39994 1.07758 0.01000
endloop
endfacet
facet normal 0.98071 0.01403 0.19497
outer loop
vertex -0.39593 0.79743 0.01000
vertex -0.39175 0.79764 -0.01105
vertex -0.39652 1.07775 -0.00722
endloop
endfacet
facet normal 0.98071 0.01403 0.19497
outer loop
vertex -0.39593 0.79743 0.01000
vertex -0.39652 1.07775 -0.00722
vertex -0.39994 1.07758 0.01000
endloop
endfacet
facet normal -0.04998 0.99875 -0.00000
outer loop
vertex -0.34100 0.80017 0.01000
vertex -0.39175 0.79764 -0.01105
vertex -0.39593 0.79743 0.01000
endloop
endfacet
facet normal 0.04998 -0.99875 0.00000
outer loop
vertex -0.35500 1.07983 0.01000
vertex -0.39994 1.07758 0.01000
vertex -0.39652 1.07775 -0.00722
endloop
endfacet
facet normal 0.83167 0.00657 0.55523
outer loop
vertex -0.39175 0.79764 -0.01105
vertex -0.37985 0.79823 -0.02889
vertex -0.38678 1.07823 -0.02182
endloop
endfacet
facet normal 0.83167 0.00657 0.55523
outer loop
vertex -0.39175 0.79764 -0.01105
vertex -0.38678 1.07823 -0.02182
vertex -0.39652 1.07775 -0.00722
endloop
endfacet
facet normal -0.04998 0.99875 0.00000
outer loop
vertex -0.34100 0.80017 0.01000
vertex -0.37985 0.79823 -0.02889
vertex -0.39175 0.79764 -0.01105
endloop
endfacet
facet normal 0.04998 -0.99875 -0.00000
outer loop
vertex -0.35500 1.07983 0.01000
vertex -0.39652 1.07775 -0.00722
vertex -0.38678 1.07823 -0.02182
endloop
endfacet
facet normal 0.55629 -0.00721 0.83096
outer loop
vertex -0.37985 0.79823 -0.02889
vertex -0.36202 0.79912 -0.04081
vertex -0.37220 1.07896 -0.03157
endloop
endfacet
facet normal 0.55629 -0.00721 0.83096
outer loop
vertex -0.37985 0.79823 -0.02889
vertex -0.37220 1.07896 -0.03157
vertex -0.38678 1.07823 -0.02182
endloop
endfacet
facet normal -0.04998 0.99875 -0.00000
outer loop
vertex -0.34100 0.80017 0.01000
vertex -0.36202 0.79912 -0.04081
vertex -0.37985 0.79823 -0.02889
endloop
endfacet
facet normal 0.04998 -0.99875 0.00000
outer loop
vertex -0.35500 1.07983 0.01000
vertex -0.38678 1.07823 -0.02182
vertex -0.37220 1.07896 -0.03157
endloop
endfacet
facet normal 0.19648 -0.02522 0.98018
outer loop
vertex -0.36202 0.79912 -0.04081
vertex -0.34100 0.80017 -0.04500
vertex -0.35500 1.07983 -0.03500
endloop
endfacet
facet normal 0.19648 -0.02522 0.98018
outer loop
vertex -0.36202 0.79912 -0.04081
vertex -0.35500 1.07983 -0.03500
vertex -0.37220 1.07896 -0.03157
endloop
endfacet
facet normal -0.04998 0.99875 0.00000
outer loop
vertex -0.34100 0.80017 0.01000
vertex -0.34100 0.80017 -0.04500
vertex -0.36202 0.79912 -0.04081
endloop
endfacet
facet normal 0.04998 -0.99875 0.00000
outer loop
vertex -0.35500 1.07983 0.01000
vertex -0.37220 1.07896 -0.03157
vertex -0.35500 1.07983 -0.03500
endloop
endfacet
facet normal -0.19298 -0.04471 0.98018
outer loop
vertex -0.34100 0.80017 -0.04500
vertex -0.31998 0.80123 -0.04081
vertex -0.33780 1.08069 -0.03157
endloop
endfacet
facet normal -0.19298 -0.04471 0.98018
outer loop
vertex -0.34100 0.80017 -0.04500
vertex -0.33780 1.08069 -0.03157
vertex -0.35500 1.07983 -0.03500
endloop
endfacet
facet normal -0.04998 0.99875 0.00000
outer loop
vertex -0.34100 0.80017 0.01000
vertex -0.31998 0.80123 -0.04081
vertex -0.34100 0.80017 -0.04500
endloop
endfacet
facet normal 0.04998 -0.99875 0.00000
outer loop
vertex -0.35500 1.07983 0.01000
vertex -0.35500 1.07983 -0.03500
vertex -0.33780 1.08069 -0.03157
endloop
endfacet
facet normal -0.55279 -0.06271 0.83096
outer loop
vertex -0.31998 0.80123 -0.04081
vertex -0.30216 0.80212 -0.02889
vertex -0.32322 1.08142 -0.02182
endloop
endfacet
facet normal -0.55279 -0.06271 0.83096
outer loop
vertex -0.31998 0.80123 -0.04081
vertex -0.32322 1.08142 -0.02182
vertex -0.33780 1.08069 -0.03157
endloop
endfacet
facet normal -0.04998 0.99875 -0.00000
outer loop
vertex -0.34100 0.80017 0.01000
vertex -0.30216 0.80212 -0.02889
vertex -0.31998 0.80123 -0.04081
endloop
endfacet
facet normal 0.04998 -0.99875 0.00000
outer loop
vertex -0.35500 1.07983 0.01000
vertex -0.33780 1.08069 -0.03157
vertex -0.32322 1.08142 -0.02182
endloop
endfacet
facet normal -0.82817 -0.07649 0.55523
outer loop
vertex -0.30216 0.80212 -0.02889
vertex -0.29025 0.80271 -0.01105
vertex -0.31347 1.08190 -0.00722
endloop
endfacet
facet normal -0.82817 -0.07649 0.55523
outer loop
vertex -0.30216 0.80212 -0.02889
vertex -0.31347 1.08190 -0.00722
vertex -0.32322 1.08142 -0.02182
endloop
endfacet
facet normal -0.04998 0.99875 0.00000
outer loop
vertex -0.34100 0.80017 0.01000
vertex -0.29025 0.80271 -0.01105
vertex -0.30216 0.80212 -0.02889
endloop
endfacet
facet normal 0.04998 -0.99875 0.00000
outer loop
vertex -0.35500 1.07983 0.01000
vertex -0.32322 1.08142 -0.02182
vertex -0.31347 1.08190 -0.00722
endloop
endfacet
facet normal -0.97721 -0.08395 0.19497
outer loop
vertex -0.29025 0.80271 -0.01105
vertex -0.28607 0.80292 0.01000
vertex -0.31005 1.08207 0.01000
endloop
endfacet
facet normal -0.97721 -0.08395 0.19497
outer loop
vertex -0.29025 0.80271 -0.01105
vertex -0.31005 1.08207 0.01000
vertex -0.31347 1.08190 -0.00722
endloop
endfacet
facet normal -0.04998 0.99875 -0.00000
outer loop
vertex -0.34100 0.80017 0.01000
vertex -0.28607 0.80292 0.01000
vertex -0.29025 0.80271 -0.01105
endloop
endfacet
facet normal 0.04998 -0.99875 -0.00000
outer loop
vertex -0.35500 1.07983 0.01000
vertex -0.31347 1.08190 -0.00722
vertex -0.31005 1.08207 0.01000
endloop
endfacet
facet normal -0.98071 0.01403 -0.19497
outer loop
vertex 0.39593 0.79743 0.01000
vertex 0.39175 0.79764 0.03105
vertex 0.39652 1.07775 0.02722
endloop
endfacet
facet normal -0.98071 0.01403 -0.19497
outer loop
vertex 0.39593 0.79743 0.01000
vertex 0.39652 1.07775 0.02722
vertex 0.39994 1.07758 0.01000
endloop
endfacet
facet normal 0.04998 0.99875 0.00000
outer loop
vertex 0.34100 0.80017 0.01000
vertex 0.39175 0.79764 0.03105
vertex 0.39593 0.79743 0.01000
endloop
endfacet
facet normal -0.04998 -0.99875 -0.00000
outer loop
vertex 0.35500 1.07983 0.01000
vertex 0.39994 1.07758 0.01000
vertex 0.39652 1.07775 0.02722
endloop
endfacet
facet normal -0.83167 0.00657 -0.55523
outer loop
vertex 0.39175 0.79764 0.03105
vertex 0.37985 0.79823 0.04889
vertex 0.38678 1.07823 0.04182
endloop
endfacet
facet normal -0.83167 0.00657 -0.55523
outer loop
vertex 0.39175 0.79764 0.03105
vertex 0.38678 1.07823 0.04182
vertex 0.39652 1.07775 0.02722
endloop
endfacet
facet normal 0.04998 0.99875 -0.00000
outer loop
vertex 0.34100 0.80017 0.01000
vertex 0.37985 0.79823 0.04889
vertex 0.39175 0.79764 0.03105
endloop
endfacet
facet normal -0.04998 -0.99875 0.00000
outer loop
vertex 0.35500 1.07983 0.01000
vertex 0.39652 1.07775 0.02722
vertex 0.38678 1.07823 0.04182
endloop
endfacet
facet normal -0.55629 -0.00721 -0.83096
outer loop
vertex 0.37985 0.79823 0.04889
vertex 0.36202 0.79912 0.06081
vertex 0.37220 1.07896 0.05157
endloop
endfacet
facet normal -0.55629 -0.00721 -0.83096
outer loop
vertex 0.37985 0.79823 0.04889
vertex 0.37220 1.07896 0.05157
vertex 0.38678 1.07823 0.04182
endloop
endfacet
facet normal 0.04998 0.99875 0.00000
outer loop
vertex 0.34100 0.80017 0.01000
vertex 0.36202 0.79912 0.06081
vertex 0.37985 0.79823 0.04889
endloop
endfacet
facet normal -0.04998 -0.99875 -0.00000
outer loop
vertex 0.35500 1.07983 0.01000
vertex 0.38678 1.07823 0.04182
vertex 0.37220 1.07896 0.05157
endloop
endfacet
facet normal -0.19648 -0.02522 -0.98018
outer loop
vertex 0.36202 0.79912 0.06081
vertex 0.34100 0.80017 0.06500
vertex 0.35500 1.07983 0.05500
endloop
endfacet
facet normal -0.19648 -0.02522 -0.98018
outer loop
vertex 0.36202 0.79912 0.06081
vertex 0.35500 1.07983 0.05500
vertex 0.37220 1.07896 0.05157
endloop
endfacet
facet normal 0.04998 0.99875 0.00000
outer loop
vertex 0.34100 0.80017 0.01000
vertex 0.34100 0.80017 0.06500
vertex 0.36202 0.79912 0.06081
endloop
endfacet
facet normal -0.04998 -0.99875 0.00000
outer loop
vertex 0.35500 1.07983 0.01000
vertex 0.37220 1.07896 0.05157
vertex 0.35500 1.07983 0.05500
endloop
endfacet
facet normal 0.19298 -0.04471 -0.98018
outer loop
vertex 0.34100 0.80017 0.06500
vertex 0.31998 0.80123 0.06081
vertex 0.33780 1.08069 0.05157
endloop
endfacet
facet normal 0.19298 -0.04471 -0.98018
outer loop
vertex 0.34100 0.80017 0.06500
vertex 0.33780 1.08069 0.05157
vertex 0.35500 1.07983 0.05500
endloop
endfacet
facet normal 0.04998 0.99875 0.00000
outer loop
vertex 0.34100 0.80017 0.01000
vertex 0.31998 0.80123 0.06081
vertex 0.34100 0.80017 0.06500
endloop
endfacet
facet normal -0.04998 -0.99875 0.00000
outer loop
vertex 0.35500 1.07983 0.01000
vertex 0.35500 1.07983 0.05500
vertex 0.33780 1.08069 0.05157
endloop
endfacet
facet normal 0.55279 -0.06271 -0.83096
outer loop
vertex 0.31998 0.80123 0.06081
vertex 0.30216 0.80212 0.04889
vertex 0.32322 1.08142 0.04182
endloop
endfacet
facet normal 0.55279 -0.06271 -0.83096
outer loop
vertex 0.31998 0.80123 0.06081
vertex 0.32322 1.08142 0.04182
vertex 0.33780 1.08069 0.05157
endloop
endfacet
facet normal 0.04998 0.99875 0.00000
outer loop
vertex 0.34100 0.80017 0.01000
vertex 0.30216 0.80212 0.04889
vertex 0.31998 0.80123 0.06081
endloop
endfacet
facet normal -0.04998 -0.99875 -0.00000
outer loop
vertex 0.35500 1.07983 0.01000
vertex 0.33780 1.08069 0.05157
vertex 0.32322 1.08142 0.04182
endloop
endfacet
facet normal 0.82817 -0.07649 -0.55523
outer loop
vertex 0.30216 0.80212 0.04889
vertex 0.29025 0.80271 0.03105
vertex 0.31347 1.08190 0.02722
endloop
endfacet
facet normal 0.82817 -0.07649 -0.55523
outer loop
vertex 0.30216 0.80212 0.04889
vertex 0.31347 1.08190 0.02722
vertex 0.32322 1.08142 0.04182
endloop
endfacet
facet normal 0.04998 0.99875 -0.00000
outer loop
vertex 0.34100 0.80017 0.01000
vertex 0.29025 0.80271 0.03105
vertex 0.30216 0.80212 0.04889
endloop
endfacet
facet normal -0.04998 -0.99875 -0.00000
outer loop
vertex 0.35500 1.07983 0.01000
vertex 0.32322 1.08142 0.04182
vertex 0.31347 1.08190 0.02722
endloop
endfacet
facet normal 0.97721 -0.08395 -0.19497
outer loop
vertex 0.29025 0.80271 0.03105
vertex 0.28607 0.80292 0.01000
vertex 0.31005 1.08207 0.01000
endloop
endfacet
facet normal 0.97721 -0.08395 -0.19497
outer loop
vertex 0.29025 0.80271 0.03105
vertex 0.31005 1.08207 0.01000
vertex 0.31347 1.08190 0.02722
endloop
endfacet
facet normal 0.04998 0.99875 0.00000
outer loop
vertex 0.34100 0.80017 0.01000
vertex 0.28607 0.80292 0.01000
vertex 0.29025 0.80271 0.03105
endloop
endfacet
facet normal -0.04998 -0.99875 0.00000
outer loop
vertex 0.35500 1.07983 0.01000
vertex 0.31347 1.08190 0.02722
vertex 0.31005 1.08207 0.01000
endloop
endfacet
facet normal 0.97721 -0.08395 0.19497
outer loop
vertex 0.28607 0.80292 0.01000
vertex 0.29025 0.80271 -0.01105
vertex 0.31347 1.08190 -0.00722
endloop
endfacet
facet normal 0.97721 -0.08395 0.19497
outer loop
vertex 0.28607 0.80292 0.01000
vertex 0.31347 1.08190 -0.00722
vertex 0.31005 1.08207 0.01000
endloop
endfacet
facet normal 0.04998 0.99875 -0.00000
outer loop
vertex 0.34100 0.80017 0.01000
vertex 0.29025 0.80271 -0.01105
vertex 0.28607 0.80292 0.01000
endloop
endfacet
facet normal -0.04998 -0.99875 -0.00000
outer loop
vertex 0.35500 1.07983 0.01000
vertex 0.31005 1.08207 0.01000
vertex 0.31347 1.08190 -0.00722
endloop
endfacet
facet normal 0.82817 -0.07649 0.55523
outer loop
vertex 0.29025 0.80271 -0.01105
vertex 0.30216 0.80212 -0.02889
vertex 0.32322 1.08142 -0.02182
endloop
endfacet
facet normal 0.82817 -0.07649 0.55523
outer loop
vertex 0.29025 0.80271 -0.01105
vertex 0.32322 1.08142 -0.02182
vertex 0.31347 1.08190 -0.00722
endloop
endfacet
facet normal 0.04998 0.99875 0.00000
outer loop
vertex 0.34100 0.80017 0.01000
vertex 0.30216 0.80212 -0.02889
vertex 0.29025 0.80271 -0.01105
endloop
endfacet
facet normal -0.04998 -0.99875 0.00000
outer loop
vertex 0.35500 1.07983 0.01000
vertex 0.31347 1.08190 -0.00722
vertex 0.32322 1.08142 -0.02182
endloop
endfacet
facet normal 0.55279 -0.06271 0.83096
outer loop
vertex 0.30216 0.80212 -0.02889
vertex 0.31998 0.80123 -0.04081
vertex 0.33780 1.08069 -0.03157
endloop
endfacet
facet normal 0.55279 -0.06271 0.83096
outer loop
vertex 0.30216 0.80212 -0.02889
vertex 0.33780 1.08069 -0.03157
vertex 0.32322 1.08142 -0.02182
endloop
endfacet
facet normal 0.04998 0.99875 -0.00000
outer loop
vertex 0.34100 0.80017 0.01000
vertex 0.31998 0.80123 -0.04081
vertex 0.30216 0.80212 -0.02889
endloop
endfacet
facet normal -0.04998 -0.99875 0.00000
outer loop
vertex 0.35500 1.07983 0.01000
vertex 0.32322 1.08142 -0.02182
vertex 0.33780 1.08069 -0.03157
endloop
endfacet
facet normal 0.19298 -0.04471 0.98018
outer loop
vertex 0.31998 0.80123 -0.04081
vertex 0.34100 0.80017 -0.04500
vertex 0.35500 1.07983 -0.03500
endloop
endfacet
facet normal 0.19298 -0.04471 0.98018
outer loop
vertex 0.31998 0.80123 -0.04081
vertex 0.35500 1.07983 -0.03500
vertex 0.33780 1.08069 -0.03157
endloop
endfacet
facet normal 0.04998 0.99875 0.00000
outer loop
vertex 0.34100 0.80017 0.01000
vertex 0.34100 0.80017 -0.04500
vertex 0.31998 0.80123 -0.04081
endloop
endfacet
facet normal -0.04998 -0.99875 0.00000
outer loop
vertex 0.35500 1.07983 0.01000
vertex 0.33780 1.08069 -0.03157
vertex 0.35500 1.07983 -0.03500
endloop
endfacet
facet normal -0.19648 -0.02522 0.98018
outer loop
vertex 0.34100 0.80017 -0.04500
vertex 0.36202 0.79912 -0.04081
vertex 0.37220 1.07896 -0.03157
endloop
endfacet
facet normal -0.19648 -0.02522 0.98018
outer loop
vertex 0.34100 0.80017 -0.04500
vertex 0.37220 1.07896 -0.03157
vertex 0.35500 1.07983 -0.03500
endloop
endfacet
facet normal 0.04998 0.99875 0.00000
outer loop
vertex 0.34100 0.80017 0.01000
vertex 0.36202 0.79912 -0.04081
vertex 0.34100 0.80017 -0.04500
endloop
endfacet
facet normal -0.04998 -0.99875 0.00000
outer loop
vertex 0.35500 1.07983 0.01000
vertex 0.35500 1.07983 -0.03500
vertex 0.37220 1.07896 -0.03157
endloop
endfacet
facet normal -0.55629 -0.00721 0.83096
outer loop
vertex 0.36202 0.79912 -0.04081
vertex 0.37985 0.79823 -0.02889
vertex 0.38678 1.07823 -0.02182
endloop
endfacet
facet normal -0.55629 -0.00721 0.83096
outer loop
vertex 0.36202 0.79912 -0.04081
vertex 0.38678 1.07823 -0.02182
vertex 0.37220 1.07896 -0.03157
endloop
endfacet
facet normal 0.04998 0.99875 -0.00000
outer loop
vertex 0.34100 0.80017 0.01000
vertex 0.37985 0.79823 -0.02889
vertex 0.36202 0.79912 -0.04081
endloop
endfacet
facet normal -0.04998 -0.99875 0.00000
outer loop
vertex 0.35500 1.07983 0.01000
vertex 0.37220 1.07896 -0.03157
vertex 0.38678 1.07823 -0.02182
endloop
endfacet
facet normal -0.83167 0.00657 0.55523
outer loop
vertex 0.37985 0.79823 -0.02889
vertex 0.39175 0.79764 -0.01105
vertex 0.39652 1.07775 -0.00722
endloop
endfacet
facet normal -0.83167 0.00657 0.55523
outer loop
vertex 0.37985 0.79823 -0.02889
vertex 0.39652 1.07775 -0.00722
vertex 0.38678 1.07823 -0.02182
endloop
endfacet
facet normal 0.04998 0.99875 0.00000
outer loop
vertex 0.34100 0.80017 0.01000
vertex 0.39175 0.79764 -0.01105
vertex 0.37985 0.79823 -0.02889
endloop
endfacet
facet normal -0.04998 -0.99875 -0.00000
outer loop
vertex 0.35500 1.07983 0.01000
vertex 0.38678 1.07823 -0.02182
vertex 0.39652 1.07775 -0.00722
endloop
endfacet
facet normal -0.98071 0.01403 0.19497
outer loop
vertex 0.39175 0.79764 -0.01105
vertex 0.39593 0.79743 0.01000
vertex 0.39994 1.07758 0.01000
endloop
endfacet
facet normal -0.98071 0.01403 0.19497
outer loop
vertex 0.39175 0.79764 -0.01105
vertex 0.39994 1.07758 0.01000
vertex 0.39652 1.07775 -0.00722
endloop
endfacet
facet normal 0.04998 0.99875 -0.00000
outer loop
vertex 0.34100 0.80017 0.01000
vertex 0.39593 0.79743 0.01000
vertex 0.39175 0.79764 -0.01105
endloop
endfacet
facet normal -0.04998 -0.99875 0.00000
outer loop
vertex 0.35500 1.07983 0.01000
vertex 0.39652 1.07775 -0.00722
vertex 0.39994 1.07758 0.01000
endloop
endfacet
facet normal -0.98115 -0.13208 -0.14107
outer loop
vertex 0.29000 0.56000 -0.10000
vertex 0.27825 0.56000 -0.01830
vertex 0.21109 1.08000 -0.03802
endloop
endfacet
facet normal -0.98115 -0.13208 -0.14107
outer loop
vertex 0.29000 0.56000 -0.10000
vertex 0.21109 1.08000 -0.03802
vertex 0.22000 1.08000 -0.10000
endloop
endfacet
facet normal 0.00000 1.00000 0.00000
outer loop
vertex 0.00000 0.56000 -0.10000
vertex 0.27825 0.56000 -0.01830
vertex 0.29000 0.56000 -0.10000
endloop
endfacet
facet normal 0.00000 -1.00000 0.00000
outer loop
vertex 0.00000 1.08000 -0.10000
vertex 0.22000 1.08000 -0.10000
vertex 0.21109 1.08000 -0.03802
endloop
endfacet
facet normal -0.90166 -0.13208 -0.41178
outer loop
vertex 0.27825 0.56000 -0.01830
vertex 0.24396 0.56000 0.05679
vertex 0.18508 1.08000 0.01894
endloop
endfacet
facet normal -0.90166 -0.13208 -0.41178
outer loop
vertex 0.27825 0.56000 -0.01830
vertex 0.18508 1.08000 0.01894
vertex 0.21109 1.08000 -0.03802
endloop
endfacet
facet normal 0.00000 1.00000 0.00000
outer loop
vertex 0.00000 0.56000 -0.10000
vertex 0.24396 0.56000 0.05679
vertex 0.27825 0.56000 -0.01830
endloop
endfacet
facet normal 0.00000 -1.00000 0.00000
outer loop
vertex 0.00000 1.08000 -0.10000
vertex 0.21109 1.08000 -0.03802
vertex 0.18508 1.08000 0.01894
endloop
endfacet
facet normal -0.74913 -0.13208 -0.64912
outer loop
vertex 0.24396 0.56000 0.05679
vertex 0.18991 0.56000 0.11917
vertex 0.14407 1.08000 0.06626
endloop
endfacet
facet normal -0.74913 -0.13208 -0.64912
outer loop
vertex 0.24396 0.56000 0.05679
vertex 0.14407 1.08000 0.06626
vertex 0.18508 1.08000 0.01894
endloop
endfacet
facet normal 0.00000 1.00000 0.00000
outer loop
vertex 0.00000 0.56000 -0.10000
vertex 0.18991 0.56000 0.11917
vertex 0.24396 0.56000 0.05679
endloop
endfacet
facet normal 0.00000 -1.00000 0.00000
outer loop
vertex 0.00000 1.08000 -0.10000
vertex 0.18508 1.08000 0.01894
vertex 0.14407 1.08000 0.06626
endloop
endfacet
facet normal -0.53590 -0.13208 -0.83388
outer loop
vertex 0.18991 0.56000 0.11917
vertex 0.12047 0.56000 0.16379
vertex 0.09139 1.08000 0.10012
endloop
endfacet
facet normal -0.53590 -0.13208 -0.83388
outer loop
vertex 0.18991 0.56000 0.11917
vertex 0.09139 1.08000 0.10012
vertex 0.14407 1.08000 0.06626
endloop
endfacet
facet normal 0.00000 1.00000 0.00000
outer loop
vertex 0.00000 0.56000 -0.10000
vertex 0.12047 0.56000 0.16379
vertex 0.18991 0.56000 0.11917
endloop
endfacet
facet normal 0.00000 -1.00000 0.00000
outer loop
vertex 0.00000 1.08000 -0.10000
vertex 0.14407 1.08000 0.06626
vertex 0.09139 1.08000 0.10012
endloop
endfacet
facet normal -0.27926 -0.13208 -0.95109
outer loop
vertex 0.12047 0.56000 0.16379
vertex 0.04127 0.56000 0.18705
vertex 0.03131 1.08000 0.11776
endloop
endfacet
facet normal -0.27926 -0.13208 -0.95109
outer loop
vertex 0.12047 0.56000 0.16379
vertex 0.03131 1.08000 0.11776
vertex 0.09139 1.08000 0.10012
endloop
endfacet
facet normal 0.00000 1.00000 0.00000
outer loop
vertex 0.00000 0.56000 -0.10000
vertex 0.04127 0.56000 0.18705
vertex 0.12047 0.56000 0.16379
endloop
endfacet
facet normal 0.00000 -1.00000 0.00000
outer loop
vertex 0.00000 1.08000 -0.10000
vertex 0.09139 1.08000 0.10012
vertex 0.03131 1.08000 0.11776
endloop
endfacet
facet normal -0.00000 -0.13208 -0.99124
outer loop
vertex 0.04127 0.56000 0.18705
vertex -0.04127 0.56000 0.18705
vertex -0.03131 1.08000 0.11776
endloop
endfacet
facet normal -0.00000 -0.13208 -0.99124
outer loop
vertex 0.04127 0.56000 0.18705
vertex -0.03131 1.08000 0.11776
vertex 0.03131 1.08000 0.11776
endloop
endfacet
facet normal 0.00000 1.00000 0.00000
outer loop
vertex 0.00000 0.56000 -0.10000
vertex -0.04127 0.56000 0.18705
vertex 0.04127 0.56000 0.18705
endloop
endfacet
facet normal 0.00000 -1.00000 0.00000
outer loop
vertex 0.00000 1.08000 -0.10000
vertex 0.03131 1.08000 0.11776
vertex -0.03131 1.08000 0.11776
endloop
endfacet
facet normal 0.27926 -0.13208 -0.95109
outer loop
vertex -0.04127 0.56000 0.18705
vertex -0.12047 0.56000 0.16379
vertex -0.09139 1.08000 0.10012
endloop
endfacet
facet normal 0.27926 -0.13208 -0.95109
outer loop
vertex -0.04127 0.56000 0.18705
vertex -0.09139 1.08000 0.10012
vertex -0.03131 1.08000 0.11776
endloop
endfacet
facet normal 0.00000 1.00000 0.00000
outer loop
vertex 0.00000 0.56000 -0.10000
vertex -0.12047 0.56000 0.16379
vertex -0.04127 0.56000 0.18705
endloop
endfacet
facet normal 0.00000 -1.00000 0.00000
outer loop
vertex 0.00000 1.08000 -0.10000
vertex -0.03131 1.08000 0.11776
vertex -0.09139 1.08000 0.10012
endloop
endfacet
facet normal 0.53590 -0.13208 -0.83388
outer loop
vertex -0.12047 0.56000 0.16379
vertex -0.18991 0.56000 0.11917
vertex -0.14407 1.08000 0.06626
endloop
endfacet
facet normal 0.53590 -0.13208 -0.83388
outer loop
vertex -0.12047 0.56000 0.16379
vertex -0.14407 1.08000 0.06626
vertex -0.09139 1.08000 0.10012
endloop
endfacet
facet normal 0.00000 1.00000 0.00000
outer loop
vertex 0.00000 0.56000 -0.10000
vertex -0.18991 0.56000 0.11917
vertex -0.12047 0.56000 0.16379
endloop
endfacet
facet normal 0.00000 -1.00000 0.00000
outer loop
vertex 0.00000 1.08000 -0.10000
vertex -0.09139 1.08000 0.10012
vertex -0.14407 1.08000 0.06626
endloop
endfacet
facet normal 0.74913 -0.13208 -0.64912
outer loop
vertex -0.18991 0.56000 0.11917
vertex -0.24396 0.56000 0.05679
vertex -0.18508 1.08000 0.01894
endloop
endfacet
facet normal 0.74913 -0.13208 -0.64912
outer loop
vertex -0.18991 0.56000 0.11917
vertex -0.18508 1.08000 0.01894
vertex -0.14407 1.08000 0.06626
endloop
endfacet
facet normal 0.00000 1.00000 0.00000
outer loop
vertex 0.00000 0.56000 -0.10000
vertex -0.24396 0.56000 0.05679
vertex -0.18991 0.56000 0.11917
endloop
endfacet
facet normal 0.00000 -1.00000 0.00000
outer loop
vertex 0.00000 1.08000 -0.10000
vertex -0.14407 1.08000 0.06626
vertex -0.18508 1.08000 0.01894
endloop
endfacet
facet normal 0.90166 -0.13208 -0.41178
outer loop
vertex -0.24396 0.56000 0.05679
vertex -0.27825 0.56000 -0.01830
vertex -0.21109 1.08000 -0.03802
endloop
endfacet
facet normal 0.90166 -0.13208 -0.41178
outer loop
vertex -0.24396 0.56000 0.05679
vertex -0.21109 1.08000 -0.03802
vertex -0.18508 1.08000 0.01894
endloop
endfacet
facet normal 0.00000 1.00000 0.00000
outer loop
vertex 0.00000 0.56000 -0.10000
vertex -0.27825 0.56000 -0.01830
vertex -0.24396 0.56000 0.05679
endloop
endfacet
facet normal 0.00000 -1.00000 0.00000
outer loop
vertex 0.00000 1.08000 -0.10000
vertex -0.18508 1.08000 0.01894
vertex -0.21109 1.08000 -0.03802
endloop
endfacet
facet normal 0.98115 -0.13208 -0.14107
outer loop
vertex -0.27825 0.56000 -0.01830
vertex -0.29000 0.56000 -0.10000
vertex -0.22000 1.08000 -0.10000
endloop
endfacet
facet normal 0.98115 -0.13208 -0.14107
outer loop
vertex -0.27825 0.56000 -0.01830
vertex -0.22000 1.08000 -0.10000
vertex -0.21109 1.08000 -0.03802
endloop
endfacet
facet normal 0.00000 1.00000 0.00000
outer loop
vertex 0.00000 0.56000 -0.10000
vertex -0.29000 0.56000 -0.10000
vertex -0.27825 0.56000 -0.01830
endloop
endfacet
facet normal 0.00000 -1.00000 0.00000
outer loop
vertex 0.00000 1.08000 -0.10000
vertex -0.21109 1.08000 -0.03802
vertex -0.22000 1.08000 -0.10000
endloop
endfacet
facet normal 0.98115 -0.13208 0.14107
outer loop
vertex -0.29000 0.56000 -0.10000
vertex -0.27825 0.56000 -0.18170
vertex -0.21109 1.08000 -0.16198
endloop
endfacet
facet normal 0.98115 -0.13208 0.14107
outer loop
vertex -0.29000 0.56000 -0.10000
vertex -0.21109 1.08000 -0.16198
vertex -0.22000 1.08000 -0.10000
endloop
endfacet
facet normal 0.00000 1.00000 0.00000
outer loop
vertex 0.00000 0.56000 -0.10000
vertex -0.27825 0.56000 -0.18170
vertex -0.29000 0.56000 -0.10000
endloop
endfacet
facet normal 0.00000 -1.00000 0.00000
outer loop
vertex 0.00000 1.08000 -0.10000
vertex -0.22000 1.08000 -0.10000
vertex -0.21109 1.08000 -0.16198
endloop
endfacet
facet normal 0.90166 -0.13208 0.41178
outer loop
vertex -0.27825 0.56000 -0.18170
vertex -0.24396 0.56000 -0.25679
vertex -0.18508 1.08000 -0.21894
endloop
endfacet
facet normal 0.90166 -0.13208 0.41178
outer loop
vertex -0.27825 0.56000 -0.18170
vertex -0.18508 1.08000 -0.21894
vertex -0.21109 1.08000 -0.16198
endloop
endfacet
facet normal 0.00000 1.00000 0.00000
outer loop
vertex 0.00000 0.56000 -0.10000
vertex -0.24396 0.56000 -0.25679
vertex -0.27825 0.56000 -0.18170
endloop
endfacet
facet normal 0.00000 -1.00000 0.00000
outer loop
vertex 0.00000 1.08000 -0.10000
vertex -0.21109 1.08000 -0.16198
vertex -0.18508 1.08000 -0.21894
endloop
endfacet
facet normal 0.74913 -0.13208 0.64912
outer loop
vertex -0.24396 0.56000 -0.25679
vertex -0.18991 0.56000 -0.31917
vertex -0.14407 1.08000 -0.26626
endloop
endfacet
facet normal 0.74913 -0.13208 0.64912
outer loop
vertex -0.24396 0.56000 -0.25679
vertex -0.14407 1.08000 -0.26626
vertex -0.18508 1.08000 -0.21894
endloop
endfacet
facet normal 0.00000 1.00000 0.00000
outer loop
vertex 0.00000 0.56000 -0.10000
vertex -0.18991 0.56000 -0.31917
vertex -0.24396 0.56000 -0.25679
endloop
endfacet
facet normal 0.00000 -1.00000 0.00000
outer loop
vertex 0.00000 1.08000 -0.10000
vertex -0.18508 1.08000 -0.21894
vertex -0.14407 1.08000 -0.26626
endloop
endfacet
facet normal 0.53590 -0.13208 0.83388
outer loop
vertex -0.18991 0.56000 -0.31917
vertex -0.12047 0.56000 -0.36379
vertex -0.09139 1.08000 -0.30012
endloop
endfacet
facet normal 0.53590 -0.13208 0.83388
outer loop
vertex -0.18991 0.56000 -0.31917
vertex -0.09139 1.08000 -0.30012
vertex -0.14407 1.08000 -0.26626
endloop
endfacet
facet normal 0.00000 1.00000 0.00000
outer loop
vertex 0.00000 0.56000 -0.10000
vertex -0.12047 0.56000 -0.36379
vertex -0.18991 0.56000 -0.31917
endloop
endfacet
facet normal 0.00000 -1.00000 0.00000
outer loop
vertex 0.00000 1.08000 -0.10000
vertex -0.14407 1.08000 -0.26626
vertex -0.09139 1.08000 -0.30012
endloop
endfacet
facet normal 0.27926 -0.13208 0.95109
outer loop
vertex -0.12047 0.56000 -0.36379
vertex -0.04127 0.56000 -0.38705
vertex -0.03131 1.08000 -0.31776
endloop
endfacet
facet normal 0.27926 -0.13208 0.95109
outer loop
vertex -0.12047 0.56000 -0.36379
vertex -0.03131 1.08000 -0.31776
vertex -0.09139 1.08000 -0.30012
endloop
endfacet
facet normal 0.00000 1.00000 0.00000
outer loop
vertex 0.00000 0.56000 -0.10000
vertex -0.04127 0.56000 -0.38705
vertex -0.12047 0.56000 -0.36379
endloop
endfacet
facet normal 0.00000 -1.00000 0.00000
outer loop
vertex 0.00000 1.08000 -0.10000
vertex -0.09139 1.08000 -0.30012
vertex -0.03131 1.08000 -0.31776
endloop
endfacet
facet normal 0.00000 -0.13208 0.99124
outer loop
vertex -0.04127 0.56000 -0.38705
vertex 0.04127 0.56000 -0.38705
vertex 0.03131 1.08000 -0.31776
endloop
endfacet
facet normal 0.00000 -0.13208 0.99124
outer loop
vertex -0.04127 0.56000 -0.38705
vertex 0.03131 1.08000 -0.31776
vertex -0.03131 1.08000 -0.31776
endloop
endfacet
facet normal 0.00000 1.00000 0.00000
outer loop
vertex 0.00000 0.56000 -0.10000
vertex 0.04127 0.56000 -0.38705
vertex -0.04127 0.56000 -0.38705
endloop
endfacet
facet normal 0.00000 -1.00000 0.00000
outer loop
vertex 0.00000 1.08000 -0.10000
vertex -0.03131 1.08000 -0.31776
vertex 0.03131 1.08000 -0.31776
endloop
endfacet
facet normal -0.27926 -0.13208 0.95109
outer loop
vertex 0.04127 0.56000 -0.38705
vertex 0.12047 0.56000 -0.36379
vertex 0.09139 1.08000 -0.30012
endloop
endfacet
facet normal -0.27926 -0.13208 0.95109
outer loop
vertex 0.04127 0.56000 -0.38705
vertex 0.09139 1.08000 -0.30012
vertex 0.03131 1.08000 -0.31776
endloop
endfacet
facet normal 0.00000 1.00000 0.00000
outer loop
vertex 0.00000 0.56000 -0.10000
vertex 0.12047 0.56000 -0.36379
vertex 0.04127 0.56000 -0.38705
endloop
endfacet
facet normal 0.00000 -1.00000 0.00000
outer loop
vertex 0.00000 1.08000 -0.10000
vertex 0.03131 1.08000 -0.31776
vertex 0.09139 1.08000 -0.30012
endloop
endfacet
facet normal -0.53590 -0.13208 0.83388
outer loop
vertex 0.12047 0.56000 -0.36379
vertex 0.18991 0.56000 -0.31917
vertex 0.14407 1.08000 -0.26626
endloop
endfacet
facet normal -0.53590 -0.13208 0.83388
outer loop
vertex 0.12047 0.56000 -0.36379
vertex 0.14407 1.08000 -0.26626
vertex 0.09139 1.08000 -0.30012
endloop
endfacet
facet normal 0.00000 1.00000 0.00000
outer loop
vertex 0.00000 0.56000 -0.10000
vertex 0.18991 0.56000 -0.31917
vertex 0.12047 0.56000 -0.36379
endloop
endfacet
facet normal 0.00000 -1.00000 0.00000
outer loop
vertex 0.00000 1.08000 -0.10000
vertex 0.09139 1.08000 -0.30012
vertex 0.14407 1.08000 -0.26626
endloop
endfacet
facet normal -0.74913 -0.13208 0.64912
outer loop
vertex 0.18991 0.56000 -0.31917
vertex 0.24396 0.56000 -0.25679
vertex 0.18508 1.08000 -0.21894
endloop
endfacet
facet normal -0.74913 -0.13208 0.64912
outer loop
vertex 0.18991 0.56000 -0.31917
vertex 0.18508 1.08000 -0.21894
vertex 0.14407 1.08000 -0.26626
endloop
endfacet
facet normal 0.00000 1.00000 0.00000
outer loop
vertex 0.00000 0.56000 -0.10000
vertex 0.24396 0.56000 -0.25679
vertex 0.18991 0.56000 -0.31917
endloop
endfacet
facet normal 0.00000 -1.00000 0.00000
outer loop
vertex 0.00000 1.08000 -0.10000
vertex 0.14407 1.08000 -0.26626
vertex 0.18508 1.08000 -0.21894
endloop
endfacet
facet normal -0.90166 -0.13208 0.41178
outer loop
vertex 0.24396 0.56000 -0.25679
vertex 0.27825 0.56000 -0.18170
vertex 0.21109 1.08000 -0.16198
endloop
endfacet
facet normal -0.90166 -0.13208 0.41178
outer loop
vertex 0.24396 0.56000 -0.25679
vertex 0.21109 1.08000 -0.16198
vertex 0.18508 1.08000 -0.21894
endloop
endfacet
facet normal 0.00000 1.00000 0.00000
outer loop
vertex 0.00000 0.56000 -0.10000
vertex 0.27825 0.56000 -0.18170
vertex 0.24396 0.56000 -0.25679
endloop
endfacet
facet normal 0.00000 -1.00000 0.00000
outer loop
vertex 0.00000 1.08000 -0.10000
vertex 0.18508 1.08000 -0.21894
vertex 0.21109 1.08000 -0.16198
endloop
endfacet
facet normal -0.98115 -0.13208 0.14107
outer loop
vertex 0.27825 0.56000 -0.18170
vertex 0.29000 0.56000 -0.10000
vertex 0.22000 1.08000 -0.10000
endloop
endfacet
facet normal -0.98115 -0.13208 0.14107
outer loop
vertex 0.27825 0.56000 -0.18170
vertex 0.22000 1.08000 -0.10000
vertex 0.21109 1.08000 -0.16198
endloop
endfacet
facet normal 0.00000 1.00000 0.00000
outer loop
vertex 0.00000 0.56000 -0.10000
vertex 0.29000 0.56000 -0.10000
vertex 0.27825 0.56000 -0.18170
endloop
endfacet
facet normal 0.00000 -1.00000 0.00000
outer loop
vertex 0.00000 1.08000 -0.10000
vertex 0.21109 1.08000 -0.16198
vertex 0.22000 1.08000 -0.10000
endloop
endfacet
facet normal -0.98481 0.00000 -0.17365
outer loop
vertex 0.16000 1.75000 0.00000
vertex 0.15035 1.75000 0.05472
vertex 0.15035 1.81000 0.05472
endloop
endfacet
facet normal -0.98481 0.00000 -0.17365
outer loop
vertex 0.16000 1.75000 0.00000
vertex 0.15035 1.81000 0.05472
vertex 0.16000 1.81000 0.00000
endloop
endfacet
facet normal 0.00000 1.00000 0.00000
outer loop
vertex 0.00000 1.75000 0.00000
vertex 0.15035 1.75000 0.05472
vertex 0.16000 1.75000 0.00000
endloop
endfacet
facet normal 0.00000 -1.00000 0.00000
outer loop
vertex 0.00000 1.81000 0.00000
vertex 0.16000 1.81000 0.00000
vertex 0.15035 1.81000 0.05472
endloop
endfacet
facet normal -0.86603 0.00000 -0.50000
outer loop
vertex 0.15035 1.75000 0.05472
vertex 0.12257 1.75000 0.10285
vertex 0.12257 1.81000 0.10285
endloop
endfacet
facet normal -0.86603 0.00000 -0.50000
outer loop
vertex 0.15035 1.75000 0.05472
vertex 0.12257 1.81000 0.10285
vertex 0.15035 1.81000 0.05472
endloop
endfacet
facet normal 0.00000 1.00000 0.00000
outer loop
vertex 0.00000 1.75000 0.00000
vertex 0.12257 1.75000 0.10285
vertex 0.15035 1.75000 0.05472
endloop
endfacet
facet normal 0.00000 -1.00000 0.00000
outer loop
vertex 0.00000 1.81000 0.00000
vertex 0.15035 1.81000 0.05472
vertex 0.12257 1.81000 0.10285
endloop
endfacet
facet normal -0.64279 0.00000 -0.76604
outer loop
vertex 0.12257 1.75000 0.10285
vertex 0.08000 1.75000 0.13856
vertex 0.08000 1.81000 0.13856
endloop
endfacet
facet normal -0.64279 0.00000 -0.76604
outer loop
vertex 0.12257 1.75000 0.10285
vertex 0.08000 1.81000 0.13856
vertex 0.12257 1.81000 0.10285
endloop
endfacet
facet normal 0.00000 1.00000 0.00000
outer loop
vertex 0.00000 1.75000 0.00000
vertex 0.08000 1.75000 0.13856
vertex 0.12257 1.75000 0.10285
endloop
endfacet
facet normal 0.00000 -1.00000 0.00000
outer loop
vertex 0.00000 1.81000 0.00000
vertex 0.12257 1.81000 0.10285
vertex 0.08000 1.81000 0.13856
endloop
endfacet
facet normal -0.34202 0.00000 -0.93969
outer loop
vertex 0.08000 1.75000 0.13856
vertex 0.02778 1.75000 0.15757
vertex 0.02778 1.81000 0.15757
endloop
endfacet
facet normal -0.34202 0.00000 -0.93969
outer loop
vertex 0.08000 1.75000 0.13856
vertex 0.02778 1.81000 0.15757
vertex 0.08000 1.81000 0.13856
endloop
endfacet
facet normal 0.00000 1.00000 0.00000
outer loop
vertex 0.00000 1.75000 0.00000
vertex 0.02778 1.75000 0.15757
vertex 0.08000 1.75000 0.13856
endloop
endfacet
facet normal 0.00000 -1.00000 0.00000
outer loop
vertex 0.00000 1.81000 0.00000
vertex 0.08000 1.81000 0.13856
vertex 0.02778 1.81000 0.15757
endloop
endfacet
facet normal 0.00000 0.00000 -1.00000
outer loop
vertex 0.02778 1.75000 0.15757
vertex -0.02778 1.75000 0.15757
vertex -0.02778 1.81000 0.15757
endloop
endfacet
facet normal 0.00000 0.00000 -1.00000
outer loop
vertex 0.02778 1.75000 0.15757
vertex -0.02778 1.81000 0.15757
vertex 0.02778 1.81000 0.15757
endloop
endfacet
facet normal 0.00000 1.00000 0.00000
outer loop
vertex 0.00000 1.75000 0.00000
vertex -0.02778 1.75000 0.15757
vertex 0.02778 1.75000 0.15757
endloop
endfacet
facet normal 0.00000 -1.00000 0.00000
outer loop
vertex 0.00000 1.81000 0.00000
vertex 0.02778 1.81000 0.15757
vertex -0.02778 1.81000 0.15757
endloop
endfacet
facet normal 0.34202 0.00000 -0.93969
outer loop
vertex -0.02778 1.75000 0.15757
vertex -0.08000 1.75000 0.13856
vertex -0.08000 1.81000 0.13856
endloop
endfacet
facet normal 0.34202 0.00000 -0.93969
outer loop
vertex -0.02778 1.75000 0.15757
vertex -0.08000 1.81000 0.13856
vertex -0.02778 1.81000 0.15757
endloop
endfacet
facet normal 0.00000 1.00000 0.00000
outer loop
vertex 0.00000 1.75000 0.00000
vertex -0.08000 1.75000 0.13856
vertex -0.02778 1.75000 0.15757
endloop
endfacet
facet normal 0.00000 -1.00000 0.00000
outer loop
vertex 0.00000 1.81000 0.00000
vertex -0.02778 1.81000 0.15757
vertex -0.08000 1.81000 0.13856
endloop
endfacet
facet normal 0.64279 0.00000 -0.76604
outer loop
vertex -0.08000 1.75000 0.13856
vertex -0.12257 1.75000 0.10285
vertex -0.12257 1.81000 0.10285
endloop
endfacet
facet normal 0.64279 0.00000 -0.76604
outer loop
vertex -0.08000 1.75000 0.13856
vertex -0.12257 1.81000 0.10285
vertex -0.08000 1.81000 0.13856
endloop
endfacet
facet normal 0.00000 1.00000 0.00000
outer loop
vertex 0.00000 1.75000 0.00000
vertex -0.12257 1.75000 0.10285
vertex -0.08000 1.75000 0.13856
endloop
endfacet
facet normal 0.00000 -1.00000 0.00000
outer loop
vertex 0.00000 1.81000 0.00000
vertex -0.08000 1.81000 0.13856
vertex -0.12257 1.81000 0.10285
endloop
endfacet
facet normal 0.86603 0.00000 -0.50000
outer loop
vertex -0.12257 1.75000 0.10285
vertex -0.15035 1.75000 0.05472
vertex -0.15035 1.81000 0.05472
endloop
endfacet
facet normal 0.86603 0.00000 -0.50000
outer loop
vertex -0.12257 1.75000 0.10285
vertex -0.15035 1.81000 0.05472
vertex -0.12257 1.81000 0.10285
endloop
endfacet
facet normal 0.00000 1.00000 0.00000
outer loop
vertex 0.00000 1.75000 0.00000
vertex -0.15035 1.75000 0.05472
vertex -0.12257 1.75000 0.10285
endloop
endfacet
facet normal 0.00000 -1.00000 0.00000
outer loop
vertex 0.00000 1.81000 0.00000
vertex -0.12257 1.81000 0.10285
vertex -0.15035 1.81000 0.05472
endloop
endfacet
facet normal 0.98481 0.00000 -0.17365
outer loop
vertex -0.15035 1.75000 0.05472
vertex -0.16000 1.75000 0.00000
vertex -0.16000 1.81000 0.00000
endloop
endfacet
facet normal 0.98481 0.00000 -0.17365
outer loop
vertex -0.15035 1.75000 0.05472
vertex -0.16000 1.81000 0.00000
vertex -0.15035 1.81000 0.05472
endloop
endfacet
facet normal 0.00000 1.00000 0.00000
outer loop
vertex 0.00000 1.75000 0.00000
vertex -0.16000 1.75000 0.00000
vertex -0.15035 1.75000 0.05472
endloop
endfacet
facet normal 0.00000 -1.00000 0.00000
outer loop
vertex 0.00000 1.81000 0.00000
vertex -0.15035 1.81000 0.05472
vertex -0.16000 1.81000 0.00000
endloop
endfacet
facet normal 0.98481 0.00000 0.17365
outer loop
vertex -0.16000 1.75000 0.00000
vertex -0.15035 1.75000 -0.05472
vertex -0.15035 1.81000 -0.05472
endloop
endfacet
facet normal 0.98481 0.00000 0.17365
outer loop
vertex -0.16000 1.75000 0.00000
vertex -0.15035 1.81000 -0.05472
vertex -0.16000 1.81000 0.00000
endloop
endfacet
facet normal 0.00000 1.00000 0.00000
outer loop
vertex 0.00000 1.75000 0.00000
vertex -0.15035 1.75000 -0.05472
vertex -0.16000 1.75000 0.00000
endloop
endfacet
facet normal 0.00000 -1.00000 0.00000
outer loop
vertex 0.00000 1.81000 0.00000
vertex -0.16000 1.81000 0.00000
vertex -0.15035 1.81000 -0.05472
endloop
endfacet
facet normal 0.86603 0.00000 0.50000
outer loop
vertex -0.15035 1.75000 -0.05472
vertex -0.12257 1.75000 -0.10285
vertex -0.12257 1.81000 -0.10285
endloop
endfacet
facet normal 0.86603 0.00000 0.50000
outer loop
vertex -0.15035 1.75000 -0.05472
vertex -0.12257 1.81000 -0.10285
vertex -0.15035 1.81000 -0.05472
endloop
endfacet
facet normal 0.00000 1.00000 0.00000
outer loop
vertex 0.00000 1.75000 0.00000
vertex -0.12257 1.75000 -0.10285
vertex -0.15035 1.75000 -0.05472
endloop
endfacet
facet normal 0.00000 -1.00000 0.00000
outer loop
vertex 0.00000 1.81000 0.00000
vertex -0.15035 1.81000 -0.05472
vertex -0.12257 1.81000 -0.10285
endloop
endfacet
facet normal 0.64279 0.00000 0.76604
outer loop
vertex -0.12257 1.75000 -0.10285
vertex -0.08000 1.75000 -0.13856
vertex -0.08000 1.81000 -0.13856
endloop
endfacet
facet normal 0.64279 0.00000 0.76604
outer loop
vertex -0.12257 1.75000 -0.10285
vertex -0.08000 1.81000 -0.13856
vertex -0.12257 1.81000 -0.10285
endloop
endfacet
facet normal 0.00000 1.00000 0.00000
outer loop
vertex 0.00000 1.75000 0.00000
vertex -0.08000 1.75000 -0.13856
vertex -0.12257 1.75000 -0.10285
endloop
endfacet
facet normal 0.00000 -1.00000 0.00000
outer loop
vertex 0.00000 1.81000 0.00000
vertex -0.12257 1.81000 -0.10285
vertex -0.08000 1.81000 -0.13856
endloop
endfacet
facet normal 0.34202 0.00000 0.93969
outer loop
vertex -0.08000 1.75000 -0.13856
vertex -0.02778 1.75000 -0.15757
vertex -0.02778 1.81000 -0.15757
endloop
endfacet
facet normal 0.34202 0.00000 0.93969
outer loop
vertex -0.08000 1.75000 -0.13856
vertex -0.02778 1.81000 -0.15757
vertex -0.08000 1.81000 -0.13856
endloop
endfacet
facet normal 0.00000 1.00000 0.00000
outer loop
vertex 0.00000 1.75000 0.00000
vertex -0.02778 1.75000 -0.15757
vertex -0.08000 1.75000 -0.13856
endloop
endfacet
facet normal 0.00000 -1.00000 0.00000
outer loop
vertex 0.00000 1.81000 0.00000
vertex -0.08000 1.81000 -0.13856
vertex -0.02778 1.81000 -0.15757
endloop
endfacet
facet normal 0.00000 0.00000 1.00000
outer loop
vertex -0.02778 1.75000 -0.15757
vertex 0.02778 1.75000 -0.15757
vertex 0.02778 1.81000 -0.15757
endloop
endfacet
facet normal 0.00000 0.00000 1.00000
outer loop
vertex -0.02778 1.75000 -0.15757
vertex 0.02778 1.81000 -0.15757
vertex -0.02778 1.81000 -0.15757
endloop
endfacet
facet normal 0.00000 1.00000 0.00000
outer loop
vertex 0.00000 1.75000 0.00000
vertex 0.02778 1.75000 -0.15757
vertex -0.02778 1.75000 -0.15757
endloop
endfacet
facet normal 0.00000 -1.00000 0.00000
outer loop
vertex 0.00000 1.81000 0.00000
vertex -0.02778 1.81000 -0.15757
vertex 0.02778 1.81000 -0.15757
endloop
endfacet
facet normal -0.34202 0.00000 0.93969
outer loop
vertex 0.02778 1.75000 -0.15757
vertex 0.08000 1.75000 -0.13856
vertex 0.08000 1.81000 -0.13856
endloop
endfacet
facet normal -0.34202 0.00000 0.93969
outer loop
vertex 0.02778 1.75000 -0.15757
vertex 0.08000 1.81000 -0.13856
vertex 0.02778 1.81000 -0.15757
endloop
endfacet
facet normal 0.00000 1.00000 0.00000
outer loop
vertex 0.00000 1.75000 0.00000
vertex 0.08000 1.75000 -0.13856
vertex 0.02778 1.75000 -0.15757
endloop
endfacet
facet normal 0.00000 -1.00000 0.00000
outer loop
vertex 0.00000 1.81000 0.00000
vertex 0.02778 1.81000 -0.15757
vertex 0.08000 1.81000 -0.13856
endloop
endfacet
facet normal -0.64279 0.00000 0.76604
outer loop
vertex 0.08000 1.75000 -0.13856
vertex 0.12257 1.75000 -0.10285
vertex 0.12257 1.81000 -0.10285
endloop
endfacet
facet normal -0.64279 0.00000 0.76604
outer loop
vertex 0.08000 1.75000 -0.13856
vertex 0.12257 1.81000 -0.10285
vertex 0.08000 1.81000 -0.13856
endloop
endfacet
facet normal 0.00000 1.00000 0.00000
outer loop
vertex 0.00000 1.75000 0.00000
vertex 0.12257 1.75000 -0.10285
vertex 0.08000 1.75000 -0.13856
endloop
endfacet
facet normal 0.00000 -1.00000 0.00000
outer loop
vertex 0.00000 1.81000 0.00000
vertex 0.08000 1.81000 -0.13856
vertex 0.12257 1.81000 -0.10285
endloop
endfacet
facet normal -0.86603 0.00000 0.50000
outer loop
vertex 0.12257 1.75000 -0.10285
vertex 0.15035 1.75000 -0.05472
vertex 0.15035 1.81000 -0.05472
endloop
endfacet
facet normal -0.86603 0.00000 0.50000
outer loop
vertex 0.12257 1.75000 -0.10285
vertex 0.15035 1.81000 -0.05472
vertex 0.12257 1.81000 -0.10285
endloop
endfacet
facet normal 0.00000 1.00000 0.00000
outer loop
vertex 0.00000 1.75000 0.00000
vertex 0.15035 1.75000 -0.05472
vertex 0.12257 1.75000 -0.10285
endloop
endfacet
facet normal 0.00000 -1.00000 0.00000
outer loop
vertex 0.00000 1.81000 0.00000
vertex 0.12257 1.81000 -0.10285
vertex 0.15035 1.81000 -0.05472
endloop
endfacet
facet normal -0.98481 0.00000 0.17365
outer loop
vertex 0.15035 1.75000 -0.05472
vertex 0.16000 1.75000 -0.00000
vertex 0.16000 1.81000 -0.00000
endloop
endfacet
facet normal -0.98481 0.00000 0.17365
outer loop
vertex 0.15035 1.75000 -0.05472
vertex 0.16000 1.81000 -0.00000
vertex 0.15035 1.81000 -0.05472
endloop
endfacet
facet normal 0.00000 1.00000 0.00000
outer loop
vertex 0.00000 1.75000 0.00000
vertex 0.16000 1.75000 -0.00000
vertex 0.15035 1.75000 -0.05472
endloop
endfacet
facet normal 0.00000 -1.00000 0.00000
outer loop
vertex 0.00000 1.81000 0.00000
vertex 0.15035 1.81000 -0.05472
vertex 0.16000 1.81000 -0.00000
endloop
endfacet
facet normal -0.95106 0.00000 -0.30902
outer loop
vertex 0.02500 1.79500 0.00000
vertex 0.02023 1.79500 0.01469
vertex 0.02023 2.04500 0.01469
endloop
endfacet
facet normal -0.95106 0.00000 -0.30902
outer loop
vertex 0.02500 1.79500 0.00000
vertex 0.02023 2.04500 0.01469
vertex 0.02500 2.04500 0.00000
endloop
endfacet
facet normal 0.00000 1.00000 0.00000
outer loop
vertex 0.00000 1.79500 0.00000
vertex 0.02023 1.79500 0.01469
vertex 0.02500 1.79500 0.00000
endloop
endfacet
facet normal 0.00000 -1.00000 0.00000
outer loop
vertex 0.00000 2.04500 0.00000
vertex 0.02500 2.04500 0.00000
vertex 0.02023 2.04500 0.01469
endloop
endfacet
facet normal -0.58779 0.00000 -0.80902
outer loop
vertex 0.02023 1.79500 0.01469
vertex 0.00773 1.79500 0.02378
vertex 0.00773 2.04500 0.02378
endloop
endfacet
facet normal -0.58779 0.00000 -0.80902
outer loop
vertex 0.02023 1.79500 0.01469
vertex 0.00773 2.04500 0.02378
vertex 0.02023 2.04500 0.01469
endloop
endfacet
facet normal 0.00000 1.00000 0.00000
outer loop
vertex 0.00000 1.79500 0.00000
vertex 0.00773 1.79500 0.02378
vertex 0.02023 1.79500 0.01469
endloop
endfacet
facet normal 0.00000 -1.00000 0.00000
outer loop
vertex 0.00000 2.04500 0.00000
vertex 0.02023 2.04500 0.01469
vertex 0.00773 2.04500 0.02378
endloop
endfacet
facet normal -0.00000 0.00000 -1.00000
outer loop
vertex 0.00773 1.79500 0.02378
vertex -0.00773 1.79500 0.02378
vertex -0.00773 2.04500 0.02378
endloop
endfacet
facet normal -0.00000 0.00000 -1.00000
outer loop
vertex 0.00773 1.79500 0.02378
vertex -0.00773 2.04500 0.02378
vertex 0.00773 2.04500 0.02378
endloop
endfacet
facet normal 0.00000 1.00000 0.00000
outer loop
vertex 0.00000 1.79500 0.00000
vertex -0.00773 1.79500 0.02378
vertex 0.00773 1.79500 0.02378
endloop
endfacet
facet normal 0.00000 -1.00000 0.00000
outer loop
vertex 0.00000 2.04500 0.00000
vertex 0.00773 2.04500 0.02378
vertex -0.00773 2.04500 0.02378
endloop
endfacet
facet normal 0.58779 0.00000 -0.80902
outer loop
vertex -0.00773 1.79500 0.02378
vertex -0.02023 1.79500 0.01469
vertex -0.02023 2.04500 0.01469
endloop
endfacet
facet normal 0.58779 0.00000 -0.80902
outer loop
vertex -0.00773 1.79500 0.02378
vertex -0.02023 2.04500 0.01469
vertex -0.00773 2.04500 0.02378
endloop
endfacet
facet normal 0.00000 1.00000 0.00000
outer loop
vertex 0.00000 1.79500 0.00000
vertex -0.02023 1.79500 0.01469
vertex -0.00773 1.79500 0.02378
endloop
endfacet
facet normal 0.00000 -1.00000 0.00000
outer loop
vertex 0.00000 2.04500 0.00000
vertex -0.00773 2.04500 0.02378
vertex -0.02023 2.04500 0.01469
endloop
endfacet
facet normal 0.95106 0.00000 -0.30902
outer loop
vertex -0.02023 1.79500 0.01469
vertex -0.02500 1.79500 0.00000
vertex -0.02500 2.04500 0.00000
endloop
endfacet
facet normal 0.95106 0.00000 -0.30902
outer loop
vertex -0.02023 1.79500 0.01469
vertex -0.02500 2.04500 0.00000
vertex -0.02023 2.04500 0.01469
endloop
endfacet
facet normal 0.00000 1.00000 0.00000
outer loop
vertex 0.00000 1.79500 0.00000
vertex -0.02500 1.79500 0.00000
vertex -0.02023 1.79500 0.01469
endloop
endfacet
facet normal 0.00000 -1.00000 0.00000
outer loop
vertex 0.00000 2.04500 0.00000
vertex -0.02023 2.04500 0.01469
vertex -0.02500 2.04500 0.00000
endloop
endfacet
facet normal 0.95106 0.00000 0.30902
outer loop
vertex -0.02500 1.79500 0.00000
vertex -0.02023 1.79500 -0.01469
vertex -0.02023 2.04500 -0.01469
endloop
endfacet
facet normal 0.95106 0.00000 0.30902
outer loop
vertex -0.02500 1.79500 0.00000
vertex -0.02023 2.04500 -0.01469
vertex -0.02500 2.04500 0.00000
endloop
endfacet
facet normal 0.00000 1.00000 0.00000
outer loop
vertex 0.00000 1.79500 0.00000
vertex -0.02023 1.79500 -0.01469
vertex -0.02500 1.79500 0.00000
endloop
endfacet
facet normal 0.00000 -1.00000 0.00000
outer loop
vertex 0.00000 2.04500 0.00000
vertex -0.02500 2.04500 0.00000
vertex -0.02023 2.04500 -0.01469
endloop
endfacet
facet normal 0.58779 0.00000 0.80902
outer loop
vertex -0.02023 1.79500 -0.01469
vertex -0.00773 1.79500 -0.02378
vertex -0.00773 2.04500 -0.02378
endloop
endfacet
facet normal 0.58779 0.00000 0.80902
outer loop
vertex -0.02023 1.79500 -0.01469
vertex -0.00773 2.04500 -0.02378
vertex -0.02023 2.04500 -0.01469
endloop
endfacet
facet normal 0.00000 1.00000 0.00000
outer loop
vertex 0.00000 1.79500 0.00000
vertex -0.00773 1.79500 -0.02378
vertex -0.02023 1.79500 -0.01469
endloop
endfacet
facet normal 0.00000 -1.00000 0.00000
outer loop
vertex 0.00000 2.04500 0.00000
vertex -0.02023 2.04500 -0.01469
vertex -0.00773 2.04500 -0.02378
endloop
endfacet
facet normal 0.00000 0.00000 1.00000
outer loop
vertex -0.00773 1.79500 -0.02378
vertex 0.00773 1.79500 -0.02378
vertex 0.00773 2.04500 -0.02378
endloop
endfacet
facet normal 0.00000 0.00000 1.00000
outer loop
vertex -0.00773 1.79500 -0.02378
vertex 0.00773 2.04500 -0.02378
vertex -0.00773 2.04500 -0.02378
endloop
endfacet
facet normal 0.00000 1.00000 0.00000
outer loop
vertex 0.00000 1.79500 0.00000
vertex 0.00773 1.79500 -0.02378
vertex -0.00773 1.79500 -0.02378
endloop
endfacet
facet normal 0.00000 -1.00000 0.00000
outer loop
vertex 0.00000 2.04500 0.00000
vertex -0.00773 2.04500 -0.02378
vertex 0.00773 2.04500 -0.02378
endloop
endfacet
facet normal -0.58779 0.00000 0.80902
outer loop
vertex 0.00773 1.79500 -0.02378
vertex 0.02023 1.79500 -0.01469
vertex 0.02023 2.04500 -0.01469
endloop
endfacet
facet normal -0.58779 0.00000 0.80902
outer loop
vertex 0.00773 1.79500 -0.02378
vertex 0.02023 2.04500 -0.01469
vertex 0.00773 2.04500 -0.02378
endloop
endfacet
facet normal 0.00000 1.00000 0.00000
outer loop
vertex 0.00000 1.79500 0.00000
vertex 0.02023 1.79500 -0.01469
vertex 0.00773 1.79500 -0.02378
endloop
endfacet
facet normal 0.00000 -1.00000 0.00000
outer loop
vertex 0.00000 2.04500 0.00000
vertex 0.00773 2.04500 -0.02378
vertex 0.02023 2.04500 -0.01469
endloop
endfacet
facet normal -0.95106 0.00000 0.30902
outer loop
vertex 0.02023 1.79500 -0.01469
vertex 0.02500 1.79500 -0.00000
vertex 0.02500 2.04500 -0.00000
endloop
endfacet
facet normal -0.95106 0.00000 0.30902
outer loop
vertex 0.02023 1.79500 -0.01469
vertex 0.02500 2.04500 -0.00000
vertex 0.02023 2.04500 -0.01469
endloop
endfacet
facet normal 0.00000 1.00000 0.00000
outer loop
vertex 0.00000 1.79500 0.00000
vertex 0.02500 1.79500 -0.00000
vertex 0.02023 1.79500 -0.01469
endloop
endfacet
facet normal 0.00000 -1.00000 0.00000
outer loop
vertex 0.00000 2.04500 0.00000
vertex 0.02023 2.04500 -0.01469
vertex 0.02500 2.04500 -0.00000
endloop
endfacet
facet normal 0.00000 -0.95106 -0.30902
outer loop
vertex 0.10000 1.99500 0.00000
vertex 0.10000 1.99023 0.01469
vertex -0.10000 1.99023 0.01469
endloop
endfacet
facet normal 0.00000 -0.95106 -0.30902
outer loop
vertex 0.10000 1.99500 0.00000
vertex -0.10000 1.99023 0.01469
vertex -0.10000 1.99500 0.00000
endloop
endfacet
facet normal -1.00000 0.00000 0.00000
outer loop
vertex 0.10000 1.97000 0.00000
vertex 0.10000 1.99023 0.01469
vertex 0.10000 1.99500 0.00000
endloop
endfacet
facet normal 1.00000 0.00000 0.00000
outer loop
vertex -0.10000 1.97000 0.00000
vertex -0.10000 1.99500 0.00000
vertex -0.10000 1.99023 0.01469
endloop
endfacet
facet normal 0.00000 -0.58779 -0.80902
outer loop
vertex 0.10000 1.99023 0.01469
vertex 0.10000 1.97773 0.02378
vertex -0.10000 1.97773 0.02378
endloop
endfacet
facet normal 0.00000 -0.58779 -0.80902
outer loop
vertex 0.10000 1.99023 0.01469
vertex -0.10000 1.97773 0.02378
vertex -0.10000 1.99023 0.01469
endloop
endfacet
facet normal -1.00000 0.00000 0.00000
outer loop
vertex 0.10000 1.97000 0.00000
vertex 0.10000 1.97773 0.02378
vertex 0.10000 1.99023 0.01469
endloop
endfacet
facet normal 1.00000 0.00000 0.00000
outer loop
vertex -0.10000 1.97000 0.00000
vertex -0.10000 1.99023 0.01469
vertex -0.10000 1.97773 0.02378
endloop
endfacet
facet normal 0.00000 -0.00000 -1.00000
outer loop
vertex 0.10000 1.97773 0.02378
vertex 0.10000 1.96227 0.02378
vertex -0.10000 1.96227 0.02378
endloop
endfacet
facet normal 0.00000 -0.00000 -1.00000
outer loop
vertex 0.10000 1.97773 0.02378
vertex -0.10000 1.96227 0.02378
vertex -0.10000 1.97773 0.02378
endloop
endfacet
facet normal -1.00000 0.00000 0.00000
outer loop
vertex 0.10000 1.97000 0.00000
vertex 0.10000 1.96227 0.02378
vertex 0.10000 1.97773 0.02378
endloop
endfacet
facet normal 1.00000 0.00000 0.00000
outer loop
vertex -0.10000 1.97000 0.00000
vertex -0.10000 1.97773 0.02378
vertex -0.10000 1.96227 0.02378
endloop
endfacet
facet normal 0.00000 0.58779 -0.80902
outer loop
vertex 0.10000 1.96227 0.02378
vertex 0.10000 1.94977 0.01469
vertex -0.10000 1.94977 0.01469
endloop
endfacet
facet normal 0.00000 0.58779 -0.80902
outer loop
vertex 0.10000 1.96227 0.02378
vertex -0.10000 1.94977 0.01469
vertex -0.10000 1.96227 0.02378
endloop
endfacet
facet normal -1.00000 0.00000 0.00000
outer loop
vertex 0.10000 1.97000 0.00000
vertex 0.10000 1.94977 0.01469
vertex 0.10000 1.96227 0.02378
endloop
endfacet
facet normal 1.00000 0.00000 0.00000
outer loop
vertex -0.10000 1.97000 0.00000
vertex -0.10000 1.96227 0.02378
vertex -0.10000 1.94977 0.01469
endloop
endfacet
facet normal 0.00000 0.95106 -0.30902
outer loop
vertex 0.10000 1.94977 0.01469
vertex 0.10000 1.94500 0.00000
vertex -0.10000 1.94500 0.00000
endloop
endfacet
facet normal 0.00000 0.95106 -0.30902
outer loop
vertex 0.10000 1.94977 0.01469
vertex -0.10000 1.94500 0.00000
vertex -0.10000 1.94977 0.01469
endloop
endfacet
facet normal -1.00000 0.00000 0.00000
outer loop
vertex 0.10000 1.97000 0.00000
vertex 0.10000 1.94500 0.00000
vertex 0.10000 1.94977 0.01469
endloop
endfacet
facet normal 1.00000 0.00000 0.00000
outer loop
vertex -0.10000 1.97000 0.00000
vertex -0.10000 1.94977 0.01469
vertex -0.10000 1.94500 0.00000
endloop
endfacet
facet normal 0.00000 0.95106 0.30902
outer loop
vertex 0.10000 1.94500 0.00000
vertex 0.10000 1.94977 -0.01469
vertex -0.10000 1.94977 -0.01469
endloop
endfacet
facet normal 0.00000 0.95106 0.30902
outer loop
vertex 0.10000 1.94500 0.00000
vertex -0.10000 1.94977 -0.01469
vertex -0.10000 1.94500 0.00000
endloop
endfacet
facet normal -1.00000 0.00000 0.00000
outer loop
vertex 0.10000 1.97000 0.00000
vertex 0.10000 1.94977 -0.01469
vertex 0.10000 1.94500 0.00000
endloop
endfacet
facet normal 1.00000 0.00000 0.00000
outer loop
vertex -0.10000 1.97000 0.00000
vertex -0.10000 1.94500 0.00000
vertex -0.10000 1.94977 -0.01469
endloop
endfacet
facet normal 0.00000 0.58779 0.80902
outer loop
vertex 0.10000 1.94977 -0.01469
vertex 0.10000 1.96227 -0.02378
vertex -0.10000 1.96227 -0.02378
endloop
endfacet
facet normal 0.00000 0.58779 0.80902
outer loop
vertex 0.10000 1.94977 -0.01469
vertex -0.10000 1.96227 -0.02378
vertex -0.10000 1.94977 -0.01469
endloop
endfacet
facet normal -1.00000 0.00000 0.00000
outer loop
vertex 0.10000 1.97000 0.00000
vertex 0.10000 1.96227 -0.02378
vertex 0.10000 1.94977 -0.01469
endloop
endfacet
facet normal 1.00000 0.00000 0.00000
outer loop
vertex -0.10000 1.97000 0.00000
vertex -0.10000 1.94977 -0.01469
vertex -0.10000 1.96227 -0.02378
endloop
endfacet
facet normal 0.00000 0.00000 1.00000
outer loop
vertex 0.10000 1.96227 -0.02378
vertex 0.10000 1.97773 -0.02378
vertex -0.10000 1.97773 -0.02378
endloop
endfacet
facet normal 0.00000 0.00000 1.00000
outer loop
vertex 0.10000 1.96227 -0.02378
vertex -0.10000 1.97773 -0.02378
vertex -0.10000 1.96227 -0.02378
endloop
endfacet
facet normal -1.00000 0.00000 0.00000
outer loop
vertex 0.10000 1.97000 0.00000
vertex 0.10000 1.97773 -0.02378
vertex 0.10000 1.96227 -0.02378
endloop
endfacet
facet normal 1.00000 0.00000 0.00000
outer loop
vertex -0.10000 1.97000 0.00000
vertex -0.10000 1.96227 -0.02378
vertex -0.10000 1.97773 -0.02378
endloop
endfacet
facet normal 0.00000 -0.58779 0.80902
outer loop
vertex 0.10000 1.97773 -0.02378
vertex 0.10000 1.99023 -0.01469
vertex -0.10000 1.99023 -0.01469
endloop
endfacet
facet normal 0.00000 -0.58779 0.80902
outer loop
vertex 0.10000 1.97773 -0.02378
vertex -0.10000 1.99023 -0.01469
vertex -0.10000 1.97773 -0.02378
endloop
endfacet
facet normal -1.00000 0.00000 0.00000
outer loop
vertex 0.10000 1.97000 0.00000
vertex 0.10000 1.99023 -0.01469
vertex 0.10000 1.97773 -0.02378
endloop
endfacet
facet normal 1.00000 0.00000 0.00000
outer loop
vertex -0.10000 1.97000 0.00000
vertex -0.10000 1.97773 -0.02378
vertex -0.10000 1.99023 -0.01469
endloop
endfacet
facet normal 0.00000 -0.95106 0.30902
outer loop
vertex 0.10000 1.99023 -0.01469
vertex 0.10000 1.99500 -0.00000
vertex -0.10000 1.99500 -0.00000
endloop
endfacet
facet normal 0.00000 -0.95106 0.30902
outer loop
vertex 0.10000 1.99023 -0.01469
vertex -0.10000 1.99500 -0.00000
vertex -0.10000 1.99023 -0.01469
endloop
endfacet
facet normal -1.00000 0.00000 0.00000
outer loop
vertex 0.10000 1.97000 0.00000
vertex 0.10000 1.99500 -0.00000
vertex 0.10000 1.99023 -0.01469
endloop
endfacet
facet normal 1.00000 0.00000 0.00000
outer loop
vertex -0.10000 1.97000 0.00000
vertex -0.10000 1.99023 -0.01469
vertex -0.10000 1.99500 -0.00000
endloop
endfacet
endsolid king
