solid queen
facet normal -0.97493 0.00000 -0.22252
outer loop
vertex 0.34000 0.00000 0.00000
vertex 0.30633 0.00000 0.14752
vertex 0.30633 0.14000 0.14752
endloop
endfacet
facet normal -0.97493 0.00000 -0.22252
outer loop
vertex 0.34000 0.00000 0.00000
vertex 0.30633 0.14000 0.14752
vertex 0.34000 0.14000 0.00000
endloop
endfacet
facet normal 0.00000 1.00000 0.00000
outer loop
vertex 0.00000 0.00000 0.00000
vertex 0.30633 0.00000 0.14752
vertex 0.34000 0.00000 0.00000
endloop
endfacet
facet normal 0.00000 -1.00000 0.00000
outer loop
vertex 0.00000 0.14000 0.00000
vertex 0.34000 0.14000 0.00000
vertex 0.30633 0.14000 0.14752
endloop
endfacet
facet normal -0.78183 0.00000 -0.62349
outer loop
vertex 0.30633 0.00000 0.14752
vertex 0.21199 0.00000 0.26582
vertex 0.21199 0.14000 0.26582
endloop
endfacet
facet normal -0.78183 0.00000 -0.62349
outer loop
vertex 0.30633 0.00000 0.14752
vertex 0.21199 0.14000 0.26582
vertex 0.30633 0.14000 0.14752
endloop
endfacet
facet normal 0.00000 1.00000 0.00000
outer loop
vertex 0.00000 0.00000 0.00000
vertex 0.21199 0.00000 0.26582
vertex 0.30633 0.00000 0.14752
endloop
endfacet
facet normal 0.00000 -1.00000 0.00000
outer loop
vertex 0.00000 0.14000 0.00000
vertex 0.30633 0.14000 0.14752
vertex 0.21199 0.14000 0.26582
endloop
endfacet
facet normal -0.43388 0.00000 -0.90097
outer loop
vertex 0.21199 0.00000 0.26582
vertex 0.07566 0.00000 0.33148
vertex 0.07566 0.14000 0.33148
endloop
endfacet
facet normal -0.43388 0.00000 -0.90097
outer loop
vertex 0.21199 0.00000 0.26582
vertex 0.07566 0.14000 0.33148
vertex 0.21199 0.14000 0.26582
endloop
endfacet
facet normal 0.00000 1.00000 0.00000
outer loop
vertex 0.00000 0.00000 0.00000
vertex 0.07566 0.00000 0.33148
vertex 0.21199 0.00000 0.26582
endloop
endfacet
facet normal 0.00000 -1.00000 0.00000
outer loop
vertex 0.00000 0.14000 0.00000
vertex 0.21199 0.14000 0.26582
vertex 0.07566 0.14000 0.33148
endloop
endfacet
facet normal 0.00000 0.00000 -1.00000
outer loop
vertex 0.07566 0.00000 0.33148
vertex -0.07566 0.00000 0.33148
vertex -0.07566 0.14000 0.33148
endloop
endfacet
facet normal 0.00000 0.00000 -1.00000
outer loop
vertex 0.07566 0.00000 0.33148
vertex -0.07566 0.14000 0.33148
vertex 0.07566 0.14000 0.33148
endloop
endfacet
facet normal 0.00000 1.00000 0.00000
outer loop
vertex 0.00000 0.00000 0.00000
vertex -0.07566 0.00000 0.33148
vertex 0.07566 0.00000 0.33148
endloop
endfacet
facet normal 0.00000 -1.00000 0.00000
outer loop
vertex 0.00000 0.14000 0.00000
vertex 0.07566 0.14000 0.33148
vertex -0.07566 0.14000 0.33148
endloop
endfacet
facet normal 0.43388 0.00000 -0.90097
outer loop
vertex -0.07566 0.00000 0.33148
vertex -0.21199 0.00000 0.26582
vertex -0.21199 0.14000 0.26582
endloop
endfacet
facet normal 0.43388 0.00000 -0.90097
outer loop
vertex -0.07566 0.00000 0.33148
vertex -0.21199 0.14000 0.26582
vertex -0.07566 0.14000 0.33148
endloop
endfacet
facet normal 0.00000 1.00000 0.00000
outer loop
vertex 0.00000 0.00000 0.00000
vertex -0.21199 0.00000 0.26582
vertex -0.07566 0.00000 0.33148
endloop
endfacet
facet normal 0.00000 -1.00000 0.00000
outer loop
vertex 0.00000 0.14000 0.00000
vertex -0.07566 0.14000 0.33148
vertex -0.21199 0.14000 0.26582
endloop
endfacet
facet normal 0.78183 0.00000 -0.62349
outer loop
vertex -0.21199 0.00000 0.26582
vertex -0.30633 0.00000 0.14752
vertex -0.30633 0.14000 0.14752
endloop
endfacet
facet normal 0.78183 0.00000 -0.62349
outer loop
vertex -0.21199 0.00000 0.26582
vertex -0.30633 0.14000 0.14752
vertex -0.21199 0.14000 0.26582
endloop
endfacet
facet normal 0.00000 1.00000 0.00000
outer loop
vertex 0.00000 0.00000 0.00000
vertex -0.30633 0.00000 0.14752
vertex -0.21199 0.00000 0.26582
endloop
endfacet
facet normal 0.00000 -1.00000 0.00000
outer loop
vertex 0.00000 0.14000 0.00000
vertex -0.21199 0.14000 0.26582
vertex -0.30633 0.14000 0.14752
endloop
endfacet
facet normal 0.97493 0.00000 -0.22252
outer loop
vertex -0.30633 0.00000 0.14752
vertex -0.34000 0.00000 0.00000
vertex -0.34000 0.14000 0.00000
endloop
endfacet
facet normal 0.97493 0.00000 -0.22252
outer loop
vertex -0.30633 0.00000 0.14752
vertex -0.34000 0.14000 0.00000
vertex -0.30633 0.14000 0.14752
endloop
endfacet
facet normal 0.00000 1.00000 0.00000
outer loop
vertex 0.00000 0.00000 0.00000
vertex -0.34000 0.00000 0.00000
vertex -0.30633 0.00000 0.14752
endloop
endfacet
facet normal 0.00000 -1.00000 0.00000
outer loop
vertex 0.00000 0.14000 0.00000
vertex -0.30633 0.14000 0.14752
vertex -0.34000 0.14000 0.00000
endloop
endfacet
facet normal 0.97493 0.00000 0.22252
outer loop
vertex -0.34000 0.00000 0.00000
vertex -0.30633 0.00000 -0.14752
vertex -0.30633 0.14000 -0.14752
endloop
endfacet
facet normal 0.97493 0.00000 0.22252
outer loop
vertex -0.34000 0.00000 0.00000
vertex -0.30633 0.14000 -0.14752
vertex -0.34000 0.14000 0.00000
endloop
endfacet
facet normal 0.00000 1.00000 0.00000
outer loop
vertex 0.00000 0.00000 0.00000
vertex -0.30633 0.00000 -0.14752
vertex -0.34000 0.00000 0.00000
endloop
endfacet
facet normal 0.00000 -1.00000 0.00000
outer loop
vertex 0.00000 0.14000 0.00000
vertex -0.34000 0.14000 0.00000
vertex -0.30633 0.14000 -0.14752
endloop
endfacet
facet normal 0.78183 0.00000 0.62349
outer loop
vertex -0.30633 0.00000 -0.14752
vertex -0.21199 0.00000 -0.26582
vertex -0.21199 0.14000 -0.26582
endloop
endfacet
facet normal 0.78183 0.00000 0.62349
outer loop
vertex -0.30633 0.00000 -0.14752
vertex -0.21199 0.14000 -0.26582
vertex -0.30633 0.14000 -0.14752
endloop
endfacet
facet normal 0.00000 1.00000 0.00000
outer loop
vertex 0.00000 0.00000 0.00000
vertex -0.21199 0.00000 -0.26582
vertex -0.30633 0.00000 -0.14752
endloop
endfacet
facet normal 0.00000 -1.00000 0.00000
outer loop
vertex 0.00000 0.14000 0.00000
vertex -0.30633 0.14000 -0.14752
vertex -0.21199 0.14000 -0.26582
endloop
endfacet
facet normal 0.43388 0.00000 0.90097
outer loop
vertex -0.21199 0.00000 -0.26582
vertex -0.07566 0.00000 -0.33148
vertex -0.07566 0.14000 -0.33148
endloop
endfacet
facet normal 0.43388 0.00000 0.90097
outer loop
vertex -0.21199 0.00000 -0.26582
vertex -0.07566 0.14000 -0.33148
vertex -0.21199 0.14000 -0.26582
endloop
endfacet
facet normal 0.00000 1.00000 0.00000
outer loop
vertex 0.00000 0.00000 0.00000
vertex -0.07566 0.00000 -0.33148
vertex -0.21199 0.00000 -0.26582
endloop
endfacet
facet normal 0.00000 -1.00000 0.00000
outer loop
vertex 0.00000 0.14000 0.00000
vertex -0.21199 0.14000 -0.26582
vertex -0.07566 0.14000 -0.33148
endloop
endfacet
facet normal 0.00000 0.00000 1.00000
outer loop
vertex -0.07566 0.00000 -0.33148
vertex 0.07566 0.00000 -0.33148
vertex 0.07566 0.14000 -0.33148
endloop
endfacet
facet normal 0.00000 0.00000 1.00000
outer loop
vertex -0.07566 0.00000 -0.33148
vertex 0.07566 0.14000 -0.33148
vertex -0.07566 0.14000 -0.33148
endloop
endfacet
facet normal 0.00000 1.00000 0.00000
outer loop
vertex 0.00000 0.00000 0.00000
vertex 0.07566 0.00000 -0.33148
vertex -0.07566 0.00000 -0.33148
endloop
endfacet
facet normal 0.00000 -1.00000 0.00000
outer loop
vertex 0.00000 0.14000 0.00000
vertex -0.07566 0.14000 -0.33148
vertex 0.07566 0.14000 -0.33148
endloop
endfacet
facet normal -0.43388 0.00000 0.90097
outer loop
vertex 0.07566 0.00000 -0.33148
vertex 0.21199 0.00000 -0.26582
vertex 0.21199 0.14000 -0.26582
endloop
endfacet
facet normal -0.43388 0.00000 0.90097
outer loop
vertex 0.07566 0.00000 -0.33148
vertex 0.21199 0.14000 -0.26582
vertex 0.07566 0.14000 -0.33148
endloop
endfacet
facet normal 0.00000 1.00000 0.00000
outer loop
vertex 0.00000 0.00000 0.00000
vertex 0.21199 0.00000 -0.26582
vertex 0.07566 0.00000 -0.33148
endloop
endfacet
facet normal 0.00000 -1.00000 0.00000
outer loop
vertex 0.00000 0.14000 0.00000
vertex 0.07566 0.14000 -0.33148
vertex 0.21199 0.14000 -0.26582
endloop
endfacet
facet normal -0.78183 0.00000 0.62349
outer loop
vertex 0.21199 0.00000 -0.26582
vertex 0.30633 0.00000 -0.14752
vertex 0.30633 0.14000 -0.14752
endloop
endfacet
facet normal -0.78183 0.00000 0.62349
outer loop
vertex 0.21199 0.00000 -0.26582
vertex 0.30633 0.14000 -0.14752
vertex 0.21199 0.14000 -0.26582
endloop
endfacet
facet normal 0.00000 1.00000 0.00000
outer loop
vertex 0.00000 0.00000 0.00000
vertex 0.30633 0.00000 -0.14752
vertex 0.21199 0.00000 -0.26582
endloop
endfacet
facet normal 0.00000 -1.00000 0.00000
outer loop
vertex 0.00000 0.14000 0.00000
vertex 0.21199 0.14000 -0.26582
vertex 0.30633 0.14000 -0.14752
endloop
endfacet
facet normal -0.97493 0.00000 0.22252
outer loop
vertex 0.30633 0.00000 -0.14752
vertex 0.34000 0.00000 -0.00000
vertex 0.34000 0.14000 -0.00000
endloop
endfacet
facet normal -0.97493 0.00000 0.22252
outer loop
vertex 0.30633 0.00000 -0.14752
vertex 0.34000 0.14000 -0.00000
vertex 0.30633 0.14000 -0.14752
endloop
endfacet
facet normal 0.00000 1.00000 0.00000
outer loop
vertex 0.00000 0.00000 0.00000
vertex 0.34000 0.00000 -0.00000
vertex 0.30633 0.00000 -0.14752
endloop
endfacet
facet normal 0.00000 -1.00000 0.00000
outer loop
vertex 0.00000 0.14000 0.00000
vertex 0.30633 0.14000 -0.14752
vertex 0.34000 0.14000 -0.00000
endloop
endfacet
facet normal 0.00000 0.00000 1.00000
outer loop
vertex -0.20000 0.12000 -0.11000
vertex -0.04000 0.12000 -0.11000
vertex -0.04000 0.28000 -0.11000
endloop
endfacet
facet normal 0.00000 0.00000 1.00000
outer loop
vertex -0.20000 0.12000 -0.11000
vertex -0.04000 0.28000 -0.11000
vertex -0.20000 0.28000 -0.11000
endloop
endfacet
facet normal 0.00000 0.00000 -1.00000
outer loop
vertex -0.20000 0.12000 0.17000
vertex -0.20000 0.28000 0.17000
vertex -0.04000 0.28000 0.17000
endloop
endfacet
facet normal 0.00000 0.00000 -1.00000
outer loop
vertex -0.20000 0.12000 0.17000
vertex -0.04000 0.28000 0.17000
vertex -0.04000 0.12000 0.17000
endloop
endfacet
facet normal 0.00000 1.00000 0.00000
outer loop
vertex -0.20000 0.12000 -0.11000
vertex -0.20000 0.12000 0.17000
vertex -0.04000 0.12000 0.17000
endloop
endfacet
facet normal 0.00000 1.00000 0.00000
outer loop
vertex -0.20000 0.12000 -0.11000
vertex -0.04000 0.12000 0.17000
vertex -0.04000 0.12000 -0.11000
endloop
endfacet
facet normal -1.00000 0.00000 0.00000
outer loop
vertex -0.04000 0.12000 -0.11000
vertex -0.04000 0.12000 0.17000
vertex -0.04000 0.28000 0.17000
endloop
endfacet
facet normal -1.00000 0.00000 0.00000
outer loop
vertex -0.04000 0.12000 -0.11000
vertex -0.04000 0.28000 0.17000
vertex -0.04000 0.28000 -0.11000
endloop
endfacet
facet normal 0.00000 -1.00000 0.00000
outer loop
vertex -0.04000 0.28000 -0.11000
vertex -0.04000 0.28000 0.17000
vertex -0.20000 0.28000 0.17000
endloop
endfacet
facet normal 0.00000 -1.00000 0.00000
outer loop
vertex -0.04000 0.28000 -0.11000
vertex -0.20000 0.28000 0.17000
vertex -0.20000 0.28000 -0.11000
endloop
endfacet
facet normal 1.00000 0.00000 0.00000
outer loop
vertex -0.20000 0.12000 0.17000
vertex -0.20000 0.12000 -0.11000
vertex -0.20000 0.28000 -0.11000
endloop
endfacet
facet normal 1.00000 0.00000 0.00000
outer loop
vertex -0.20000 0.12000 0.17000
vertex -0.20000 0.28000 -0.11000
vertex -0.20000 0.28000 0.17000
endloop
endfacet
facet normal 0.00000 0.00000 1.00000
outer loop
vertex 0.04000 0.12000 -0.11000
vertex 0.20000 0.12000 -0.11000
vertex 0.20000 0.28000 -0.11000
endloop
endfacet
facet normal 0.00000 0.00000 1.00000
outer loop
vertex 0.04000 0.12000 -0.11000
vertex 0.20000 0.28000 -0.11000
vertex 0.04000 0.28000 -0.11000
endloop
endfacet
facet normal 0.00000 0.00000 -1.00000
outer loop
vertex 0.04000 0.12000 0.17000
vertex 0.04000 0.28000 0.17000
vertex 0.20000 0.28000 0.17000
endloop
endfacet
facet normal 0.00000 0.00000 -1.00000
outer loop
vertex 0.04000 0.12000 0.17000
vertex 0.20000 0.28000 0.17000
vertex 0.20000 0.12000 0.17000
endloop
endfacet
facet normal 0.00000 1.00000 0.00000
outer loop
vertex 0.04000 0.12000 -0.11000
vertex 0.04000 0.12000 0.17000
vertex 0.20000 0.12000 0.17000
endloop
endfacet
facet normal 0.00000 1.00000 0.00000
outer loop
vertex 0.04000 0.12000 -0.11000
vertex 0.20000 0.12000 0.17000
vertex 0.20000 0.12000 -0.11000
endloop
endfacet
facet normal -1.00000 0.00000 0.00000
outer loop
vertex 0.20000 0.12000 -0.11000
vertex 0.20000 0.12000 0.17000
vertex 0.20000 0.28000 0.17000
endloop
endfacet
facet normal -1.00000 0.00000 0.00000
outer loop
vertex 0.20000 0.12000 -0.11000
vertex 0.20000 0.28000 0.17000
vertex 0.20000 0.28000 -0.11000
endloop
endfacet
facet normal 0.00000 -1.00000 0.00000
outer loop
vertex 0.20000 0.28000 -0.11000
vertex 0.20000 0.28000 0.17000
vertex 0.04000 0.28000 0.17000
endloop
endfacet
facet normal 0.00000 -1.00000 0.00000
outer loop
vertex 0.20000 0.28000 -0.11000
vertex 0.04000 0.28000 0.17000
vertex 0.04000 0.28000 -0.11000
endloop
endfacet
facet normal 1.00000 0.00000 0.00000
outer loop
vertex 0.04000 0.12000 0.17000
vertex 0.04000 0.12000 -0.11000
vertex 0.04000 0.28000 -0.11000
endloop
endfacet
facet normal 1.00000 0.00000 0.00000
outer loop
vertex 0.04000 0.12000 0.17000
vertex 0.04000 0.28000 -0.11000
vertex 0.04000 0.28000 0.17000
endloop
endfacet
facet normal -0.95106 0.00000 -0.30902
outer loop
vertex -0.03500 0.23000 0.00000
vertex -0.04932 0.23000 0.04408
vertex -0.04932 0.57000 0.04408
endloop
endfacet
facet normal -0.95106 0.00000 -0.30902
outer loop
vertex -0.03500 0.23000 0.00000
vertex -0.04932 0.57000 0.04408
vertex -0.03500 0.57000 0.00000
endloop
endfacet
facet normal 0.00000 1.00000 0.00000
outer loop
vertex -0.11000 0.23000 0.00000
vertex -0.04932 0.23000 0.04408
vertex -0.03500 0.23000 0.00000
endloop
endfacet
facet normal 0.00000 -1.00000 0.00000
outer loop
vertex -0.11000 0.57000 0.00000
vertex -0.03500 0.57000 0.00000
vertex -0.04932 0.57000 0.04408
endloop
endfacet
facet normal -0.58779 0.00000 -0.80902
outer loop
vertex -0.04932 0.23000 0.04408
vertex -0.08682 0.23000 0.07133
vertex -0.08682 0.57000 0.07133
endloop
endfacet
facet normal -0.58779 0.00000 -0.80902
outer loop
vertex -0.04932 0.23000 0.04408
vertex -0.08682 0.57000 0.07133
vertex -0.04932 0.57000 0.04408
endloop
endfacet
facet normal 0.00000 1.00000 0.00000
outer loop
vertex -0.11000 0.23000 0.00000
vertex -0.08682 0.23000 0.07133
vertex -0.04932 0.23000 0.04408
endloop
endfacet
facet normal 0.00000 -1.00000 0.00000
outer loop
vertex -0.11000 0.57000 0.00000
vertex -0.04932 0.57000 0.04408
vertex -0.08682 0.57000 0.07133
endloop
endfacet
facet normal -0.00000 0.00000 -1.00000
outer loop
vertex -0.08682 0.23000 0.07133
vertex -0.13318 0.23000 0.07133
vertex -0.13318 0.57000 0.07133
endloop
endfacet
facet normal -0.00000 0.00000 -1.00000
outer loop
vertex -0.08682 0.23000 0.07133
vertex -0.13318 0.57000 0.07133
vertex -0.08682 0.57000 0.07133
endloop
endfacet
facet normal 0.00000 1.00000 0.00000
outer loop
vertex -0.11000 0.23000 0.00000
vertex -0.13318 0.23000 0.07133
vertex -0.08682 0.23000 0.07133
endloop
endfacet
facet normal 0.00000 -1.00000 0.00000
outer loop
vertex -0.11000 0.57000 0.00000
vertex -0.08682 0.57000 0.07133
vertex -0.13318 0.57000 0.07133
endloop
endfacet
facet normal 0.58779 0.00000 -0.80902
outer loop
vertex -0.13318 0.23000 0.07133
vertex -0.17068 0.23000 0.04408
vertex -0.17068 0.57000 0.04408
endloop
endfacet
facet normal 0.58779 0.00000 -0.80902
outer loop
vertex -0.13318 0.23000 0.07133
vertex -0.17068 0.57000 0.04408
vertex -0.13318 0.57000 0.07133
endloop
endfacet
facet normal 0.00000 1.00000 0.00000
outer loop
vertex -0.11000 0.23000 0.00000
vertex -0.17068 0.23000 0.04408
vertex -0.13318 0.23000 0.07133
endloop
endfacet
facet normal 0.00000 -1.00000 0.00000
outer loop
vertex -0.11000 0.57000 0.00000
vertex -0.13318 0.57000 0.07133
vertex -0.17068 0.57000 0.04408
endloop
endfacet
facet normal 0.95106 0.00000 -0.30902
outer loop
vertex -0.17068 0.23000 0.04408
vertex -0.18500 0.23000 0.00000
vertex -0.18500 0.57000 0.00000
endloop
endfacet
facet normal 0.95106 0.00000 -0.30902
outer loop
vertex -0.17068 0.23000 0.04408
vertex -0.18500 0.57000 0.00000
vertex -0.17068 0.57000 0.04408
endloop
endfacet
facet normal 0.00000 1.00000 0.00000
outer loop
vertex -0.11000 0.23000 0.00000
vertex -0.18500 0.23000 0.00000
vertex -0.17068 0.23000 0.04408
endloop
endfacet
facet normal 0.00000 -1.00000 0.00000
outer loop
vertex -0.11000 0.57000 0.00000
vertex -0.17068 0.57000 0.04408
vertex -0.18500 0.57000 0.00000
endloop
endfacet
facet normal 0.95106 0.00000 0.30902
outer loop
vertex -0.18500 0.23000 0.00000
vertex -0.17068 0.23000 -0.04408
vertex -0.17068 0.57000 -0.04408
endloop
endfacet
facet normal 0.95106 0.00000 0.30902
outer loop
vertex -0.18500 0.23000 0.00000
vertex -0.17068 0.57000 -0.04408
vertex -0.18500 0.57000 0.00000
endloop
endfacet
facet normal 0.00000 1.00000 0.00000
outer loop
vertex -0.11000 0.23000 0.00000
vertex -0.17068 0.23000 -0.04408
vertex -0.18500 0.23000 0.00000
endloop
endfacet
facet normal 0.00000 -1.00000 0.00000
outer loop
vertex -0.11000 0.57000 0.00000
vertex -0.18500 0.57000 0.00000
vertex -0.17068 0.57000 -0.04408
endloop
endfacet
facet normal 0.58779 0.00000 0.80902
outer loop
vertex -0.17068 0.23000 -0.04408
vertex -0.13318 0.23000 -0.07133
vertex -0.13318 0.57000 -0.07133
endloop
endfacet
facet normal 0.58779 0.00000 0.80902
outer loop
vertex -0.17068 0.23000 -0.04408
vertex -0.13318 0.57000 -0.07133
vertex -0.17068 0.57000 -0.04408
endloop
endfacet
facet normal 0.00000 1.00000 0.00000
outer loop
vertex -0.11000 0.23000 0.00000
vertex -0.13318 0.23000 -0.07133
vertex -0.17068 0.23000 -0.04408
endloop
endfacet
facet normal 0.00000 -1.00000 0.00000
outer loop
vertex -0.11000 0.57000 0.00000
vertex -0.17068 0.57000 -0.04408
vertex -0.13318 0.57000 -0.07133
endloop
endfacet
facet normal 0.00000 0.00000 1.00000
outer loop
vertex -0.13318 0.23000 -0.07133
vertex -0.08682 0.23000 -0.07133
vertex -0.08682 0.57000 -0.07133
endloop
endfacet
facet normal 0.00000 0.00000 1.00000
outer loop
vertex -0.13318 0.23000 -0.07133
vertex -0.08682 0.57000 -0.07133
vertex -0.13318 0.57000 -0.07133
endloop
endfacet
facet normal 0.00000 1.00000 0.00000
outer loop
vertex -0.11000 0.23000 0.00000
vertex -0.08682 0.23000 -0.07133
vertex -0.13318 0.23000 -0.07133
endloop
endfacet
facet normal 0.00000 -1.00000 0.00000
outer loop
vertex -0.11000 0.57000 0.00000
vertex -0.13318 0.57000 -0.07133
vertex -0.08682 0.57000 -0.07133
endloop
endfacet
facet normal -0.58779 0.00000 0.80902
outer loop
vertex -0.08682 0.23000 -0.07133
vertex -0.04932 0.23000 -0.04408
vertex -0.04932 0.57000 -0.04408
endloop
endfacet
facet normal -0.58779 0.00000 0.80902
outer loop
vertex -0.08682 0.23000 -0.07133
vertex -0.04932 0.57000 -0.04408
vertex -0.08682 0.57000 -0.07133
endloop
endfacet
facet normal 0.00000 1.00000 0.00000
outer loop
vertex -0.11000 0.23000 0.00000
vertex -0.04932 0.23000 -0.04408
vertex -0.08682 0.23000 -0.07133
endloop
endfacet
facet normal 0.00000 -1.00000 0.00000
outer loop
vertex -0.11000 0.57000 0.00000
vertex -0.08682 0.57000 -0.07133
vertex -0.04932 0.57000 -0.04408
endloop
endfacet
facet normal -0.95106 0.00000 0.30902
outer loop
vertex -0.04932 0.23000 -0.04408
vertex -0.03500 0.23000 -0.00000
vertex -0.03500 0.57000 -0.00000
endloop
endfacet
facet normal -0.95106 0.00000 0.30902
outer loop
vertex -0.04932 0.23000 -0.04408
vertex -0.03500 0.57000 -0.00000
vertex -0.04932 0.57000 -0.04408
endloop
endfacet
facet normal 0.00000 1.00000 0.00000
outer loop
vertex -0.11000 0.23000 0.00000
vertex -0.03500 0.23000 -0.00000
vertex -0.04932 0.23000 -0.04408
endloop
endfacet
facet normal 0.00000 -1.00000 0.00000
outer loop
vertex -0.11000 0.57000 0.00000
vertex -0.04932 0.57000 -0.04408
vertex -0.03500 0.57000 -0.00000
endloop
endfacet
facet normal -0.95106 0.00000 -0.30902
outer loop
vertex 0.18500 0.23000 0.00000
vertex 0.17068 0.23000 0.04408
vertex 0.17068 0.57000 0.04408
endloop
endfacet
facet normal -0.95106 0.00000 -0.30902
outer loop
vertex 0.18500 0.23000 0.00000
vertex 0.17068 0.57000 0.04408
vertex 0.18500 0.57000 0.00000
endloop
endfacet
facet normal 0.00000 1.00000 0.00000
outer loop
vertex 0.11000 0.23000 0.00000
vertex 0.17068 0.23000 0.04408
vertex 0.18500 0.23000 0.00000
endloop
endfacet
facet normal 0.00000 -1.00000 0.00000
outer loop
vertex 0.11000 0.57000 0.00000
vertex 0.18500 0.57000 0.00000
vertex 0.17068 0.57000 0.04408
endloop
endfacet
facet normal -0.58779 0.00000 -0.80902
outer loop
vertex 0.17068 0.23000 0.04408
vertex 0.13318 0.23000 0.07133
vertex 0.13318 0.57000 0.07133
endloop
endfacet
facet normal -0.58779 0.00000 -0.80902
outer loop
vertex 0.17068 0.23000 0.04408
vertex 0.13318 0.57000 0.07133
vertex 0.17068 0.57000 0.04408
endloop
endfacet
facet normal 0.00000 1.00000 0.00000
outer loop
vertex 0.11000 0.23000 0.00000
vertex 0.13318 0.23000 0.07133
vertex 0.17068 0.23000 0.04408
endloop
endfacet
facet normal 0.00000 -1.00000 0.00000
outer loop
vertex 0.11000 0.57000 0.00000
vertex 0.17068 0.57000 0.04408
vertex 0.13318 0.57000 0.07133
endloop
endfacet
facet normal -0.00000 0.00000 -1.00000
outer loop
vertex 0.13318 0.23000 0.07133
vertex 0.08682 0.23000 0.07133
vertex 0.08682 0.57000 0.07133
endloop
endfacet
facet normal -0.00000 0.00000 -1.00000
outer loop
vertex 0.13318 0.23000 0.07133
vertex 0.08682 0.57000 0.07133
vertex 0.13318 0.57000 0.07133
endloop
endfacet
facet normal 0.00000 1.00000 0.00000
outer loop
vertex 0.11000 0.23000 0.00000
vertex 0.08682 0.23000 0.07133
vertex 0.13318 0.23000 0.07133
endloop
endfacet
facet normal 0.00000 -1.00000 0.00000
outer loop
vertex 0.11000 0.57000 0.00000
vertex 0.13318 0.57000 0.07133
vertex 0.08682 0.57000 0.07133
endloop
endfacet
facet normal 0.58779 0.00000 -0.80902
outer loop
vertex 0.08682 0.23000 0.07133
vertex 0.04932 0.23000 0.04408
vertex 0.04932 0.57000 0.04408
endloop
endfacet
facet normal 0.58779 0.00000 -0.80902
outer loop
vertex 0.08682 0.23000 0.07133
vertex 0.04932 0.57000 0.04408
vertex 0.08682 0.57000 0.07133
endloop
endfacet
facet normal 0.00000 1.00000 0.00000
outer loop
vertex 0.11000 0.23000 0.00000
vertex 0.04932 0.23000 0.04408
vertex 0.08682 0.23000 0.07133
endloop
endfacet
facet normal 0.00000 -1.00000 0.00000
outer loop
vertex 0.11000 0.57000 0.00000
vertex 0.08682 0.57000 0.07133
vertex 0.04932 0.57000 0.04408
endloop
endfacet
facet normal 0.95106 0.00000 -0.30902
outer loop
vertex 0.04932 0.23000 0.04408
vertex 0.03500 0.23000 0.00000
vertex 0.03500 0.57000 0.00000
endloop
endfacet
facet normal 0.95106 0.00000 -0.30902
outer loop
vertex 0.04932 0.23000 0.04408
vertex 0.03500 0.57000 0.00000
vertex 0.04932 0.57000 0.04408
endloop
endfacet
facet normal 0.00000 1.00000 0.00000
outer loop
vertex 0.11000 0.23000 0.00000
vertex 0.03500 0.23000 0.00000
vertex 0.04932 0.23000 0.04408
endloop
endfacet
facet normal 0.00000 -1.00000 0.00000
outer loop
vertex 0.11000 0.57000 0.00000
vertex 0.04932 0.57000 0.04408
vertex 0.03500 0.57000 0.00000
endloop
endfacet
facet normal 0.95106 0.00000 0.30902
outer loop
vertex 0.03500 0.23000 0.00000
vertex 0.04932 0.23000 -0.04408
vertex 0.04932 0.57000 -0.04408
endloop
endfacet
facet normal 0.95106 0.00000 0.30902
outer loop
vertex 0.03500 0.23000 0.00000
vertex 0.04932 0.57000 -0.04408
vertex 0.03500 0.57000 0.00000
endloop
endfacet
facet normal 0.00000 1.00000 0.00000
outer loop
vertex 0.11000 0.23000 0.00000
vertex 0.04932 0.23000 -0.04408
vertex 0.03500 0.23000 0.00000
endloop
endfacet
facet normal 0.00000 -1.00000 0.00000
outer loop
vertex 0.11000 0.57000 0.00000
vertex 0.03500 0.57000 0.00000
vertex 0.04932 0.57000 -0.04408
endloop
endfacet
facet normal 0.58779 0.00000 0.80902
outer loop
vertex 0.04932 0.23000 -0.04408
vertex 0.08682 0.23000 -0.07133
vertex 0.08682 0.57000 -0.07133
endloop
endfacet
facet normal 0.58779 0.00000 0.80902
outer loop
vertex 0.04932 0.23000 -0.04408
vertex 0.08682 0.57000 -0.07133
vertex 0.04932 0.57000 -0.04408
endloop
endfacet
facet normal 0.00000 1.00000 0.00000
outer loop
vertex 0.11000 0.23000 0.00000
vertex 0.08682 0.23000 -0.07133
vertex 0.04932 0.23000 -0.04408
endloop
endfacet
facet normal 0.00000 -1.00000 0.00000
outer loop
vertex 0.11000 0.57000 0.00000
vertex 0.04932 0.57000 -0.04408
vertex 0.08682 0.57000 -0.07133
endloop
endfacet
facet normal 0.00000 0.00000 1.00000
outer loop
vertex 0.08682 0.23000 -0.07133
vertex 0.13318 0.23000 -0.07133
vertex 0.13318 0.57000 -0.07133
endloop
endfacet
facet normal 0.00000 0.00000 1.00000
outer loop
vertex 0.08682 0.23000 -0.07133
vertex 0.13318 0.57000 -0.07133
vertex 0.08682 0.57000 -0.07133
endloop
endfacet
facet normal 0.00000 1.00000 0.00000
outer loop
vertex 0.11000 0.23000 0.00000
vertex 0.13318 0.23000 -0.07133
vertex 0.08682 0.23000 -0.07133
endloop
endfacet
facet normal 0.00000 -1.00000 0.00000
outer loop
vertex 0.11000 0.57000 0.00000
vertex 0.08682 0.57000 -0.07133
vertex 0.13318 0.57000 -0.07133
endloop
endfacet
facet normal -0.58779 0.00000 0.80902
outer loop
vertex 0.13318 0.23000 -0.07133
vertex 0.17068 0.23000 -0.04408
vertex 0.17068 0.57000 -0.04408
endloop
endfacet
facet normal -0.58779 0.00000 0.80902
outer loop
vertex 0.13318 0.23000 -0.07133
vertex 0.17068 0.57000 -0.04408
vertex 0.13318 0.57000 -0.07133
endloop
endfacet
facet normal 0.00000 1.00000 0.00000
outer loop
vertex 0.11000 0.23000 0.00000
vertex 0.17068 0.23000 -0.04408
vertex 0.13318 0.23000 -0.07133
endloop
endfacet
facet normal 0.00000 -1.00000 0.00000
outer loop
vertex 0.11000 0.57000 0.00000
vertex 0.13318 0.57000 -0.07133
vertex 0.17068 0.57000 -0.04408
endloop
endfacet
facet normal -0.95106 0.00000 0.30902
outer loop
vertex 0.17068 0.23000 -0.04408
vertex 0.18500 0.23000 -0.00000
vertex 0.18500 0.57000 -0.00000
endloop
endfacet
facet normal -0.95106 0.00000 0.30902
outer loop
vertex 0.17068 0.23000 -0.04408
vertex 0.18500 0.57000 -0.00000
vertex 0.17068 0.57000 -0.04408
endloop
endfacet
facet normal 0.00000 1.00000 0.00000
outer loop
vertex 0.11000 0.23000 0.00000
vertex 0.18500 0.23000 -0.00000
vertex 0.17068 0.23000 -0.04408
endloop
endfacet
facet normal 0.00000 -1.00000 0.00000
outer loop
vertex 0.11000 0.57000 0.00000
vertex 0.17068 0.57000 -0.04408
vertex 0.18500 0.57000 -0.00000
endloop
endfacet
facet normal -0.37269 0.92796 0.00000
outer loop
vertex -0.11000 0.49500 0.00000
vertex -0.11000 0.49500 0.00000
vertex -0.06958 0.51123 0.02937
endloop
endfacet
facet normal -0.30747 0.94630 -0.09990
outer loop
vertex -0.11000 0.49500 0.00000
vertex -0.06958 0.51123 0.02937
vertex -0.06004 0.51123 0.00000
endloop
endfacet
facet normal -0.72462 0.68915 0.00000
outer loop
vertex -0.11000 0.49500 0.00000
vertex -0.11000 0.49500 0.00000
vertex -0.09456 0.51123 0.04752
endloop
endfacet
facet normal -0.19003 0.94630 -0.26155
outer loop
vertex -0.11000 0.49500 0.00000
vertex -0.09456 0.51123 0.04752
vertex -0.06958 0.51123 0.02937
endloop
endfacet
facet normal -0.72462 -0.68915 0.00000
outer loop
vertex -0.11000 0.49500 0.00000
vertex -0.11000 0.49500 0.00000
vertex -0.12544 0.51123 0.04752
endloop
endfacet
facet normal -0.00000 0.94630 -0.32329
outer loop
vertex -0.11000 0.49500 0.00000
vertex -0.12544 0.51123 0.04752
vertex -0.09456 0.51123 0.04752
endloop
endfacet
facet normal 0.37269 0.92796 0.00000
outer loop
vertex -0.11000 0.49500 0.00000
vertex -0.11000 0.49500 0.00000
vertex -0.15042 0.51123 0.02937
endloop
endfacet
facet normal 0.19003 0.94630 -0.26155
outer loop
vertex -0.11000 0.49500 0.00000
vertex -0.15042 0.51123 0.02937
vertex -0.12544 0.51123 0.04752
endloop
endfacet
facet normal 0.30902 0.95106 0.00000
outer loop
vertex -0.11000 0.49500 0.00000
vertex -0.11000 0.49500 0.00000
vertex -0.15996 0.51123 0.00000
endloop
endfacet
facet normal 0.30747 0.94630 -0.09990
outer loop
vertex -0.11000 0.49500 0.00000
vertex -0.15996 0.51123 0.00000
vertex -0.15042 0.51123 0.02937
endloop
endfacet
facet normal 0.37269 0.92796 0.00000
outer loop
vertex -0.11000 0.49500 0.00000
vertex -0.11000 0.49500 -0.00000
vertex -0.15042 0.51123 -0.02937
endloop
endfacet
facet normal 0.30747 0.94630 0.09990
outer loop
vertex -0.11000 0.49500 0.00000
vertex -0.15042 0.51123 -0.02937
vertex -0.15996 0.51123 0.00000
endloop
endfacet
facet normal 0.72462 0.68915 0.00000
outer loop
vertex -0.11000 0.49500 -0.00000
vertex -0.11000 0.49500 -0.00000
vertex -0.12544 0.51123 -0.04752
endloop
endfacet
facet normal 0.19003 0.94630 0.26155
outer loop
vertex -0.11000 0.49500 -0.00000
vertex -0.12544 0.51123 -0.04752
vertex -0.15042 0.51123 -0.02937
endloop
endfacet
facet normal 0.72462 -0.68915 0.00000
outer loop
vertex -0.11000 0.49500 -0.00000
vertex -0.11000 0.49500 -0.00000
vertex -0.09456 0.51123 -0.04752
endloop
endfacet
facet normal 0.00000 0.94630 0.32329
outer loop
vertex -0.11000 0.49500 -0.00000
vertex -0.09456 0.51123 -0.04752
vertex -0.12544 0.51123 -0.04752
endloop
endfacet
facet normal -0.37269 0.92796 0.00000
outer loop
vertex -0.11000 0.49500 -0.00000
vertex -0.11000 0.49500 -0.00000
vertex -0.06958 0.51123 -0.02937
endloop
endfacet
facet normal -0.19003 0.94630 0.26155
outer loop
vertex -0.11000 0.49500 -0.00000
vertex -0.06958 0.51123 -0.02937
vertex -0.09456 0.51123 -0.04752
endloop
endfacet
facet normal -0.30902 0.95106 0.00000
outer loop
vertex -0.11000 0.49500 -0.00000
vertex -0.11000 0.49500 -0.00000
vertex -0.06004 0.51123 -0.00000
endloop
endfacet
facet normal -0.30747 0.94630 0.09990
outer loop
vertex -0.11000 0.49500 -0.00000
vertex -0.06004 0.51123 -0.00000
vertex -0.06958 0.51123 -0.02937
endloop
endfacet
facet normal -0.78244 0.56847 -0.25423
outer loop
vertex -0.06004 0.51123 0.00000
vertex -0.06958 0.51123 0.02937
vertex -0.04460 0.55373 0.04752
endloop
endfacet
facet normal -0.78244 0.56847 -0.25423
outer loop
vertex -0.06004 0.51123 0.00000
vertex -0.04460 0.55373 0.04752
vertex -0.02916 0.55373 0.00000
endloop
endfacet
facet normal -0.48357 0.56847 -0.66558
outer loop
vertex -0.06958 0.51123 0.02937
vertex -0.09456 0.51123 0.04752
vertex -0.08502 0.55373 0.07688
endloop
endfacet
facet normal -0.48357 0.56847 -0.66558
outer loop
vertex -0.06958 0.51123 0.02937
vertex -0.08502 0.55373 0.07688
vertex -0.04460 0.55373 0.04752
endloop
endfacet
facet normal -0.00000 0.56847 -0.82270
outer loop
vertex -0.09456 0.51123 0.04752
vertex -0.12544 0.51123 0.04752
vertex -0.13498 0.55373 0.07688
endloop
endfacet
facet normal 0.00000 0.56847 -0.82270
outer loop
vertex -0.09456 0.51123 0.04752
vertex -0.13498 0.55373 0.07688
vertex -0.08502 0.55373 0.07688
endloop
endfacet
facet normal 0.48357 0.56847 -0.66558
outer loop
vertex -0.12544 0.51123 0.04752
vertex -0.15042 0.51123 0.02937
vertex -0.17540 0.55373 0.04752
endloop
endfacet
facet normal 0.48357 0.56847 -0.66558
outer loop
vertex -0.12544 0.51123 0.04752
vertex -0.17540 0.55373 0.04752
vertex -0.13498 0.55373 0.07688
endloop
endfacet
facet normal 0.78244 0.56847 -0.25423
outer loop
vertex -0.15042 0.51123 0.02937
vertex -0.15996 0.51123 0.00000
vertex -0.19084 0.55373 0.00000
endloop
endfacet
facet normal 0.78244 0.56847 -0.25423
outer loop
vertex -0.15042 0.51123 0.02937
vertex -0.19084 0.55373 0.00000
vertex -0.17540 0.55373 0.04752
endloop
endfacet
facet normal 0.78244 0.56847 0.25423
outer loop
vertex -0.15996 0.51123 0.00000
vertex -0.15042 0.51123 -0.02937
vertex -0.17540 0.55373 -0.04752
endloop
endfacet
facet normal 0.78244 0.56847 0.25423
outer loop
vertex -0.15996 0.51123 0.00000
vertex -0.17540 0.55373 -0.04752
vertex -0.19084 0.55373 0.00000
endloop
endfacet
facet normal 0.48357 0.56847 0.66558
outer loop
vertex -0.15042 0.51123 -0.02937
vertex -0.12544 0.51123 -0.04752
vertex -0.13498 0.55373 -0.07688
endloop
endfacet
facet normal 0.48357 0.56847 0.66558
outer loop
vertex -0.15042 0.51123 -0.02937
vertex -0.13498 0.55373 -0.07688
vertex -0.17540 0.55373 -0.04752
endloop
endfacet
facet normal 0.00000 0.56847 0.82270
outer loop
vertex -0.12544 0.51123 -0.04752
vertex -0.09456 0.51123 -0.04752
vertex -0.08502 0.55373 -0.07688
endloop
endfacet
facet normal 0.00000 0.56847 0.82270
outer loop
vertex -0.12544 0.51123 -0.04752
vertex -0.08502 0.55373 -0.07688
vertex -0.13498 0.55373 -0.07688
endloop
endfacet
facet normal -0.48357 0.56847 0.66558
outer loop
vertex -0.09456 0.51123 -0.04752
vertex -0.06958 0.51123 -0.02937
vertex -0.04460 0.55373 -0.04752
endloop
endfacet
facet normal -0.48357 0.56847 0.66558
outer loop
vertex -0.09456 0.51123 -0.04752
vertex -0.04460 0.55373 -0.04752
vertex -0.08502 0.55373 -0.07688
endloop
endfacet
facet normal -0.78244 0.56847 0.25423
outer loop
vertex -0.06958 0.51123 -0.02937
vertex -0.06004 0.51123 -0.00000
vertex -0.02916 0.55373 -0.00000
endloop
endfacet
facet normal -0.78244 0.56847 0.25423
outer loop
vertex -0.06958 0.51123 -0.02937
vertex -0.02916 0.55373 -0.00000
vertex -0.04460 0.55373 -0.04752
endloop
endfacet
facet normal -0.95106 0.00000 -0.30902
outer loop
vertex -0.02916 0.55373 0.00000
vertex -0.04460 0.55373 0.04752
vertex -0.04460 0.60627 0.04752
endloop
endfacet
facet normal -0.95106 0.00000 -0.30902
outer loop
vertex -0.02916 0.55373 0.00000
vertex -0.04460 0.60627 0.04752
vertex -0.02916 0.60627 0.00000
endloop
endfacet
facet normal -0.58779 0.00000 -0.80902
outer loop
vertex -0.04460 0.55373 0.04752
vertex -0.08502 0.55373 0.07688
vertex -0.08502 0.60627 0.07688
endloop
endfacet
facet normal -0.58779 0.00000 -0.80902
outer loop
vertex -0.04460 0.55373 0.04752
vertex -0.08502 0.60627 0.07688
vertex -0.04460 0.60627 0.04752
endloop
endfacet
facet normal 0.00000 0.00000 -1.00000
outer loop
vertex -0.08502 0.55373 0.07688
vertex -0.13498 0.55373 0.07688
vertex -0.13498 0.60627 0.07688
endloop
endfacet
facet normal 0.00000 0.00000 -1.00000
outer loop
vertex -0.08502 0.55373 0.07688
vertex -0.13498 0.60627 0.07688
vertex -0.08502 0.60627 0.07688
endloop
endfacet
facet normal 0.58779 0.00000 -0.80902
outer loop
vertex -0.13498 0.55373 0.07688
vertex -0.17540 0.55373 0.04752
vertex -0.17540 0.60627 0.04752
endloop
endfacet
facet normal 0.58779 0.00000 -0.80902
outer loop
vertex -0.13498 0.55373 0.07688
vertex -0.17540 0.60627 0.04752
vertex -0.13498 0.60627 0.07688
endloop
endfacet
facet normal 0.95106 0.00000 -0.30902
outer loop
vertex -0.17540 0.55373 0.04752
vertex -0.19084 0.55373 0.00000
vertex -0.19084 0.60627 0.00000
endloop
endfacet
facet normal 0.95106 0.00000 -0.30902
outer loop
vertex -0.17540 0.55373 0.04752
vertex -0.19084 0.60627 0.00000
vertex -0.17540 0.60627 0.04752
endloop
endfacet
facet normal 0.95106 0.00000 0.30902
outer loop
vertex -0.19084 0.55373 0.00000
vertex -0.17540 0.55373 -0.04752
vertex -0.17540 0.60627 -0.04752
endloop
endfacet
facet normal 0.95106 0.00000 0.30902
outer loop
vertex -0.19084 0.55373 0.00000
vertex -0.17540 0.60627 -0.04752
vertex -0.19084 0.60627 0.00000
endloop
endfacet
facet normal 0.58779 0.00000 0.80902
outer loop
vertex -0.17540 0.55373 -0.04752
vertex -0.13498 0.55373 -0.07688
vertex -0.13498 0.60627 -0.07688
endloop
endfacet
facet normal 0.58779 0.00000 0.80902
outer loop
vertex -0.17540 0.55373 -0.04752
vertex -0.13498 0.60627 -0.07688
vertex -0.17540 0.60627 -0.04752
endloop
endfacet
facet normal 0.00000 0.00000 1.00000
outer loop
vertex -0.13498 0.55373 -0.07688
vertex -0.08502 0.55373 -0.07688
vertex -0.08502 0.60627 -0.07688
endloop
endfacet
facet normal 0.00000 0.00000 1.00000
outer loop
vertex -0.13498 0.55373 -0.07688
vertex -0.08502 0.60627 -0.07688
vertex -0.13498 0.60627 -0.07688
endloop
endfacet
facet normal -0.58779 0.00000 0.80902
outer loop
vertex -0.08502 0.55373 -0.07688
vertex -0.04460 0.55373 -0.04752
vertex -0.04460 0.60627 -0.04752
endloop
endfacet
facet normal -0.58779 0.00000 0.80902
outer loop
vertex -0.08502 0.55373 -0.07688
vertex -0.04460 0.60627 -0.04752
vertex -0.08502 0.60627 -0.07688
endloop
endfacet
facet normal -0.95106 0.00000 0.30902
outer loop
vertex -0.04460 0.55373 -0.04752
vertex -0.02916 0.55373 -0.00000
vertex -0.02916 0.60627 -0.00000
endloop
endfacet
facet normal -0.95106 0.00000 0.30902
outer loop
vertex -0.04460 0.55373 -0.04752
vertex -0.02916 0.60627 -0.00000
vertex -0.04460 0.60627 -0.04752
endloop
endfacet
facet normal -0.78244 -0.56847 -0.25423
outer loop
vertex -0.02916 0.60627 0.00000
vertex -0.04460 0.60627 0.04752
vertex -0.06958 0.64877 0.02937
endloop
endfacet
facet normal -0.78244 -0.56847 -0.25423
outer loop
vertex -0.02916 0.60627 0.00000
vertex -0.06958 0.64877 0.02937
vertex -0.06004 0.64877 0.00000
endloop
endfacet
facet normal -0.48357 -0.56847 -0.66558
outer loop
vertex -0.04460 0.60627 0.04752
vertex -0.08502 0.60627 0.07688
vertex -0.09456 0.64877 0.04752
endloop
endfacet
facet normal -0.48357 -0.56847 -0.66558
outer loop
vertex -0.04460 0.60627 0.04752
vertex -0.09456 0.64877 0.04752
vertex -0.06958 0.64877 0.02937
endloop
endfacet
facet normal 0.00000 -0.56847 -0.82270
outer loop
vertex -0.08502 0.60627 0.07688
vertex -0.13498 0.60627 0.07688
vertex -0.12544 0.64877 0.04752
endloop
endfacet
facet normal -0.00000 -0.56847 -0.82270
outer loop
vertex -0.08502 0.60627 0.07688
vertex -0.12544 0.64877 0.04752
vertex -0.09456 0.64877 0.04752
endloop
endfacet
facet normal 0.48357 -0.56847 -0.66558
outer loop
vertex -0.13498 0.60627 0.07688
vertex -0.17540 0.60627 0.04752
vertex -0.15042 0.64877 0.02937
endloop
endfacet
facet normal 0.48357 -0.56847 -0.66558
outer loop
vertex -0.13498 0.60627 0.07688
vertex -0.15042 0.64877 0.02937
vertex -0.12544 0.64877 0.04752
endloop
endfacet
facet normal 0.78244 -0.56847 -0.25423
outer loop
vertex -0.17540 0.60627 0.04752
vertex -0.19084 0.60627 0.00000
vertex -0.15996 0.64877 0.00000
endloop
endfacet
facet normal 0.78244 -0.56847 -0.25423
outer loop
vertex -0.17540 0.60627 0.04752
vertex -0.15996 0.64877 0.00000
vertex -0.15042 0.64877 0.02937
endloop
endfacet
facet normal 0.78244 -0.56847 0.25423
outer loop
vertex -0.19084 0.60627 0.00000
vertex -0.17540 0.60627 -0.04752
vertex -0.15042 0.64877 -0.02937
endloop
endfacet
facet normal 0.78244 -0.56847 0.25423
outer loop
vertex -0.19084 0.60627 0.00000
vertex -0.15042 0.64877 -0.02937
vertex -0.15996 0.64877 0.00000
endloop
endfacet
facet normal 0.48357 -0.56847 0.66558
outer loop
vertex -0.17540 0.60627 -0.04752
vertex -0.13498 0.60627 -0.07688
vertex -0.12544 0.64877 -0.04752
endloop
endfacet
facet normal 0.48357 -0.56847 0.66558
outer loop
vertex -0.17540 0.60627 -0.04752
vertex -0.12544 0.64877 -0.04752
vertex -0.15042 0.64877 -0.02937
endloop
endfacet
facet normal 0.00000 -0.56847 0.82270
outer loop
vertex -0.13498 0.60627 -0.07688
vertex -0.08502 0.60627 -0.07688
vertex -0.09456 0.64877 -0.04752
endloop
endfacet
facet normal 0.00000 -0.56847 0.82270
outer loop
vertex -0.13498 0.60627 -0.07688
vertex -0.09456 0.64877 -0.04752
vertex -0.12544 0.64877 -0.04752
endloop
endfacet
facet normal -0.48357 -0.56847 0.66558
outer loop
vertex -0.08502 0.60627 -0.07688
vertex -0.04460 0.60627 -0.04752
vertex -0.06958 0.64877 -0.02937
endloop
endfacet
facet normal -0.48357 -0.56847 0.66558
outer loop
vertex -0.08502 0.60627 -0.07688
vertex -0.06958 0.64877 -0.02937
vertex -0.09456 0.64877 -0.04752
endloop
endfacet
facet normal -0.78244 -0.56847 0.25423
outer loop
vertex -0.04460 0.60627 -0.04752
vertex -0.02916 0.60627 -0.00000
vertex -0.06004 0.64877 -0.00000
endloop
endfacet
facet normal -0.78244 -0.56847 0.25423
outer loop
vertex -0.04460 0.60627 -0.04752
vertex -0.06004 0.64877 -0.00000
vertex -0.06958 0.64877 -0.02937
endloop
endfacet
facet normal -0.30747 -0.94630 -0.09990
outer loop
vertex -0.06004 0.64877 0.00000
vertex -0.06958 0.64877 0.02937
vertex -0.11000 0.66500 0.00000
endloop
endfacet
facet normal -0.30902 -0.95106 0.00000
outer loop
vertex -0.06004 0.64877 0.00000
vertex -0.11000 0.66500 0.00000
vertex -0.11000 0.66500 0.00000
endloop
endfacet
facet normal -0.19003 -0.94630 -0.26155
outer loop
vertex -0.06958 0.64877 0.02937
vertex -0.09456 0.64877 0.04752
vertex -0.11000 0.66500 0.00000
endloop
endfacet
facet normal 0.00000 0.00000 0.00000
outer loop
vertex -0.06958 0.64877 0.02937
vertex -0.11000 0.66500 0.00000
vertex -0.11000 0.66500 0.00000
endloop
endfacet
facet normal -0.00000 -0.94630 -0.32329
outer loop
vertex -0.09456 0.64877 0.04752
vertex -0.12544 0.64877 0.04752
vertex -0.11000 0.66500 0.00000
endloop
endfacet
facet normal 0.00000 0.00000 0.00000
outer loop
vertex -0.09456 0.64877 0.04752
vertex -0.11000 0.66500 0.00000
vertex -0.11000 0.66500 0.00000
endloop
endfacet
facet normal 0.19003 -0.94630 -0.26155
outer loop
vertex -0.12544 0.64877 0.04752
vertex -0.15042 0.64877 0.02937
vertex -0.11000 0.66500 0.00000
endloop
endfacet
facet normal 0.70711 -0.70711 0.00000
outer loop
vertex -0.12544 0.64877 0.04752
vertex -0.11000 0.66500 0.00000
vertex -0.11000 0.66500 0.00000
endloop
endfacet
facet normal 0.30747 -0.94630 -0.09990
outer loop
vertex -0.15042 0.64877 0.02937
vertex -0.15996 0.64877 0.00000
vertex -0.11000 0.66500 0.00000
endloop
endfacet
facet normal 0.44721 -0.89443 0.00000
outer loop
vertex -0.15042 0.64877 0.02937
vertex -0.11000 0.66500 0.00000
vertex -0.11000 0.66500 0.00000
endloop
endfacet
facet normal 0.30747 -0.94630 0.09990
outer loop
vertex -0.15996 0.64877 0.00000
vertex -0.15042 0.64877 -0.02937
vertex -0.11000 0.66500 -0.00000
endloop
endfacet
facet normal 0.30902 -0.95106 0.00000
outer loop
vertex -0.15996 0.64877 0.00000
vertex -0.11000 0.66500 -0.00000
vertex -0.11000 0.66500 0.00000
endloop
endfacet
facet normal 0.19003 -0.94630 0.26155
outer loop
vertex -0.15042 0.64877 -0.02937
vertex -0.12544 0.64877 -0.04752
vertex -0.11000 0.66500 -0.00000
endloop
endfacet
facet normal 0.00000 0.00000 0.00000
outer loop
vertex -0.15042 0.64877 -0.02937
vertex -0.11000 0.66500 -0.00000
vertex -0.11000 0.66500 -0.00000
endloop
endfacet
facet normal 0.00000 -0.94630 0.32329
outer loop
vertex -0.12544 0.64877 -0.04752
vertex -0.09456 0.64877 -0.04752
vertex -0.11000 0.66500 -0.00000
endloop
endfacet
facet normal 0.00000 0.00000 0.00000
outer loop
vertex -0.12544 0.64877 -0.04752
vertex -0.11000 0.66500 -0.00000
vertex -0.11000 0.66500 -0.00000
endloop
endfacet
facet normal -0.19003 -0.94630 0.26155
outer loop
vertex -0.09456 0.64877 -0.04752
vertex -0.06958 0.64877 -0.02937
vertex -0.11000 0.66500 -0.00000
endloop
endfacet
facet normal -0.70711 -0.70711 0.00000
outer loop
vertex -0.09456 0.64877 -0.04752
vertex -0.11000 0.66500 -0.00000
vertex -0.11000 0.66500 -0.00000
endloop
endfacet
facet normal -0.30747 -0.94630 0.09990
outer loop
vertex -0.06958 0.64877 -0.02937
vertex -0.06004 0.64877 -0.00000
vertex -0.11000 0.66500 -0.00000
endloop
endfacet
facet normal -0.24254 -0.97014 0.00000
outer loop
vertex -0.06958 0.64877 -0.02937
vertex -0.11000 0.66500 -0.00000
vertex -0.11000 0.66500 -0.00000
endloop
endfacet
facet normal -0.37269 0.92796 0.00000
outer loop
vertex 0.11000 0.49500 0.00000
vertex 0.11000 0.49500 0.00000
vertex 0.15042 0.51123 0.02937
endloop
endfacet
facet normal -0.30747 0.94630 -0.09990
outer loop
vertex 0.11000 0.49500 0.00000
vertex 0.15042 0.51123 0.02937
vertex 0.15996 0.51123 0.00000
endloop
endfacet
facet normal -0.72462 0.68915 0.00000
outer loop
vertex 0.11000 0.49500 0.00000
vertex 0.11000 0.49500 0.00000
vertex 0.12544 0.51123 0.04752
endloop
endfacet
facet normal -0.19003 0.94630 -0.26155
outer loop
vertex 0.11000 0.49500 0.00000
vertex 0.12544 0.51123 0.04752
vertex 0.15042 0.51123 0.02937
endloop
endfacet
facet normal -0.72462 -0.68915 0.00000
outer loop
vertex 0.11000 0.49500 0.00000
vertex 0.11000 0.49500 0.00000
vertex 0.09456 0.51123 0.04752
endloop
endfacet
facet normal -0.00000 0.94630 -0.32329
outer loop
vertex 0.11000 0.49500 0.00000
vertex 0.09456 0.51123 0.04752
vertex 0.12544 0.51123 0.04752
endloop
endfacet
facet normal 0.37269 0.92796 0.00000
outer loop
vertex 0.11000 0.49500 0.00000
vertex 0.11000 0.49500 0.00000
vertex 0.06958 0.51123 0.02937
endloop
endfacet
facet normal 0.19003 0.94630 -0.26155
outer loop
vertex 0.11000 0.49500 0.00000
vertex 0.06958 0.51123 0.02937
vertex 0.09456 0.51123 0.04752
endloop
endfacet
facet normal 0.30902 0.95106 0.00000
outer loop
vertex 0.11000 0.49500 0.00000
vertex 0.11000 0.49500 0.00000
vertex 0.06004 0.51123 0.00000
endloop
endfacet
facet normal 0.30747 0.94630 -0.09990
outer loop
vertex 0.11000 0.49500 0.00000
vertex 0.06004 0.51123 0.00000
vertex 0.06958 0.51123 0.02937
endloop
endfacet
facet normal 0.37269 0.92796 0.00000
outer loop
vertex 0.11000 0.49500 0.00000
vertex 0.11000 0.49500 -0.00000
vertex 0.06958 0.51123 -0.02937
endloop
endfacet
facet normal 0.30747 0.94630 0.09990
outer loop
vertex 0.11000 0.49500 0.00000
vertex 0.06958 0.51123 -0.02937
vertex 0.06004 0.51123 0.00000
endloop
endfacet
facet normal 0.72462 0.68915 0.00000
outer loop
vertex 0.11000 0.49500 -0.00000
vertex 0.11000 0.49500 -0.00000
vertex 0.09456 0.51123 -0.04752
endloop
endfacet
facet normal 0.19003 0.94630 0.26155
outer loop
vertex 0.11000 0.49500 -0.00000
vertex 0.09456 0.51123 -0.04752
vertex 0.06958 0.51123 -0.02937
endloop
endfacet
facet normal 0.72462 -0.68915 0.00000
outer loop
vertex 0.11000 0.49500 -0.00000
vertex 0.11000 0.49500 -0.00000
vertex 0.12544 0.51123 -0.04752
endloop
endfacet
facet normal 0.00000 0.94630 0.32329
outer loop
vertex 0.11000 0.49500 -0.00000
vertex 0.12544 0.51123 -0.04752
vertex 0.09456 0.51123 -0.04752
endloop
endfacet
facet normal -0.37269 0.92796 0.00000
outer loop
vertex 0.11000 0.49500 -0.00000
vertex 0.11000 0.49500 -0.00000
vertex 0.15042 0.51123 -0.02937
endloop
endfacet
facet normal -0.19003 0.94630 0.26155
outer loop
vertex 0.11000 0.49500 -0.00000
vertex 0.15042 0.51123 -0.02937
vertex 0.12544 0.51123 -0.04752
endloop
endfacet
facet normal -0.30902 0.95106 0.00000
outer loop
vertex 0.11000 0.49500 -0.00000
vertex 0.11000 0.49500 -0.00000
vertex 0.15996 0.51123 -0.00000
endloop
endfacet
facet normal -0.30747 0.94630 0.09990
outer loop
vertex 0.11000 0.49500 -0.00000
vertex 0.15996 0.51123 -0.00000
vertex 0.15042 0.51123 -0.02937
endloop
endfacet
facet normal -0.78244 0.56847 -0.25423
outer loop
vertex 0.15996 0.51123 0.00000
vertex 0.15042 0.51123 0.02937
vertex 0.17540 0.55373 0.04752
endloop
endfacet
facet normal -0.78244 0.56847 -0.25423
outer loop
vertex 0.15996 0.51123 0.00000
vertex 0.17540 0.55373 0.04752
vertex 0.19084 0.55373 0.00000
endloop
endfacet
facet normal -0.48357 0.56847 -0.66558
outer loop
vertex 0.15042 0.51123 0.02937
vertex 0.12544 0.51123 0.04752
vertex 0.13498 0.55373 0.07688
endloop
endfacet
facet normal -0.48357 0.56847 -0.66558
outer loop
vertex 0.15042 0.51123 0.02937
vertex 0.13498 0.55373 0.07688
vertex 0.17540 0.55373 0.04752
endloop
endfacet
facet normal -0.00000 0.56847 -0.82270
outer loop
vertex 0.12544 0.51123 0.04752
vertex 0.09456 0.51123 0.04752
vertex 0.08502 0.55373 0.07688
endloop
endfacet
facet normal 0.00000 0.56847 -0.82270
outer loop
vertex 0.12544 0.51123 0.04752
vertex 0.08502 0.55373 0.07688
vertex 0.13498 0.55373 0.07688
endloop
endfacet
facet normal 0.48357 0.56847 -0.66558
outer loop
vertex 0.09456 0.51123 0.04752
vertex 0.06958 0.51123 0.02937
vertex 0.04460 0.55373 0.04752
endloop
endfacet
facet normal 0.48357 0.56847 -0.66558
outer loop
vertex 0.09456 0.51123 0.04752
vertex 0.04460 0.55373 0.04752
vertex 0.08502 0.55373 0.07688
endloop
endfacet
facet normal 0.78244 0.56847 -0.25423
outer loop
vertex 0.06958 0.51123 0.02937
vertex 0.06004 0.51123 0.00000
vertex 0.02916 0.55373 0.00000
endloop
endfacet
facet normal 0.78244 0.56847 -0.25423
outer loop
vertex 0.06958 0.51123 0.02937
vertex 0.02916 0.55373 0.00000
vertex 0.04460 0.55373 0.04752
endloop
endfacet
facet normal 0.78244 0.56847 0.25423
outer loop
vertex 0.06004 0.51123 0.00000
vertex 0.06958 0.51123 -0.02937
vertex 0.04460 0.55373 -0.04752
endloop
endfacet
facet normal 0.78244 0.56847 0.25423
outer loop
vertex 0.06004 0.51123 0.00000
vertex 0.04460 0.55373 -0.04752
vertex 0.02916 0.55373 0.00000
endloop
endfacet
facet normal 0.48357 0.56847 0.66558
outer loop
vertex 0.06958 0.51123 -0.02937
vertex 0.09456 0.51123 -0.04752
vertex 0.08502 0.55373 -0.07688
endloop
endfacet
facet normal 0.48357 0.56847 0.66558
outer loop
vertex 0.06958 0.51123 -0.02937
vertex 0.08502 0.55373 -0.07688
vertex 0.04460 0.55373 -0.04752
endloop
endfacet
facet normal 0.00000 0.56847 0.82270
outer loop
vertex 0.09456 0.51123 -0.04752
vertex 0.12544 0.51123 -0.04752
vertex 0.13498 0.55373 -0.07688
endloop
endfacet
facet normal 0.00000 0.56847 0.82270
outer loop
vertex 0.09456 0.51123 -0.04752
vertex 0.13498 0.55373 -0.07688
vertex 0.08502 0.55373 -0.07688
endloop
endfacet
facet normal -0.48357 0.56847 0.66558
outer loop
vertex 0.12544 0.51123 -0.04752
vertex 0.15042 0.51123 -0.02937
vertex 0.17540 0.55373 -0.04752
endloop
endfacet
facet normal -0.48357 0.56847 0.66558
outer loop
vertex 0.12544 0.51123 -0.04752
vertex 0.17540 0.55373 -0.04752
vertex 0.13498 0.55373 -0.07688
endloop
endfacet
facet normal -0.78244 0.56847 0.25423
outer loop
vertex 0.15042 0.51123 -0.02937
vertex 0.15996 0.51123 -0.00000
vertex 0.19084 0.55373 -0.00000
endloop
endfacet
facet normal -0.78244 0.56847 0.25423
outer loop
vertex 0.15042 0.51123 -0.02937
vertex 0.19084 0.55373 -0.00000
vertex 0.17540 0.55373 -0.04752
endloop
endfacet
facet normal -0.95106 0.00000 -0.30902
outer loop
vertex 0.19084 0.55373 0.00000
vertex 0.17540 0.55373 0.04752
vertex 0.17540 0.60627 0.04752
endloop
endfacet
facet normal -0.95106 0.00000 -0.30902
outer loop
vertex 0.19084 0.55373 0.00000
vertex 0.17540 0.60627 0.04752
vertex 0.19084 0.60627 0.00000
endloop
endfacet
facet normal -0.58779 0.00000 -0.80902
outer loop
vertex 0.17540 0.55373 0.04752
vertex 0.13498 0.55373 0.07688
vertex 0.13498 0.60627 0.07688
endloop
endfacet
facet normal -0.58779 0.00000 -0.80902
outer loop
vertex 0.17540 0.55373 0.04752
vertex 0.13498 0.60627 0.07688
vertex 0.17540 0.60627 0.04752
endloop
endfacet
facet normal 0.00000 0.00000 -1.00000
outer loop
vertex 0.13498 0.55373 0.07688
vertex 0.08502 0.55373 0.07688
vertex 0.08502 0.60627 0.07688
endloop
endfacet
facet normal 0.00000 0.00000 -1.00000
outer loop
vertex 0.13498 0.55373 0.07688
vertex 0.08502 0.60627 0.07688
vertex 0.13498 0.60627 0.07688
endloop
endfacet
facet normal 0.58779 0.00000 -0.80902
outer loop
vertex 0.08502 0.55373 0.07688
vertex 0.04460 0.55373 0.04752
vertex 0.04460 0.60627 0.04752
endloop
endfacet
facet normal 0.58779 0.00000 -0.80902
outer loop
vertex 0.08502 0.55373 0.07688
vertex 0.04460 0.60627 0.04752
vertex 0.08502 0.60627 0.07688
endloop
endfacet
facet normal 0.95106 0.00000 -0.30902
outer loop
vertex 0.04460 0.55373 0.04752
vertex 0.02916 0.55373 0.00000
vertex 0.02916 0.60627 0.00000
endloop
endfacet
facet normal 0.95106 0.00000 -0.30902
outer loop
vertex 0.04460 0.55373 0.04752
vertex 0.02916 0.60627 0.00000
vertex 0.04460 0.60627 0.04752
endloop
endfacet
facet normal 0.95106 0.00000 0.30902
outer loop
vertex 0.02916 0.55373 0.00000
vertex 0.04460 0.55373 -0.04752
vertex 0.04460 0.60627 -0.04752
endloop
endfacet
facet normal 0.95106 0.00000 0.30902
outer loop
vertex 0.02916 0.55373 0.00000
vertex 0.04460 0.60627 -0.04752
vertex 0.02916 0.60627 0.00000
endloop
endfacet
facet normal 0.58779 0.00000 0.80902
outer loop
vertex 0.04460 0.55373 -0.04752
vertex 0.08502 0.55373 -0.07688
vertex 0.08502 0.60627 -0.07688
endloop
endfacet
facet normal 0.58779 0.00000 0.80902
outer loop
vertex 0.04460 0.55373 -0.04752
vertex 0.08502 0.60627 -0.07688
vertex 0.04460 0.60627 -0.04752
endloop
endfacet
facet normal 0.00000 0.00000 1.00000
outer loop
vertex 0.08502 0.55373 -0.07688
vertex 0.13498 0.55373 -0.07688
vertex 0.13498 0.60627 -0.07688
endloop
endfacet
facet normal 0.00000 0.00000 1.00000
outer loop
vertex 0.08502 0.55373 -0.07688
vertex 0.13498 0.60627 -0.07688
vertex 0.08502 0.60627 -0.07688
endloop
endfacet
facet normal -0.58779 0.00000 0.80902
outer loop
vertex 0.13498 0.55373 -0.07688
vertex 0.17540 0.55373 -0.04752
vertex 0.17540 0.60627 -0.04752
endloop
endfacet
facet normal -0.58779 0.00000 0.80902
outer loop
vertex 0.13498 0.55373 -0.07688
vertex 0.17540 0.60627 -0.04752
vertex 0.13498 0.60627 -0.07688
endloop
endfacet
facet normal -0.95106 0.00000 0.30902
outer loop
vertex 0.17540 0.55373 -0.04752
vertex 0.19084 0.55373 -0.00000
vertex 0.19084 0.60627 -0.00000
endloop
endfacet
facet normal -0.95106 0.00000 0.30902
outer loop
vertex 0.17540 0.55373 -0.04752
vertex 0.19084 0.60627 -0.00000
vertex 0.17540 0.60627 -0.04752
endloop
endfacet
facet normal -0.78244 -0.56847 -0.25423
outer loop
vertex 0.19084 0.60627 0.00000
vertex 0.17540 0.60627 0.04752
vertex 0.15042 0.64877 0.02937
endloop
endfacet
facet normal -0.78244 -0.56847 -0.25423
outer loop
vertex 0.19084 0.60627 0.00000
vertex 0.15042 0.64877 0.02937
vertex 0.15996 0.64877 0.00000
endloop
endfacet
facet normal -0.48357 -0.56847 -0.66558
outer loop
vertex 0.17540 0.60627 0.04752
vertex 0.13498 0.60627 0.07688
vertex 0.12544 0.64877 0.04752
endloop
endfacet
facet normal -0.48357 -0.56847 -0.66558
outer loop
vertex 0.17540 0.60627 0.04752
vertex 0.12544 0.64877 0.04752
vertex 0.15042 0.64877 0.02937
endloop
endfacet
facet normal 0.00000 -0.56847 -0.82270
outer loop
vertex 0.13498 0.60627 0.07688
vertex 0.08502 0.60627 0.07688
vertex 0.09456 0.64877 0.04752
endloop
endfacet
facet normal -0.00000 -0.56847 -0.82270
outer loop
vertex 0.13498 0.60627 0.07688
vertex 0.09456 0.64877 0.04752
vertex 0.12544 0.64877 0.04752
endloop
endfacet
facet normal 0.48357 -0.56847 -0.66558
outer loop
vertex 0.08502 0.60627 0.07688
vertex 0.04460 0.60627 0.04752
vertex 0.06958 0.64877 0.02937
endloop
endfacet
facet normal 0.48357 -0.56847 -0.66558
outer loop
vertex 0.08502 0.60627 0.07688
vertex 0.06958 0.64877 0.02937
vertex 0.09456 0.64877 0.04752
endloop
endfacet
facet normal 0.78244 -0.56847 -0.25423
outer loop
vertex 0.04460 0.60627 0.04752
vertex 0.02916 0.60627 0.00000
vertex 0.06004 0.64877 0.00000
endloop
endfacet
facet normal 0.78244 -0.56847 -0.25423
outer loop
vertex 0.04460 0.60627 0.04752
vertex 0.06004 0.64877 0.00000
vertex 0.06958 0.64877 0.02937
endloop
endfacet
facet normal 0.78244 -0.56847 0.25423
outer loop
vertex 0.02916 0.60627 0.00000
vertex 0.04460 0.60627 -0.04752
vertex 0.06958 0.64877 -0.02937
endloop
endfacet
facet normal 0.78244 -0.56847 0.25423
outer loop
vertex 0.02916 0.60627 0.00000
vertex 0.06958 0.64877 -0.02937
vertex 0.06004 0.64877 0.00000
endloop
endfacet
facet normal 0.48357 -0.56847 0.66558
outer loop
vertex 0.04460 0.60627 -0.04752
vertex 0.08502 0.60627 -0.07688
vertex 0.09456 0.64877 -0.04752
endloop
endfacet
facet normal 0.48357 -0.56847 0.66558
outer loop
vertex 0.04460 0.60627 -0.04752
vertex 0.09456 0.64877 -0.04752
vertex 0.06958 0.64877 -0.02937
endloop
endfacet
facet normal 0.00000 -0.56847 0.82270
outer loop
vertex 0.08502 0.60627 -0.07688
vertex 0.13498 0.60627 -0.07688
vertex 0.12544 0.64877 -0.04752
endloop
endfacet
facet normal 0.00000 -0.56847 0.82270
outer loop
vertex 0.08502 0.60627 -0.07688
vertex 0.12544 0.64877 -0.04752
vertex 0.09456 0.64877 -0.04752
endloop
endfacet
facet normal -0.48357 -0.56847 0.66558
outer loop
vertex 0.13498 0.60627 -0.07688
vertex 0.17540 0.60627 -0.04752
vertex 0.15042 0.64877 -0.02937
endloop
endfacet
facet normal -0.48357 -0.56847 0.66558
outer loop
vertex 0.13498 0.60627 -0.07688
vertex 0.15042 0.64877 -0.02937
vertex 0.12544 0.64877 -0.04752
endloop
endfacet
facet normal -0.78244 -0.56847 0.25423
outer loop
vertex 0.17540 0.60627 -0.04752
vertex 0.19084 0.60627 -0.00000
vertex 0.15996 0.64877 -0.00000
endloop
endfacet
facet normal -0.78244 -0.56847 0.25423
outer loop
vertex 0.17540 0.60627 -0.04752
vertex 0.15996 0.64877 -0.00000
vertex 0.15042 0.64877 -0.02937
endloop
endfacet
facet normal -0.30747 -0.94630 -0.09990
outer loop
vertex 0.15996 0.64877 0.00000
vertex 0.15042 0.64877 0.02937
vertex 0.11000 0.66500 0.00000
endloop
endfacet
facet normal -0.30902 -0.95106 0.00000
outer loop
vertex 0.15996 0.64877 0.00000
vertex 0.11000 0.66500 0.00000
vertex 0.11000 0.66500 0.00000
endloop
endfacet
facet normal -0.19003 -0.94630 -0.26155
outer loop
vertex 0.15042 0.64877 0.02937
vertex 0.12544 0.64877 0.04752
vertex 0.11000 0.66500 0.00000
endloop
endfacet
facet normal 0.00000 0.00000 0.00000
outer loop
vertex 0.15042 0.64877 0.02937
vertex 0.11000 0.66500 0.00000
vertex 0.11000 0.66500 0.00000
endloop
endfacet
facet normal -0.00000 -0.94630 -0.32329
outer loop
vertex 0.12544 0.64877 0.04752
vertex 0.09456 0.64877 0.04752
vertex 0.11000 0.66500 0.00000
endloop
endfacet
facet normal 0.00000 0.00000 0.00000
outer loop
vertex 0.12544 0.64877 0.04752
vertex 0.11000 0.66500 0.00000
vertex 0.11000 0.66500 0.00000
endloop
endfacet
facet normal 0.19003 -0.94630 -0.26155
outer loop
vertex 0.09456 0.64877 0.04752
vertex 0.06958 0.64877 0.02937
vertex 0.11000 0.66500 0.00000
endloop
endfacet
facet normal 0.70711 -0.70711 0.00000
outer loop
vertex 0.09456 0.64877 0.04752
vertex 0.11000 0.66500 0.00000
vertex 0.11000 0.66500 0.00000
endloop
endfacet
facet normal 0.30747 -0.94630 -0.09990
outer loop
vertex 0.06958 0.64877 0.02937
vertex 0.06004 0.64877 0.00000
vertex 0.11000 0.66500 0.00000
endloop
endfacet
facet normal 0.44721 -0.89443 0.00000
outer loop
vertex 0.06958 0.64877 0.02937
vertex 0.11000 0.66500 0.00000
vertex 0.11000 0.66500 0.00000
endloop
endfacet
facet normal 0.30747 -0.94630 0.09990
outer loop
vertex 0.06004 0.64877 0.00000
vertex 0.06958 0.64877 -0.02937
vertex 0.11000 0.66500 -0.00000
endloop
endfacet
facet normal 0.30902 -0.95106 0.00000
outer loop
vertex 0.06004 0.64877 0.00000
vertex 0.11000 0.66500 -0.00000
vertex 0.11000 0.66500 0.00000
endloop
endfacet
facet normal 0.19003 -0.94630 0.26155
outer loop
vertex 0.06958 0.64877 -0.02937
vertex 0.09456 0.64877 -0.04752
vertex 0.11000 0.66500 -0.00000
endloop
endfacet
facet normal 0.00000 0.00000 0.00000
outer loop
vertex 0.06958 0.64877 -0.02937
vertex 0.11000 0.66500 -0.00000
vertex 0.11000 0.66500 -0.00000
endloop
endfacet
facet normal 0.00000 -0.94630 0.32329
outer loop
vertex 0.09456 0.64877 -0.04752
vertex 0.12544 0.64877 -0.04752
vertex 0.11000 0.66500 -0.00000
endloop
endfacet
facet normal 0.00000 0.00000 0.00000
outer loop
vertex 0.09456 0.64877 -0.04752
vertex 0.11000 0.66500 -0.00000
vertex 0.11000 0.66500 -0.00000
endloop
endfacet
facet normal -0.19003 -0.94630 0.26155
outer loop
vertex 0.12544 0.64877 -0.04752
vertex 0.15042 0.64877 -0.02937
vertex 0.11000 0.66500 -0.00000
endloop
endfacet
facet normal -0.70711 -0.70711 0.00000
outer loop
vertex 0.12544 0.64877 -0.04752
vertex 0.11000 0.66500 -0.00000
vertex 0.11000 0.66500 -0.00000
endloop
endfacet
facet normal -0.30747 -0.94630 0.09990
outer loop
vertex 0.15042 0.64877 -0.02937
vertex 0.15996 0.64877 -0.00000
vertex 0.11000 0.66500 -0.00000
endloop
endfacet
facet normal -0.24254 -0.97014 0.00000
outer loop
vertex 0.15042 0.64877 -0.02937
vertex 0.11000 0.66500 -0.00000
vertex 0.11000 0.66500 -0.00000
endloop
endfacet
facet normal -0.94998 0.04750 -0.30867
outer loop
vertex -0.01000 0.59000 0.00000
vertex -0.02910 0.59000 0.05878
vertex -0.01696 0.89000 0.06760
endloop
endfacet
facet normal -0.94998 0.04750 -0.30867
outer loop
vertex -0.01000 0.59000 0.00000
vertex -0.01696 0.89000 0.06760
vertex 0.00500 0.89000 0.00000
endloop
endfacet
facet normal 0.00000 1.00000 0.00000
outer loop
vertex -0.11000 0.59000 0.00000
vertex -0.02910 0.59000 0.05878
vertex -0.01000 0.59000 0.00000
endloop
endfacet
facet normal 0.00000 -1.00000 0.00000
outer loop
vertex -0.11000 0.89000 0.00000
vertex 0.00500 0.89000 0.00000
vertex -0.01696 0.89000 0.06760
endloop
endfacet
facet normal -0.58712 0.04750 -0.80810
outer loop
vertex -0.02910 0.59000 0.05878
vertex -0.07910 0.59000 0.09511
vertex -0.07446 0.89000 0.10937
endloop
endfacet
facet normal -0.58712 0.04750 -0.80810
outer loop
vertex -0.02910 0.59000 0.05878
vertex -0.07446 0.89000 0.10937
vertex -0.01696 0.89000 0.06760
endloop
endfacet
facet normal 0.00000 1.00000 0.00000
outer loop
vertex -0.11000 0.59000 0.00000
vertex -0.07910 0.59000 0.09511
vertex -0.02910 0.59000 0.05878
endloop
endfacet
facet normal 0.00000 -1.00000 0.00000
outer loop
vertex -0.11000 0.89000 0.00000
vertex -0.01696 0.89000 0.06760
vertex -0.07446 0.89000 0.10937
endloop
endfacet
facet normal -0.00000 0.04750 -0.99887
outer loop
vertex -0.07910 0.59000 0.09511
vertex -0.14090 0.59000 0.09511
vertex -0.14554 0.89000 0.10937
endloop
endfacet
facet normal -0.00000 0.04750 -0.99887
outer loop
vertex -0.07910 0.59000 0.09511
vertex -0.14554 0.89000 0.10937
vertex -0.07446 0.89000 0.10937
endloop
endfacet
facet normal 0.00000 1.00000 0.00000
outer loop
vertex -0.11000 0.59000 0.00000
vertex -0.14090 0.59000 0.09511
vertex -0.07910 0.59000 0.09511
endloop
endfacet
facet normal 0.00000 -1.00000 0.00000
outer loop
vertex -0.11000 0.89000 0.00000
vertex -0.07446 0.89000 0.10937
vertex -0.14554 0.89000 0.10937
endloop
endfacet
facet normal 0.58712 0.04750 -0.80810
outer loop
vertex -0.14090 0.59000 0.09511
vertex -0.19090 0.59000 0.05878
vertex -0.20304 0.89000 0.06760
endloop
endfacet
facet normal 0.58712 0.04750 -0.80810
outer loop
vertex -0.14090 0.59000 0.09511
vertex -0.20304 0.89000 0.06760
vertex -0.14554 0.89000 0.10937
endloop
endfacet
facet normal 0.00000 1.00000 0.00000
outer loop
vertex -0.11000 0.59000 0.00000
vertex -0.19090 0.59000 0.05878
vertex -0.14090 0.59000 0.09511
endloop
endfacet
facet normal 0.00000 -1.00000 0.00000
outer loop
vertex -0.11000 0.89000 0.00000
vertex -0.14554 0.89000 0.10937
vertex -0.20304 0.89000 0.06760
endloop
endfacet
facet normal 0.94998 0.04750 -0.30867
outer loop
vertex -0.19090 0.59000 0.05878
vertex -0.21000 0.59000 0.00000
vertex -0.22500 0.89000 0.00000
endloop
endfacet
facet normal 0.94998 0.04750 -0.30867
outer loop
vertex -0.19090 0.59000 0.05878
vertex -0.22500 0.89000 0.00000
vertex -0.20304 0.89000 0.06760
endloop
endfacet
facet normal 0.00000 1.00000 0.00000
outer loop
vertex -0.11000 0.59000 0.00000
vertex -0.21000 0.59000 0.00000
vertex -0.19090 0.59000 0.05878
endloop
endfacet
facet normal 0.00000 -1.00000 0.00000
outer loop
vertex -0.11000 0.89000 0.00000
vertex -0.20304 0.89000 0.06760
vertex -0.22500 0.89000 0.00000
endloop
endfacet
facet normal 0.94998 0.04750 0.30867
outer loop
vertex -0.21000 0.59000 0.00000
vertex -0.19090 0.59000 -0.05878
vertex -0.20304 0.89000 -0.06760
endloop
endfacet
facet normal 0.94998 0.04750 0.30867
outer loop
vertex -0.21000 0.59000 0.00000
vertex -0.20304 0.89000 -0.06760
vertex -0.22500 0.89000 0.00000
endloop
endfacet
facet normal 0.00000 1.00000 0.00000
outer loop
vertex -0.11000 0.59000 0.00000
vertex -0.19090 0.59000 -0.05878
vertex -0.21000 0.59000 0.00000
endloop
endfacet
facet normal 0.00000 -1.00000 0.00000
outer loop
vertex -0.11000 0.89000 0.00000
vertex -0.22500 0.89000 0.00000
vertex -0.20304 0.89000 -0.06760
endloop
endfacet
facet normal 0.58712 0.04750 0.80810
outer loop
vertex -0.19090 0.59000 -0.05878
vertex -0.14090 0.59000 -0.09511
vertex -0.14554 0.89000 -0.10937
endloop
endfacet
facet normal 0.58712 0.04750 0.80810
outer loop
vertex -0.19090 0.59000 -0.05878
vertex -0.14554 0.89000 -0.10937
vertex -0.20304 0.89000 -0.06760
endloop
endfacet
facet normal 0.00000 1.00000 0.00000
outer loop
vertex -0.11000 0.59000 0.00000
vertex -0.14090 0.59000 -0.09511
vertex -0.19090 0.59000 -0.05878
endloop
endfacet
facet normal 0.00000 -1.00000 0.00000
outer loop
vertex -0.11000 0.89000 0.00000
vertex -0.20304 0.89000 -0.06760
vertex -0.14554 0.89000 -0.10937
endloop
endfacet
facet normal 0.00000 0.04750 0.99887
outer loop
vertex -0.14090 0.59000 -0.09511
vertex -0.07910 0.59000 -0.09511
vertex -0.07446 0.89000 -0.10937
endloop
endfacet
facet normal 0.00000 0.04750 0.99887
outer loop
vertex -0.14090 0.59000 -0.09511
vertex -0.07446 0.89000 -0.10937
vertex -0.14554 0.89000 -0.10937
endloop
endfacet
facet normal 0.00000 1.00000 0.00000
outer loop
vertex -0.11000 0.59000 0.00000
vertex -0.07910 0.59000 -0.09511
vertex -0.14090 0.59000 -0.09511
endloop
endfacet
facet normal 0.00000 -1.00000 0.00000
outer loop
vertex -0.11000 0.89000 0.00000
vertex -0.14554 0.89000 -0.10937
vertex -0.07446 0.89000 -0.10937
endloop
endfacet
facet normal -0.58712 0.04750 0.80810
outer loop
vertex -0.07910 0.59000 -0.09511
vertex -0.02910 0.59000 -0.05878
vertex -0.01696 0.89000 -0.06760
endloop
endfacet
facet normal -0.58712 0.04750 0.80810
outer loop
vertex -0.07910 0.59000 -0.09511
vertex -0.01696 0.89000 -0.06760
vertex -0.07446 0.89000 -0.10937
endloop
endfacet
facet normal 0.00000 1.00000 0.00000
outer loop
vertex -0.11000 0.59000 0.00000
vertex -0.02910 0.59000 -0.05878
vertex -0.07910 0.59000 -0.09511
endloop
endfacet
facet normal 0.00000 -1.00000 0.00000
outer loop
vertex -0.11000 0.89000 0.00000
vertex -0.07446 0.89000 -0.10937
vertex -0.01696 0.89000 -0.06760
endloop
endfacet
facet normal -0.94998 0.04750 0.30867
outer loop
vertex -0.02910 0.59000 -0.05878
vertex -0.01000 0.59000 -0.00000
vertex 0.00500 0.89000 -0.00000
endloop
endfacet
facet normal -0.94998 0.04750 0.30867
outer loop
vertex -0.02910 0.59000 -0.05878
vertex 0.00500 0.89000 -0.00000
vertex -0.01696 0.89000 -0.06760
endloop
endfacet
facet normal 0.00000 1.00000 0.00000
outer loop
vertex -0.11000 0.59000 0.00000
vertex -0.01000 0.59000 -0.00000
vertex -0.02910 0.59000 -0.05878
endloop
endfacet
facet normal 0.00000 -1.00000 0.00000
outer loop
vertex -0.11000 0.89000 0.00000
vertex -0.01696 0.89000 -0.06760
vertex 0.00500 0.89000 -0.00000
endloop
endfacet
facet normal -0.94998 0.04750 -0.30867
outer loop
vertex 0.21000 0.59000 0.00000
vertex 0.19090 0.59000 0.05878
vertex 0.20304 0.89000 0.06760
endloop
endfacet
facet normal -0.94998 0.04750 -0.30867
outer loop
vertex 0.21000 0.59000 0.00000
vertex 0.20304 0.89000 0.06760
vertex 0.22500 0.89000 0.00000
endloop
endfacet
facet normal 0.00000 1.00000 0.00000
outer loop
vertex 0.11000 0.59000 0.00000
vertex 0.19090 0.59000 0.05878
vertex 0.21000 0.59000 0.00000
endloop
endfacet
facet normal 0.00000 -1.00000 0.00000
outer loop
vertex 0.11000 0.89000 0.00000
vertex 0.22500 0.89000 0.00000
vertex 0.20304 0.89000 0.06760
endloop
endfacet
facet normal -0.58712 0.04750 -0.80810
outer loop
vertex 0.19090 0.59000 0.05878
vertex 0.14090 0.59000 0.09511
vertex 0.14554 0.89000 0.10937
endloop
endfacet
facet normal -0.58712 0.04750 -0.80810
outer loop
vertex 0.19090 0.59000 0.05878
vertex 0.14554 0.89000 0.10937
vertex 0.20304 0.89000 0.06760
endloop
endfacet
facet normal 0.00000 1.00000 0.00000
outer loop
vertex 0.11000 0.59000 0.00000
vertex 0.14090 0.59000 0.09511
vertex 0.19090 0.59000 0.05878
endloop
endfacet
facet normal 0.00000 -1.00000 0.00000
outer loop
vertex 0.11000 0.89000 0.00000
vertex 0.20304 0.89000 0.06760
vertex 0.14554 0.89000 0.10937
endloop
endfacet
facet normal -0.00000 0.04750 -0.99887
outer loop
vertex 0.14090 0.59000 0.09511
vertex 0.07910 0.59000 0.09511
vertex 0.07446 0.89000 0.10937
endloop
endfacet
facet normal -0.00000 0.04750 -0.99887
outer loop
vertex 0.14090 0.59000 0.09511
vertex 0.07446 0.89000 0.10937
vertex 0.14554 0.89000 0.10937
endloop
endfacet
facet normal 0.00000 1.00000 0.00000
outer loop
vertex 0.11000 0.59000 0.00000
vertex 0.07910 0.59000 0.09511
vertex 0.14090 0.59000 0.09511
endloop
endfacet
facet normal 0.00000 -1.00000 0.00000
outer loop
vertex 0.11000 0.89000 0.00000
vertex 0.14554 0.89000 0.10937
vertex 0.07446 0.89000 0.10937
endloop
endfacet
facet normal 0.58712 0.04750 -0.80810
outer loop
vertex 0.07910 0.59000 0.09511
vertex 0.02910 0.59000 0.05878
vertex 0.01696 0.89000 0.06760
endloop
endfacet
facet normal 0.58712 0.04750 -0.80810
outer loop
vertex 0.07910 0.59000 0.09511
vertex 0.01696 0.89000 0.06760
vertex 0.07446 0.89000 0.10937
endloop
endfacet
facet normal 0.00000 1.00000 0.00000
outer loop
vertex 0.11000 0.59000 0.00000
vertex 0.02910 0.59000 0.05878
vertex 0.07910 0.59000 0.09511
endloop
endfacet
facet normal 0.00000 -1.00000 0.00000
outer loop
vertex 0.11000 0.89000 0.00000
vertex 0.07446 0.89000 0.10937
vertex 0.01696 0.89000 0.06760
endloop
endfacet
facet normal 0.94998 0.04750 -0.30867
outer loop
vertex 0.02910 0.59000 0.05878
vertex 0.01000 0.59000 0.00000
vertex -0.00500 0.89000 0.00000
endloop
endfacet
facet normal 0.94998 0.04750 -0.30867
outer loop
vertex 0.02910 0.59000 0.05878
vertex -0.00500 0.89000 0.00000
vertex 0.01696 0.89000 0.06760
endloop
endfacet
facet normal 0.00000 1.00000 0.00000
outer loop
vertex 0.11000 0.59000 0.00000
vertex 0.01000 0.59000 0.00000
vertex 0.02910 0.59000 0.05878
endloop
endfacet
facet normal 0.00000 -1.00000 0.00000
outer loop
vertex 0.11000 0.89000 0.00000
vertex 0.01696 0.89000 0.06760
vertex -0.00500 0.89000 0.00000
endloop
endfacet
facet normal 0.94998 0.04750 0.30867
outer loop
vertex 0.01000 0.59000 0.00000
vertex 0.02910 0.59000 -0.05878
vertex 0.01696 0.89000 -0.06760
endloop
endfacet
facet normal 0.94998 0.04750 0.30867
outer loop
vertex 0.01000 0.59000 0.00000
vertex 0.01696 0.89000 -0.06760
vertex -0.00500 0.89000 0.00000
endloop
endfacet
facet normal 0.00000 1.00000 0.00000
outer loop
vertex 0.11000 0.59000 0.00000
vertex 0.02910 0.59000 -0.05878
vertex 0.01000 0.59000 0.00000
endloop
endfacet
facet normal 0.00000 -1.00000 0.00000
outer loop
vertex 0.11000 0.89000 0.00000
vertex -0.00500 0.89000 0.00000
vertex 0.01696 0.89000 -0.06760
endloop
endfacet
facet normal 0.58712 0.04750 0.80810
outer loop
vertex 0.02910 0.59000 -0.05878
vertex 0.07910 0.59000 -0.09511
vertex 0.07446 0.89000 -0.10937
endloop
endfacet
facet normal 0.58712 0.04750 0.80810
outer loop
vertex 0.02910 0.59000 -0.05878
vertex 0.07446 0.89000 -0.10937
vertex 0.01696 0.89000 -0.06760
endloop
endfacet
facet normal 0.00000 1.00000 0.00000
outer loop
vertex 0.11000 0.59000 0.00000
vertex 0.07910 0.59000 -0.09511
vertex 0.02910 0.59000 -0.05878
endloop
endfacet
facet normal 0.00000 -1.00000 0.00000
outer loop
vertex 0.11000 0.89000 0.00000
vertex 0.01696 0.89000 -0.06760
vertex 0.07446 0.89000 -0.10937
endloop
endfacet
facet normal 0.00000 0.04750 0.99887
outer loop
vertex 0.07910 0.59000 -0.09511
vertex 0.14090 0.59000 -0.09511
vertex 0.14554 0.89000 -0.10937
endloop
endfacet
facet normal 0.00000 0.04750 0.99887
outer loop
vertex 0.07910 0.59000 -0.09511
vertex 0.14554 0.89000 -0.10937
vertex 0.07446 0.89000 -0.10937
endloop
endfacet
facet normal 0.00000 1.00000 0.00000
outer loop
vertex 0.11000 0.59000 0.00000
vertex 0.14090 0.59000 -0.09511
vertex 0.07910 0.59000 -0.09511
endloop
endfacet
facet normal 0.00000 -1.00000 0.00000
outer loop
vertex 0.11000 0.89000 0.00000
vertex 0.07446 0.89000 -0.10937
vertex 0.14554 0.89000 -0.10937
endloop
endfacet
facet normal -0.58712 0.04750 0.80810
outer loop
vertex 0.14090 0.59000 -0.09511
vertex 0.19090 0.59000 -0.05878
vertex 0.20304 0.89000 -0.06760
endloop
endfacet
facet normal -0.58712 0.04750 0.80810
outer loop
vertex 0.14090 0.59000 -0.09511
vertex 0.20304 0.89000 -0.06760
vertex 0.14554 0.89000 -0.10937
endloop
endfacet
facet normal 0.00000 1.00000 0.00000
outer loop
vertex 0.11000 0.59000 0.00000
vertex 0.19090 0.59000 -0.05878
vertex 0.14090 0.59000 -0.09511
endloop
endfacet
facet normal 0.00000 -1.00000 0.00000
outer loop
vertex 0.11000 0.89000 0.00000
vertex 0.14554 0.89000 -0.10937
vertex 0.20304 0.89000 -0.06760
endloop
endfacet
facet normal -0.94998 0.04750 0.30867
outer loop
vertex 0.19090 0.59000 -0.05878
vertex 0.21000 0.59000 -0.00000
vertex 0.22500 0.89000 -0.00000
endloop
endfacet
facet normal -0.94998 0.04750 0.30867
outer loop
vertex 0.19090 0.59000 -0.05878
vertex 0.22500 0.89000 -0.00000
vertex 0.20304 0.89000 -0.06760
endloop
endfacet
facet normal 0.00000 1.00000 0.00000
outer loop
vertex 0.11000 0.59000 0.00000
vertex 0.21000 0.59000 -0.00000
vertex 0.19090 0.59000 -0.05878
endloop
endfacet
facet normal 0.00000 -1.00000 0.00000
outer loop
vertex 0.11000 0.89000 0.00000
vertex 0.20304 0.89000 -0.06760
vertex 0.22500 0.89000 -0.00000
endloop
endfacet
facet normal -0.95365 0.15894 -0.25553
outer loop
vertex 0.19000 0.82000 0.00000
vertex 0.16454 0.82000 0.09500
vertex 0.19053 1.00000 0.11000
endloop
endfacet
facet normal -0.95365 0.15894 -0.25553
outer loop
vertex 0.19000 0.82000 0.00000
vertex 0.19053 1.00000 0.11000
vertex 0.22000 1.00000 0.00000
endloop
endfacet
facet normal 0.00000 1.00000 0.00000
outer loop
vertex 0.00000 0.82000 0.00000
vertex 0.16454 0.82000 0.09500
vertex 0.19000 0.82000 0.00000
endloop
endfacet
facet normal 0.00000 -1.00000 0.00000
outer loop
vertex 0.00000 1.00000 0.00000
vertex 0.22000 1.00000 0.00000
vertex 0.19053 1.00000 0.11000
endloop
endfacet
facet normal -0.69812 0.15894 -0.69812
outer loop
vertex 0.16454 0.82000 0.09500
vertex 0.09500 0.82000 0.16454
vertex 0.11000 1.00000 0.19053
endloop
endfacet
facet normal -0.69812 0.15894 -0.69812
outer loop
vertex 0.16454 0.82000 0.09500
vertex 0.11000 1.00000 0.19053
vertex 0.19053 1.00000 0.11000
endloop
endfacet
facet normal 0.00000 1.00000 0.00000
outer loop
vertex 0.00000 0.82000 0.00000
vertex 0.09500 0.82000 0.16454
vertex 0.16454 0.82000 0.09500
endloop
endfacet
facet normal 0.00000 -1.00000 0.00000
outer loop
vertex 0.00000 1.00000 0.00000
vertex 0.19053 1.00000 0.11000
vertex 0.11000 1.00000 0.19053
endloop
endfacet
facet normal -0.25553 0.15894 -0.95365
outer loop
vertex 0.09500 0.82000 0.16454
vertex 0.00000 0.82000 0.19000
vertex 0.00000 1.00000 0.22000
endloop
endfacet
facet normal -0.25553 0.15894 -0.95365
outer loop
vertex 0.09500 0.82000 0.16454
vertex 0.00000 1.00000 0.22000
vertex 0.11000 1.00000 0.19053
endloop
endfacet
facet normal 0.00000 1.00000 0.00000
outer loop
vertex 0.00000 0.82000 0.00000
vertex 0.00000 0.82000 0.19000
vertex 0.09500 0.82000 0.16454
endloop
endfacet
facet normal 0.00000 -1.00000 0.00000
outer loop
vertex 0.00000 1.00000 0.00000
vertex 0.11000 1.00000 0.19053
vertex 0.00000 1.00000 0.22000
endloop
endfacet
facet normal 0.25553 0.15894 -0.95365
outer loop
vertex 0.00000 0.82000 0.19000
vertex -0.09500 0.82000 0.16454
vertex -0.11000 1.00000 0.19053
endloop
endfacet
facet normal 0.25553 0.15894 -0.95365
outer loop
vertex 0.00000 0.82000 0.19000
vertex -0.11000 1.00000 0.19053
vertex 0.00000 1.00000 0.22000
endloop
endfacet
facet normal 0.00000 1.00000 0.00000
outer loop
vertex 0.00000 0.82000 0.00000
vertex -0.09500 0.82000 0.16454
vertex 0.00000 0.82000 0.19000
endloop
endfacet
facet normal 0.00000 -1.00000 0.00000
outer loop
vertex 0.00000 1.00000 0.00000
vertex 0.00000 1.00000 0.22000
vertex -0.11000 1.00000 0.19053
endloop
endfacet
facet normal 0.69812 0.15894 -0.69812
outer loop
vertex -0.09500 0.82000 0.16454
vertex -0.16454 0.82000 0.09500
vertex -0.19053 1.00000 0.11000
endloop
endfacet
facet normal 0.69812 0.15894 -0.69812
outer loop
vertex -0.09500 0.82000 0.16454
vertex -0.19053 1.00000 0.11000
vertex -0.11000 1.00000 0.19053
endloop
endfacet
facet normal 0.00000 1.00000 0.00000
outer loop
vertex 0.00000 0.82000 0.00000
vertex -0.16454 0.82000 0.09500
vertex -0.09500 0.82000 0.16454
endloop
endfacet
facet normal 0.00000 -1.00000 0.00000
outer loop
vertex 0.00000 1.00000 0.00000
vertex -0.11000 1.00000 0.19053
vertex -0.19053 1.00000 0.11000
endloop
endfacet
facet normal 0.95365 0.15894 -0.25553
outer loop
vertex -0.16454 0.82000 0.09500
vertex -0.19000 0.82000 0.00000
vertex -0.22000 1.00000 0.00000
endloop
endfacet
facet normal 0.95365 0.15894 -0.25553
outer loop
vertex -0.16454 0.82000 0.09500
vertex -0.22000 1.00000 0.00000
vertex -0.19053 1.00000 0.11000
endloop
endfacet
facet normal 0.00000 1.00000 0.00000
outer loop
vertex 0.00000 0.82000 0.00000
vertex -0.19000 0.82000 0.00000
vertex -0.16454 0.82000 0.09500
endloop
endfacet
facet normal 0.00000 -1.00000 0.00000
outer loop
vertex 0.00000 1.00000 0.00000
vertex -0.19053 1.00000 0.11000
vertex -0.22000 1.00000 0.00000
endloop
endfacet
facet normal 0.95365 0.15894 0.25553
outer loop
vertex -0.19000 0.82000 0.00000
vertex -0.16454 0.82000 -0.09500
vertex -0.19053 1.00000 -0.11000
endloop
endfacet
facet normal 0.95365 0.15894 0.25553
outer loop
vertex -0.19000 0.82000 0.00000
vertex -0.19053 1.00000 -0.11000
vertex -0.22000 1.00000 0.00000
endloop
endfacet
facet normal 0.00000 1.00000 0.00000
outer loop
vertex 0.00000 0.82000 0.00000
vertex -0.16454 0.82000 -0.09500
vertex -0.19000 0.82000 0.00000
endloop
endfacet
facet normal 0.00000 -1.00000 0.00000
outer loop
vertex 0.00000 1.00000 0.00000
vertex -0.22000 1.00000 0.00000
vertex -0.19053 1.00000 -0.11000
endloop
endfacet
facet normal 0.69812 0.15894 0.69812
outer loop
vertex -0.16454 0.82000 -0.09500
vertex -0.09500 0.82000 -0.16454
vertex -0.11000 1.00000 -0.19053
endloop
endfacet
facet normal 0.69812 0.15894 0.69812
outer loop
vertex -0.16454 0.82000 -0.09500
vertex -0.11000 1.00000 -0.19053
vertex -0.19053 1.00000 -0.11000
endloop
endfacet
facet normal 0.00000 1.00000 0.00000
outer loop
vertex 0.00000 0.82000 0.00000
vertex -0.09500 0.82000 -0.16454
vertex -0.16454 0.82000 -0.09500
endloop
endfacet
facet normal 0.00000 -1.00000 0.00000
outer loop
vertex 0.00000 1.00000 0.00000
vertex -0.19053 1.00000 -0.11000
vertex -0.11000 1.00000 -0.19053
endloop
endfacet
facet normal 0.25553 0.15894 0.95365
outer loop
vertex -0.09500 0.82000 -0.16454
vertex -0.00000 0.82000 -0.19000
vertex -0.00000 1.00000 -0.22000
endloop
endfacet
facet normal 0.25553 0.15894 0.95365
outer loop
vertex -0.09500 0.82000 -0.16454
vertex -0.00000 1.00000 -0.22000
vertex -0.11000 1.00000 -0.19053
endloop
endfacet
facet normal 0.00000 1.00000 0.00000
outer loop
vertex 0.00000 0.82000 0.00000
vertex -0.00000 0.82000 -0.19000
vertex -0.09500 0.82000 -0.16454
endloop
endfacet
facet normal 0.00000 -1.00000 0.00000
outer loop
vertex 0.00000 1.00000 0.00000
vertex -0.11000 1.00000 -0.19053
vertex -0.00000 1.00000 -0.22000
endloop
endfacet
facet normal -0.25553 0.15894 0.95365
outer loop
vertex -0.00000 0.82000 -0.19000
vertex 0.09500 0.82000 -0.16454
vertex 0.11000 1.00000 -0.19053
endloop
endfacet
facet normal -0.25553 0.15894 0.95365
outer loop
vertex -0.00000 0.82000 -0.19000
vertex 0.11000 1.00000 -0.19053
vertex -0.00000 1.00000 -0.22000
endloop
endfacet
facet normal 0.00000 1.00000 0.00000
outer loop
vertex 0.00000 0.82000 0.00000
vertex 0.09500 0.82000 -0.16454
vertex -0.00000 0.82000 -0.19000
endloop
endfacet
facet normal 0.00000 -1.00000 0.00000
outer loop
vertex 0.00000 1.00000 0.00000
vertex -0.00000 1.00000 -0.22000
vertex 0.11000 1.00000 -0.19053
endloop
endfacet
facet normal -0.69812 0.15894 0.69812
outer loop
vertex 0.09500 0.82000 -0.16454
vertex 0.16454 0.82000 -0.09500
vertex 0.19053 1.00000 -0.11000
endloop
endfacet
facet normal -0.69812 0.15894 0.69812
outer loop
vertex 0.09500 0.82000 -0.16454
vertex 0.19053 1.00000 -0.11000
vertex 0.11000 1.00000 -0.19053
endloop
endfacet
facet normal 0.00000 1.00000 0.00000
outer loop
vertex 0.00000 0.82000 0.00000
vertex 0.16454 0.82000 -0.09500
vertex 0.09500 0.82000 -0.16454
endloop
endfacet
facet normal 0.00000 -1.00000 0.00000
outer loop
vertex 0.00000 1.00000 0.00000
vertex 0.11000 1.00000 -0.19053
vertex 0.19053 1.00000 -0.11000
endloop
endfacet
facet normal -0.95365 0.15894 0.25553
outer loop
vertex 0.16454 0.82000 -0.09500
vertex 0.19000 0.82000 -0.00000
vertex 0.22000 1.00000 -0.00000
endloop
endfacet
facet normal -0.95365 0.15894 0.25553
outer loop
vertex 0.16454 0.82000 -0.09500
vertex 0.22000 1.00000 -0.00000
vertex 0.19053 1.00000 -0.11000
endloop
endfacet
facet normal 0.00000 1.00000 0.00000
outer loop
vertex 0.00000 0.82000 0.00000
vertex 0.19000 0.82000 -0.00000
vertex 0.16454 0.82000 -0.09500
endloop
endfacet
facet normal 0.00000 -1.00000 0.00000
outer loop
vertex 0.00000 1.00000 0.00000
vertex 0.19053 1.00000 -0.11000
vertex 0.22000 1.00000 -0.00000
endloop
endfacet
facet normal -0.94441 0.20987 -0.25305
outer loop
vertex 0.20000 0.94000 0.00000
vertex 0.17321 0.94000 0.10000
vertex 0.24249 1.30000 0.14000
endloop
endfacet
facet normal -0.94441 0.20987 -0.25305
outer loop
vertex 0.20000 0.94000 0.00000
vertex 0.24249 1.30000 0.14000
vertex 0.28000 1.30000 0.00000
endloop
endfacet
facet normal 0.00000 1.00000 0.00000
outer loop
vertex 0.00000 0.94000 0.00000
vertex 0.17321 0.94000 0.10000
vertex 0.20000 0.94000 0.00000
endloop
endfacet
facet normal 0.00000 -1.00000 0.00000
outer loop
vertex 0.00000 1.30000 0.00000
vertex 0.28000 1.30000 0.00000
vertex 0.24249 1.30000 0.14000
endloop
endfacet
facet normal -0.69136 0.20987 -0.69136
outer loop
vertex 0.17321 0.94000 0.10000
vertex 0.10000 0.94000 0.17321
vertex 0.14000 1.30000 0.24249
endloop
endfacet
facet normal -0.69136 0.20987 -0.69136
outer loop
vertex 0.17321 0.94000 0.10000
vertex 0.14000 1.30000 0.24249
vertex 0.24249 1.30000 0.14000
endloop
endfacet
facet normal 0.00000 1.00000 0.00000
outer loop
vertex 0.00000 0.94000 0.00000
vertex 0.10000 0.94000 0.17321
vertex 0.17321 0.94000 0.10000
endloop
endfacet
facet normal 0.00000 -1.00000 0.00000
outer loop
vertex 0.00000 1.30000 0.00000
vertex 0.24249 1.30000 0.14000
vertex 0.14000 1.30000 0.24249
endloop
endfacet
facet normal -0.25305 0.20987 -0.94441
outer loop
vertex 0.10000 0.94000 0.17321
vertex 0.00000 0.94000 0.20000
vertex 0.00000 1.30000 0.28000
endloop
endfacet
facet normal -0.25305 0.20987 -0.94441
outer loop
vertex 0.10000 0.94000 0.17321
vertex 0.00000 1.30000 0.28000
vertex 0.14000 1.30000 0.24249
endloop
endfacet
facet normal 0.00000 1.00000 0.00000
outer loop
vertex 0.00000 0.94000 0.00000
vertex 0.00000 0.94000 0.20000
vertex 0.10000 0.94000 0.17321
endloop
endfacet
facet normal 0.00000 -1.00000 0.00000
outer loop
vertex 0.00000 1.30000 0.00000
vertex 0.14000 1.30000 0.24249
vertex 0.00000 1.30000 0.28000
endloop
endfacet
facet normal 0.25305 0.20987 -0.94441
outer loop
vertex 0.00000 0.94000 0.20000
vertex -0.10000 0.94000 0.17321
vertex -0.14000 1.30000 0.24249
endloop
endfacet
facet normal 0.25305 0.20987 -0.94441
outer loop
vertex 0.00000 0.94000 0.20000
vertex -0.14000 1.30000 0.24249
vertex 0.00000 1.30000 0.28000
endloop
endfacet
facet normal 0.00000 1.00000 0.00000
outer loop
vertex 0.00000 0.94000 0.00000
vertex -0.10000 0.94000 0.17321
vertex 0.00000 0.94000 0.20000
endloop
endfacet
facet normal 0.00000 -1.00000 0.00000
outer loop
vertex 0.00000 1.30000 0.00000
vertex 0.00000 1.30000 0.28000
vertex -0.14000 1.30000 0.24249
endloop
endfacet
facet normal 0.69136 0.20987 -0.69136
outer loop
vertex -0.10000 0.94000 0.17321
vertex -0.17321 0.94000 0.10000
vertex -0.24249 1.30000 0.14000
endloop
endfacet
facet normal 0.69136 0.20987 -0.69136
outer loop
vertex -0.10000 0.94000 0.17321
vertex -0.24249 1.30000 0.14000
vertex -0.14000 1.30000 0.24249
endloop
endfacet
facet normal 0.00000 1.00000 0.00000
outer loop
vertex 0.00000 0.94000 0.00000
vertex -0.17321 0.94000 0.10000
vertex -0.10000 0.94000 0.17321
endloop
endfacet
facet normal 0.00000 -1.00000 0.00000
outer loop
vertex 0.00000 1.30000 0.00000
vertex -0.14000 1.30000 0.24249
vertex -0.24249 1.30000 0.14000
endloop
endfacet
facet normal 0.94441 0.20987 -0.25305
outer loop
vertex -0.17321 0.94000 0.10000
vertex -0.20000 0.94000 0.00000
vertex -0.28000 1.30000 0.00000
endloop
endfacet
facet normal 0.94441 0.20987 -0.25305
outer loop
vertex -0.17321 0.94000 0.10000
vertex -0.28000 1.30000 0.00000
vertex -0.24249 1.30000 0.14000
endloop
endfacet
facet normal 0.00000 1.00000 0.00000
outer loop
vertex 0.00000 0.94000 0.00000
vertex -0.20000 0.94000 0.00000
vertex -0.17321 0.94000 0.10000
endloop
endfacet
facet normal 0.00000 -1.00000 0.00000
outer loop
vertex 0.00000 1.30000 0.00000
vertex -0.24249 1.30000 0.14000
vertex -0.28000 1.30000 0.00000
endloop
endfacet
facet normal 0.94441 0.20987 0.25305
outer loop
vertex -0.20000 0.94000 0.00000
vertex -0.17321 0.94000 -0.10000
vertex -0.24249 1.30000 -0.14000
endloop
endfacet
facet normal 0.94441 0.20987 0.25305
outer loop
vertex -0.20000 0.94000 0.00000
vertex -0.24249 1.30000 -0.14000
vertex -0.28000 1.30000 0.00000
endloop
endfacet
facet normal 0.00000 1.00000 0.00000
outer loop
vertex 0.00000 0.94000 0.00000
vertex -0.17321 0.94000 -0.10000
vertex -0.20000 0.94000 0.00000
endloop
endfacet
facet normal 0.00000 -1.00000 0.00000
outer loop
vertex 0.00000 1.30000 0.00000
vertex -0.28000 1.30000 0.00000
vertex -0.24249 1.30000 -0.14000
endloop
endfacet
facet normal 0.69136 0.20987 0.69136
outer loop
vertex -0.17321 0.94000 -0.10000
vertex -0.10000 0.94000 -0.17321
vertex -0.14000 1.30000 -0.24249
endloop
endfacet
facet normal 0.69136 0.20987 0.69136
outer loop
vertex -0.17321 0.94000 -0.10000
vertex -0.14000 1.30000 -0.24249
vertex -0.24249 1.30000 -0.14000
endloop
endfacet
facet normal 0.00000 1.00000 0.00000
outer loop
vertex 0.00000 0.94000 0.00000
vertex -0.10000 0.94000 -0.17321
vertex -0.17321 0.94000 -0.10000
endloop
endfacet
facet normal 0.00000 -1.00000 0.00000
outer loop
vertex 0.00000 1.30000 0.00000
vertex -0.24249 1.30000 -0.14000
vertex -0.14000 1.30000 -0.24249
endloop
endfacet
facet normal 0.25305 0.20987 0.94441
outer loop
vertex -0.10000 0.94000 -0.17321
vertex -0.00000 0.94000 -0.20000
vertex -0.00000 1.30000 -0.28000
endloop
endfacet
facet normal 0.25305 0.20987 0.94441
outer loop
vertex -0.10000 0.94000 -0.17321
vertex -0.00000 1.30000 -0.28000
vertex -0.14000 1.30000 -0.24249
endloop
endfacet
facet normal 0.00000 1.00000 0.00000
outer loop
vertex 0.00000 0.94000 0.00000
vertex -0.00000 0.94000 -0.20000
vertex -0.10000 0.94000 -0.17321
endloop
endfacet
facet normal 0.00000 -1.00000 0.00000
outer loop
vertex 0.00000 1.30000 0.00000
vertex -0.14000 1.30000 -0.24249
vertex -0.00000 1.30000 -0.28000
endloop
endfacet
facet normal -0.25305 0.20987 0.94441
outer loop
vertex -0.00000 0.94000 -0.20000
vertex 0.10000 0.94000 -0.17321
vertex 0.14000 1.30000 -0.24249
endloop
endfacet
facet normal -0.25305 0.20987 0.94441
outer loop
vertex -0.00000 0.94000 -0.20000
vertex 0.14000 1.30000 -0.24249
vertex -0.00000 1.30000 -0.28000
endloop
endfacet
facet normal 0.00000 1.00000 0.00000
outer loop
vertex 0.00000 0.94000 0.00000
vertex 0.10000 0.94000 -0.17321
vertex -0.00000 0.94000 -0.20000
endloop
endfacet
facet normal 0.00000 -1.00000 0.00000
outer loop
vertex 0.00000 1.30000 0.00000
vertex -0.00000 1.30000 -0.28000
vertex 0.14000 1.30000 -0.24249
endloop
endfacet
facet normal -0.69136 0.20987 0.69136
outer loop
vertex 0.10000 0.94000 -0.17321
vertex 0.17321 0.94000 -0.10000
vertex 0.24249 1.30000 -0.14000
endloop
endfacet
facet normal -0.69136 0.20987 0.69136
outer loop
vertex 0.10000 0.94000 -0.17321
vertex 0.24249 1.30000 -0.14000
vertex 0.14000 1.30000 -0.24249
endloop
endfacet
facet normal 0.00000 1.00000 0.00000
outer loop
vertex 0.00000 0.94000 0.00000
vertex 0.17321 0.94000 -0.10000
vertex 0.10000 0.94000 -0.17321
endloop
endfacet
facet normal 0.00000 -1.00000 0.00000
outer loop
vertex 0.00000 1.30000 0.00000
vertex 0.14000 1.30000 -0.24249
vertex 0.24249 1.30000 -0.14000
endloop
endfacet
facet normal -0.94441 0.20987 0.25305
outer loop
vertex 0.17321 0.94000 -0.10000
vertex 0.20000 0.94000 -0.00000
vertex 0.28000 1.30000 -0.00000
endloop
endfacet
facet normal -0.94441 0.20987 0.25305
outer loop
vertex 0.17321 0.94000 -0.10000
vertex 0.28000 1.30000 -0.00000
vertex 0.24249 1.30000 -0.14000
endloop
endfacet
facet normal 0.00000 1.00000 0.00000
outer loop
vertex 0.00000 0.94000 0.00000
vertex 0.20000 0.94000 -0.00000
vertex 0.17321 0.94000 -0.10000
endloop
endfacet
facet normal 0.00000 -1.00000 0.00000
outer loop
vertex 0.00000 1.30000 0.00000
vertex 0.24249 1.30000 -0.14000
vertex 0.28000 1.30000 -0.00000
endloop
endfacet
facet normal -0.95106 0.00000 -0.30902
outer loop
vertex 0.07500 1.28000 0.00000
vertex 0.06068 1.28000 0.04408
vertex 0.06068 1.40000 0.04408
endloop
endfacet
facet normal -0.95106 0.00000 -0.30902
outer loop
vertex 0.07500 1.28000 0.00000
vertex 0.06068 1.40000 0.04408
vertex 0.07500 1.40000 0.00000
endloop
endfacet
facet normal 0.00000 1.00000 0.00000
outer loop
vertex 0.00000 1.28000 0.00000
vertex 0.06068 1.28000 0.04408
vertex 0.07500 1.28000 0.00000
endloop
endfacet
facet normal 0.00000 -1.00000 0.00000
outer loop
vertex 0.00000 1.40000 0.00000
vertex 0.07500 1.40000 0.00000
vertex 0.06068 1.40000 0.04408
endloop
endfacet
facet normal -0.58779 0.00000 -0.80902
outer loop
vertex 0.06068 1.28000 0.04408
vertex 0.02318 1.28000 0.07133
vertex 0.02318 1.40000 0.07133
endloop
endfacet
facet normal -0.58779 0.00000 -0.80902
outer loop
vertex 0.06068 1.28000 0.04408
vertex 0.02318 1.40000 0.07133
vertex 0.06068 1.40000 0.04408
endloop
endfacet
facet normal 0.00000 1.00000 0.00000
outer loop
vertex 0.00000 1.28000 0.00000
vertex 0.02318 1.28000 0.07133
vertex 0.06068 1.28000 0.04408
endloop
endfacet
facet normal 0.00000 -1.00000 0.00000
outer loop
vertex 0.00000 1.40000 0.00000
vertex 0.06068 1.40000 0.04408
vertex 0.02318 1.40000 0.07133
endloop
endfacet
facet normal -0.00000 0.00000 -1.00000
outer loop
vertex 0.02318 1.28000 0.07133
vertex -0.02318 1.28000 0.07133
vertex -0.02318 1.40000 0.07133
endloop
endfacet
facet normal -0.00000 0.00000 -1.00000
outer loop
vertex 0.02318 1.28000 0.07133
vertex -0.02318 1.40000 0.07133
vertex 0.02318 1.40000 0.07133
endloop
endfacet
facet normal 0.00000 1.00000 0.00000
outer loop
vertex 0.00000 1.28000 0.00000
vertex -0.02318 1.28000 0.07133
vertex 0.02318 1.28000 0.07133
endloop
endfacet
facet normal 0.00000 -1.00000 0.00000
outer loop
vertex 0.00000 1.40000 0.00000
vertex 0.02318 1.40000 0.07133
vertex -0.02318 1.40000 0.07133
endloop
endfacet
facet normal 0.58779 0.00000 -0.80902
outer loop
vertex -0.02318 1.28000 0.07133
vertex -0.06068 1.28000 0.04408
vertex -0.06068 1.40000 0.04408
endloop
endfacet
facet normal 0.58779 0.00000 -0.80902
outer loop
vertex -0.02318 1.28000 0.07133
vertex -0.06068 1.40000 0.04408
vertex -0.02318 1.40000 0.07133
endloop
endfacet
facet normal 0.00000 1.00000 0.00000
outer loop
vertex 0.00000 1.28000 0.00000
vertex -0.06068 1.28000 0.04408
vertex -0.02318 1.28000 0.07133
endloop
endfacet
facet normal 0.00000 -1.00000 0.00000
outer loop
vertex 0.00000 1.40000 0.00000
vertex -0.02318 1.40000 0.07133
vertex -0.06068 1.40000 0.04408
endloop
endfacet
facet normal 0.95106 0.00000 -0.30902
outer loop
vertex -0.06068 1.28000 0.04408
vertex -0.07500 1.28000 0.00000
vertex -0.07500 1.40000 0.00000
endloop
endfacet
facet normal 0.95106 0.00000 -0.30902
outer loop
vertex -0.06068 1.28000 0.04408
vertex -0.07500 1.40000 0.00000
vertex -0.06068 1.40000 0.04408
endloop
endfacet
facet normal 0.00000 1.00000 0.00000
outer loop
vertex 0.00000 1.28000 0.00000
vertex -0.07500 1.28000 0.00000
vertex -0.06068 1.28000 0.04408
endloop
endfacet
facet normal 0.00000 -1.00000 0.00000
outer loop
vertex 0.00000 1.40000 0.00000
vertex -0.06068 1.40000 0.04408
vertex -0.07500 1.40000 0.00000
endloop
endfacet
facet normal 0.95106 0.00000 0.30902
outer loop
vertex -0.07500 1.28000 0.00000
vertex -0.06068 1.28000 -0.04408
vertex -0.06068 1.40000 -0.04408
endloop
endfacet
facet normal 0.95106 0.00000 0.30902
outer loop
vertex -0.07500 1.28000 0.00000
vertex -0.06068 1.40000 -0.04408
vertex -0.07500 1.40000 0.00000
endloop
endfacet
facet normal 0.00000 1.00000 0.00000
outer loop
vertex 0.00000 1.28000 0.00000
vertex -0.06068 1.28000 -0.04408
vertex -0.07500 1.28000 0.00000
endloop
endfacet
facet normal 0.00000 -1.00000 0.00000
outer loop
vertex 0.00000 1.40000 0.00000
vertex -0.07500 1.40000 0.00000
vertex -0.06068 1.40000 -0.04408
endloop
endfacet
facet normal 0.58779 0.00000 0.80902
outer loop
vertex -0.06068 1.28000 -0.04408
vertex -0.02318 1.28000 -0.07133
vertex -0.02318 1.40000 -0.07133
endloop
endfacet
facet normal 0.58779 0.00000 0.80902
outer loop
vertex -0.06068 1.28000 -0.04408
vertex -0.02318 1.40000 -0.07133
vertex -0.06068 1.40000 -0.04408
endloop
endfacet
facet normal 0.00000 1.00000 0.00000
outer loop
vertex 0.00000 1.28000 0.00000
vertex -0.02318 1.28000 -0.07133
vertex -0.06068 1.28000 -0.04408
endloop
endfacet
facet normal 0.00000 -1.00000 0.00000
outer loop
vertex 0.00000 1.40000 0.00000
vertex -0.06068 1.40000 -0.04408
vertex -0.02318 1.40000 -0.07133
endloop
endfacet
facet normal 0.00000 0.00000 1.00000
outer loop
vertex -0.02318 1.28000 -0.07133
vertex 0.02318 1.28000 -0.07133
vertex 0.02318 1.40000 -0.07133
endloop
endfacet
facet normal 0.00000 0.00000 1.00000
outer loop
vertex -0.02318 1.28000 -0.07133
vertex 0.02318 1.40000 -0.07133
vertex -0.02318 1.40000 -0.07133
endloop
endfacet
facet normal 0.00000 1.00000 0.00000
outer loop
vertex 0.00000 1.28000 0.00000
vertex 0.02318 1.28000 -0.07133
vertex -0.02318 1.28000 -0.07133
endloop
endfacet
facet normal 0.00000 -1.00000 0.00000
outer loop
vertex 0.00000 1.40000 0.00000
vertex -0.02318 1.40000 -0.07133
vertex 0.02318 1.40000 -0.07133
endloop
endfacet
facet normal -0.58779 0.00000 0.80902
outer loop
vertex 0.02318 1.28000 -0.07133
vertex 0.06068 1.28000 -0.04408
vertex 0.06068 1.40000 -0.04408
endloop
endfacet
facet normal -0.58779 0.00000 0.80902
outer loop
vertex 0.02318 1.28000 -0.07133
vertex 0.06068 1.40000 -0.04408
vertex 0.02318 1.40000 -0.07133
endloop
endfacet
facet normal 0.00000 1.00000 0.00000
outer loop
vertex 0.00000 1.28000 0.00000
vertex 0.06068 1.28000 -0.04408
vertex 0.02318 1.28000 -0.07133
endloop
endfacet
facet normal 0.00000 -1.00000 0.00000
outer loop
vertex 0.00000 1.40000 0.00000
vertex 0.02318 1.40000 -0.07133
vertex 0.06068 1.40000 -0.04408
endloop
endfacet
facet normal -0.95106 0.00000 0.30902
outer loop
vertex 0.06068 1.28000 -0.04408
vertex 0.07500 1.28000 -0.00000
vertex 0.07500 1.40000 -0.00000
endloop
endfacet
facet normal -0.95106 0.00000 0.30902
outer loop
vertex 0.06068 1.28000 -0.04408
vertex 0.07500 1.40000 -0.00000
vertex 0.06068 1.40000 -0.04408
endloop
endfacet
facet normal 0.00000 1.00000 0.00000
outer loop
vertex 0.00000 1.28000 0.00000
vertex 0.07500 1.28000 -0.00000
vertex 0.06068 1.28000 -0.04408
endloop
endfacet
facet normal 0.00000 -1.00000 0.00000
outer loop
vertex 0.00000 1.40000 0.00000
vertex 0.06068 1.40000 -0.04408
vertex 0.07500 1.40000 -0.00000
endloop
endfacet
facet normal -0.25820 0.96361 -0.06918
outer loop
vertex 0.00000 1.33000 0.00000
vertex 0.00000 1.33000 0.00000
vertex 0.06928 1.35144 0.04000
endloop
endfacet
facet normal -0.25820 0.96361 -0.06918
outer loop
vertex 0.00000 1.33000 0.00000
vertex 0.06928 1.35144 0.04000
vertex 0.08000 1.35144 0.00000
endloop
endfacet
facet normal -0.18901 0.96361 -0.18901
outer loop
vertex 0.00000 1.33000 0.00000
vertex 0.00000 1.33000 0.00000
vertex 0.04000 1.35144 0.06928
endloop
endfacet
facet normal -0.18901 0.96361 -0.18901
outer loop
vertex 0.00000 1.33000 0.00000
vertex 0.04000 1.35144 0.06928
vertex 0.06928 1.35144 0.04000
endloop
endfacet
facet normal -0.06918 0.96361 -0.25820
outer loop
vertex 0.00000 1.33000 0.00000
vertex 0.00000 1.33000 0.00000
vertex 0.00000 1.35144 0.08000
endloop
endfacet
facet normal -0.06918 0.96361 -0.25820
outer loop
vertex 0.00000 1.33000 0.00000
vertex 0.00000 1.35144 0.08000
vertex 0.04000 1.35144 0.06928
endloop
endfacet
facet normal 0.06918 0.96361 -0.25820
outer loop
vertex 0.00000 1.33000 0.00000
vertex -0.00000 1.33000 0.00000
vertex -0.04000 1.35144 0.06928
endloop
endfacet
facet normal 0.06918 0.96361 -0.25820
outer loop
vertex 0.00000 1.33000 0.00000
vertex -0.04000 1.35144 0.06928
vertex 0.00000 1.35144 0.08000
endloop
endfacet
facet normal 0.18901 0.96361 -0.18901
outer loop
vertex -0.00000 1.33000 0.00000
vertex -0.00000 1.33000 0.00000
vertex -0.06928 1.35144 0.04000
endloop
endfacet
facet normal 0.18901 0.96361 -0.18901
outer loop
vertex -0.00000 1.33000 0.00000
vertex -0.06928 1.35144 0.04000
vertex -0.04000 1.35144 0.06928
endloop
endfacet
facet normal 0.25820 0.96361 -0.06918
outer loop
vertex -0.00000 1.33000 0.00000
vertex -0.00000 1.33000 0.00000
vertex -0.08000 1.35144 0.00000
endloop
endfacet
facet normal 0.25820 0.96361 -0.06918
outer loop
vertex -0.00000 1.33000 0.00000
vertex -0.08000 1.35144 0.00000
vertex -0.06928 1.35144 0.04000
endloop
endfacet
facet normal 0.25820 0.96361 0.06918
outer loop
vertex -0.00000 1.33000 0.00000
vertex -0.00000 1.33000 -0.00000
vertex -0.06928 1.35144 -0.04000
endloop
endfacet
facet normal 0.25820 0.96361 0.06918
outer loop
vertex -0.00000 1.33000 0.00000
vertex -0.06928 1.35144 -0.04000
vertex -0.08000 1.35144 0.00000
endloop
endfacet
facet normal 0.18901 0.96361 0.18901
outer loop
vertex -0.00000 1.33000 -0.00000
vertex -0.00000 1.33000 -0.00000
vertex -0.04000 1.35144 -0.06928
endloop
endfacet
facet normal 0.18901 0.96361 0.18901
outer loop
vertex -0.00000 1.33000 -0.00000
vertex -0.04000 1.35144 -0.06928
vertex -0.06928 1.35144 -0.04000
endloop
endfacet
facet normal 0.06918 0.96361 0.25820
outer loop
vertex -0.00000 1.33000 -0.00000
vertex -0.00000 1.33000 -0.00000
vertex -0.00000 1.35144 -0.08000
endloop
endfacet
facet normal 0.06918 0.96361 0.25820
outer loop
vertex -0.00000 1.33000 -0.00000
vertex -0.00000 1.35144 -0.08000
vertex -0.04000 1.35144 -0.06928
endloop
endfacet
facet normal -0.06918 0.96361 0.25820
outer loop
vertex -0.00000 1.33000 -0.00000
vertex 0.00000 1.33000 -0.00000
vertex 0.04000 1.35144 -0.06928
endloop
endfacet
facet normal -0.06918 0.96361 0.25820
outer loop
vertex -0.00000 1.33000 -0.00000
vertex 0.04000 1.35144 -0.06928
vertex -0.00000 1.35144 -0.08000
endloop
endfacet
facet normal -0.18901 0.96361 0.18901
outer loop
vertex 0.00000 1.33000 -0.00000
vertex 0.00000 1.33000 -0.00000
vertex 0.06928 1.35144 -0.04000
endloop
endfacet
facet normal -0.18901 0.96361 0.18901
outer loop
vertex 0.00000 1.33000 -0.00000
vertex 0.06928 1.35144 -0.04000
vertex 0.04000 1.35144 -0.06928
endloop
endfacet
facet normal -0.25820 0.96361 0.06918
outer loop
vertex 0.00000 1.33000 -0.00000
vertex 0.00000 1.33000 -0.00000
vertex 0.08000 1.35144 -0.00000
endloop
endfacet
facet normal -0.25820 0.96361 0.06918
outer loop
vertex 0.00000 1.33000 -0.00000
vertex 0.08000 1.35144 -0.00000
vertex 0.06928 1.35144 -0.04000
endloop
endfacet
facet normal -0.69475 0.69475 -0.18616
outer loop
vertex 0.08000 1.35144 0.00000
vertex 0.06928 1.35144 0.04000
vertex 0.12000 1.41000 0.06928
endloop
endfacet
facet normal -0.69475 0.69475 -0.18616
outer loop
vertex 0.08000 1.35144 0.00000
vertex 0.12000 1.41000 0.06928
vertex 0.13856 1.41000 0.00000
endloop
endfacet
facet normal -0.50859 0.69475 -0.50859
outer loop
vertex 0.06928 1.35144 0.04000
vertex 0.04000 1.35144 0.06928
vertex 0.06928 1.41000 0.12000
endloop
endfacet
facet normal -0.50859 0.69475 -0.50859
outer loop
vertex 0.06928 1.35144 0.04000
vertex 0.06928 1.41000 0.12000
vertex 0.12000 1.41000 0.06928
endloop
endfacet
facet normal -0.18616 0.69475 -0.69475
outer loop
vertex 0.04000 1.35144 0.06928
vertex 0.00000 1.35144 0.08000
vertex 0.00000 1.41000 0.13856
endloop
endfacet
facet normal -0.18616 0.69475 -0.69475
outer loop
vertex 0.04000 1.35144 0.06928
vertex 0.00000 1.41000 0.13856
vertex 0.06928 1.41000 0.12000
endloop
endfacet
facet normal 0.18616 0.69475 -0.69475
outer loop
vertex 0.00000 1.35144 0.08000
vertex -0.04000 1.35144 0.06928
vertex -0.06928 1.41000 0.12000
endloop
endfacet
facet normal 0.18616 0.69475 -0.69475
outer loop
vertex 0.00000 1.35144 0.08000
vertex -0.06928 1.41000 0.12000
vertex 0.00000 1.41000 0.13856
endloop
endfacet
facet normal 0.50859 0.69475 -0.50859
outer loop
vertex -0.04000 1.35144 0.06928
vertex -0.06928 1.35144 0.04000
vertex -0.12000 1.41000 0.06928
endloop
endfacet
facet normal 0.50859 0.69475 -0.50859
outer loop
vertex -0.04000 1.35144 0.06928
vertex -0.12000 1.41000 0.06928
vertex -0.06928 1.41000 0.12000
endloop
endfacet
facet normal 0.69475 0.69475 -0.18616
outer loop
vertex -0.06928 1.35144 0.04000
vertex -0.08000 1.35144 0.00000
vertex -0.13856 1.41000 0.00000
endloop
endfacet
facet normal 0.69475 0.69475 -0.18616
outer loop
vertex -0.06928 1.35144 0.04000
vertex -0.13856 1.41000 0.00000
vertex -0.12000 1.41000 0.06928
endloop
endfacet
facet normal 0.69475 0.69475 0.18616
outer loop
vertex -0.08000 1.35144 0.00000
vertex -0.06928 1.35144 -0.04000
vertex -0.12000 1.41000 -0.06928
endloop
endfacet
facet normal 0.69475 0.69475 0.18616
outer loop
vertex -0.08000 1.35144 0.00000
vertex -0.12000 1.41000 -0.06928
vertex -0.13856 1.41000 0.00000
endloop
endfacet
facet normal 0.50859 0.69475 0.50859
outer loop
vertex -0.06928 1.35144 -0.04000
vertex -0.04000 1.35144 -0.06928
vertex -0.06928 1.41000 -0.12000
endloop
endfacet
facet normal 0.50859 0.69475 0.50859
outer loop
vertex -0.06928 1.35144 -0.04000
vertex -0.06928 1.41000 -0.12000
vertex -0.12000 1.41000 -0.06928
endloop
endfacet
facet normal 0.18616 0.69475 0.69475
outer loop
vertex -0.04000 1.35144 -0.06928
vertex -0.00000 1.35144 -0.08000
vertex -0.00000 1.41000 -0.13856
endloop
endfacet
facet normal 0.18616 0.69475 0.69475
outer loop
vertex -0.04000 1.35144 -0.06928
vertex -0.00000 1.41000 -0.13856
vertex -0.06928 1.41000 -0.12000
endloop
endfacet
facet normal -0.18616 0.69475 0.69475
outer loop
vertex -0.00000 1.35144 -0.08000
vertex 0.04000 1.35144 -0.06928
vertex 0.06928 1.41000 -0.12000
endloop
endfacet
facet normal -0.18616 0.69475 0.69475
outer loop
vertex -0.00000 1.35144 -0.08000
vertex 0.06928 1.41000 -0.12000
vertex -0.00000 1.41000 -0.13856
endloop
endfacet
facet normal -0.50859 0.69475 0.50859
outer loop
vertex 0.04000 1.35144 -0.06928
vertex 0.06928 1.35144 -0.04000
vertex 0.12000 1.41000 -0.06928
endloop
endfacet
facet normal -0.50859 0.69475 0.50859
outer loop
vertex 0.04000 1.35144 -0.06928
vertex 0.12000 1.41000 -0.06928
vertex 0.06928 1.41000 -0.12000
endloop
endfacet
facet normal -0.69475 0.69475 0.18616
outer loop
vertex 0.06928 1.35144 -0.04000
vertex 0.08000 1.35144 -0.00000
vertex 0.13856 1.41000 -0.00000
endloop
endfacet
facet normal -0.69475 0.69475 0.18616
outer loop
vertex 0.06928 1.35144 -0.04000
vertex 0.13856 1.41000 -0.00000
vertex 0.12000 1.41000 -0.06928
endloop
endfacet
facet normal -0.93511 0.25056 -0.25056
outer loop
vertex 0.13856 1.41000 0.00000
vertex 0.12000 1.41000 0.06928
vertex 0.13856 1.49000 0.08000
endloop
endfacet
facet normal -0.93511 0.25056 -0.25056
outer loop
vertex 0.13856 1.41000 0.00000
vertex 0.13856 1.49000 0.08000
vertex 0.16000 1.49000 0.00000
endloop
endfacet
facet normal -0.68455 0.25056 -0.68455
outer loop
vertex 0.12000 1.41000 0.06928
vertex 0.06928 1.41000 0.12000
vertex 0.08000 1.49000 0.13856
endloop
endfacet
facet normal -0.68455 0.25056 -0.68455
outer loop
vertex 0.12000 1.41000 0.06928
vertex 0.08000 1.49000 0.13856
vertex 0.13856 1.49000 0.08000
endloop
endfacet
facet normal -0.25056 0.25056 -0.93511
outer loop
vertex 0.06928 1.41000 0.12000
vertex 0.00000 1.41000 0.13856
vertex 0.00000 1.49000 0.16000
endloop
endfacet
facet normal -0.25056 0.25056 -0.93511
outer loop
vertex 0.06928 1.41000 0.12000
vertex 0.00000 1.49000 0.16000
vertex 0.08000 1.49000 0.13856
endloop
endfacet
facet normal 0.25056 0.25056 -0.93511
outer loop
vertex 0.00000 1.41000 0.13856
vertex -0.06928 1.41000 0.12000
vertex -0.08000 1.49000 0.13856
endloop
endfacet
facet normal 0.25056 0.25056 -0.93511
outer loop
vertex 0.00000 1.41000 0.13856
vertex -0.08000 1.49000 0.13856
vertex 0.00000 1.49000 0.16000
endloop
endfacet
facet normal 0.68455 0.25056 -0.68455
outer loop
vertex -0.06928 1.41000 0.12000
vertex -0.12000 1.41000 0.06928
vertex -0.13856 1.49000 0.08000
endloop
endfacet
facet normal 0.68455 0.25056 -0.68455
outer loop
vertex -0.06928 1.41000 0.12000
vertex -0.13856 1.49000 0.08000
vertex -0.08000 1.49000 0.13856
endloop
endfacet
facet normal 0.93511 0.25056 -0.25056
outer loop
vertex -0.12000 1.41000 0.06928
vertex -0.13856 1.41000 0.00000
vertex -0.16000 1.49000 0.00000
endloop
endfacet
facet normal 0.93511 0.25056 -0.25056
outer loop
vertex -0.12000 1.41000 0.06928
vertex -0.16000 1.49000 0.00000
vertex -0.13856 1.49000 0.08000
endloop
endfacet
facet normal 0.93511 0.25056 0.25056
outer loop
vertex -0.13856 1.41000 0.00000
vertex -0.12000 1.41000 -0.06928
vertex -0.13856 1.49000 -0.08000
endloop
endfacet
facet normal 0.93511 0.25056 0.25056
outer loop
vertex -0.13856 1.41000 0.00000
vertex -0.13856 1.49000 -0.08000
vertex -0.16000 1.49000 0.00000
endloop
endfacet
facet normal 0.68455 0.25056 0.68455
outer loop
vertex -0.12000 1.41000 -0.06928
vertex -0.06928 1.41000 -0.12000
vertex -0.08000 1.49000 -0.13856
endloop
endfacet
facet normal 0.68455 0.25056 0.68455
outer loop
vertex -0.12000 1.41000 -0.06928
vertex -0.08000 1.49000 -0.13856
vertex -0.13856 1.49000 -0.08000
endloop
endfacet
facet normal 0.25056 0.25056 0.93511
outer loop
vertex -0.06928 1.41000 -0.12000
vertex -0.00000 1.41000 -0.13856
vertex -0.00000 1.49000 -0.16000
endloop
endfacet
facet normal 0.25056 0.25056 0.93511
outer loop
vertex -0.06928 1.41000 -0.12000
vertex -0.00000 1.49000 -0.16000
vertex -0.08000 1.49000 -0.13856
endloop
endfacet
facet normal -0.25056 0.25056 0.93511
outer loop
vertex -0.00000 1.41000 -0.13856
vertex 0.06928 1.41000 -0.12000
vertex 0.08000 1.49000 -0.13856
endloop
endfacet
facet normal -0.25056 0.25056 0.93511
outer loop
vertex -0.00000 1.41000 -0.13856
vertex 0.08000 1.49000 -0.13856
vertex -0.00000 1.49000 -0.16000
endloop
endfacet
facet normal -0.68455 0.25056 0.68455
outer loop
vertex 0.06928 1.41000 -0.12000
vertex 0.12000 1.41000 -0.06928
vertex 0.13856 1.49000 -0.08000
endloop
endfacet
facet normal -0.68455 0.25056 0.68455
outer loop
vertex 0.06928 1.41000 -0.12000
vertex 0.13856 1.49000 -0.08000
vertex 0.08000 1.49000 -0.13856
endloop
endfacet
facet normal -0.93511 0.25056 0.25056
outer loop
vertex 0.12000 1.41000 -0.06928
vertex 0.13856 1.41000 -0.00000
vertex 0.16000 1.49000 -0.00000
endloop
endfacet
facet normal -0.93511 0.25056 0.25056
outer loop
vertex 0.12000 1.41000 -0.06928
vertex 0.16000 1.49000 -0.00000
vertex 0.13856 1.49000 -0.08000
endloop
endfacet
facet normal -0.93511 -0.25056 -0.25056
outer loop
vertex 0.16000 1.49000 0.00000
vertex 0.13856 1.49000 0.08000
vertex 0.12000 1.57000 0.06928
endloop
endfacet
facet normal -0.93511 -0.25056 -0.25056
outer loop
vertex 0.16000 1.49000 0.00000
vertex 0.12000 1.57000 0.06928
vertex 0.13856 1.57000 0.00000
endloop
endfacet
facet normal -0.68455 -0.25056 -0.68455
outer loop
vertex 0.13856 1.49000 0.08000
vertex 0.08000 1.49000 0.13856
vertex 0.06928 1.57000 0.12000
endloop
endfacet
facet normal -0.68455 -0.25056 -0.68455
outer loop
vertex 0.13856 1.49000 0.08000
vertex 0.06928 1.57000 0.12000
vertex 0.12000 1.57000 0.06928
endloop
endfacet
facet normal -0.25056 -0.25056 -0.93511
outer loop
vertex 0.08000 1.49000 0.13856
vertex 0.00000 1.49000 0.16000
vertex 0.00000 1.57000 0.13856
endloop
endfacet
facet normal -0.25056 -0.25056 -0.93511
outer loop
vertex 0.08000 1.49000 0.13856
vertex 0.00000 1.57000 0.13856
vertex 0.06928 1.57000 0.12000
endloop
endfacet
facet normal 0.25056 -0.25056 -0.93511
outer loop
vertex 0.00000 1.49000 0.16000
vertex -0.08000 1.49000 0.13856
vertex -0.06928 1.57000 0.12000
endloop
endfacet
facet normal 0.25056 -0.25056 -0.93511
outer loop
vertex 0.00000 1.49000 0.16000
vertex -0.06928 1.57000 0.12000
vertex 0.00000 1.57000 0.13856
endloop
endfacet
facet normal 0.68455 -0.25056 -0.68455
outer loop
vertex -0.08000 1.49000 0.13856
vertex -0.13856 1.49000 0.08000
vertex -0.12000 1.57000 0.06928
endloop
endfacet
facet normal 0.68455 -0.25056 -0.68455
outer loop
vertex -0.08000 1.49000 0.13856
vertex -0.12000 1.57000 0.06928
vertex -0.06928 1.57000 0.12000
endloop
endfacet
facet normal 0.93511 -0.25056 -0.25056
outer loop
vertex -0.13856 1.49000 0.08000
vertex -0.16000 1.49000 0.00000
vertex -0.13856 1.57000 0.00000
endloop
endfacet
facet normal 0.93511 -0.25056 -0.25056
outer loop
vertex -0.13856 1.49000 0.08000
vertex -0.13856 1.57000 0.00000
vertex -0.12000 1.57000 0.06928
endloop
endfacet
facet normal 0.93511 -0.25056 0.25056
outer loop
vertex -0.16000 1.49000 0.00000
vertex -0.13856 1.49000 -0.08000
vertex -0.12000 1.57000 -0.06928
endloop
endfacet
facet normal 0.93511 -0.25056 0.25056
outer loop
vertex -0.16000 1.49000 0.00000
vertex -0.12000 1.57000 -0.06928
vertex -0.13856 1.57000 0.00000
endloop
endfacet
facet normal 0.68455 -0.25056 0.68455
outer loop
vertex -0.13856 1.49000 -0.08000
vertex -0.08000 1.49000 -0.13856
vertex -0.06928 1.57000 -0.12000
endloop
endfacet
facet normal 0.68455 -0.25056 0.68455
outer loop
vertex -0.13856 1.49000 -0.08000
vertex -0.06928 1.57000 -0.12000
vertex -0.12000 1.57000 -0.06928
endloop
endfacet
facet normal 0.25056 -0.25056 0.93511
outer loop
vertex -0.08000 1.49000 -0.13856
vertex -0.00000 1.49000 -0.16000
vertex -0.00000 1.57000 -0.13856
endloop
endfacet
facet normal 0.25056 -0.25056 0.93511
outer loop
vertex -0.08000 1.49000 -0.13856
vertex -0.00000 1.57000 -0.13856
vertex -0.06928 1.57000 -0.12000
endloop
endfacet
facet normal -0.25056 -0.25056 0.93511
outer loop
vertex -0.00000 1.49000 -0.16000
vertex 0.08000 1.49000 -0.13856
vertex 0.06928 1.57000 -0.12000
endloop
endfacet
facet normal -0.25056 -0.25056 0.93511
outer loop
vertex -0.00000 1.49000 -0.16000
vertex 0.06928 1.57000 -0.12000
vertex -0.00000 1.57000 -0.13856
endloop
endfacet
facet normal -0.68455 -0.25056 0.68455
outer loop
vertex 0.08000 1.49000 -0.13856
vertex 0.13856 1.49000 -0.08000
vertex 0.12000 1.57000 -0.06928
endloop
endfacet
facet normal -0.68455 -0.25056 0.68455
outer loop
vertex 0.08000 1.49000 -0.13856
vertex 0.12000 1.57000 -0.06928
vertex 0.06928 1.57000 -0.12000
endloop
endfacet
facet normal -0.93511 -0.25056 0.25056
outer loop
vertex 0.13856 1.49000 -0.08000
vertex 0.16000 1.49000 -0.00000
vertex 0.13856 1.57000 -0.00000
endloop
endfacet
facet normal -0.93511 -0.25056 0.25056
outer loop
vertex 0.13856 1.49000 -0.08000
vertex 0.13856 1.57000 -0.00000
vertex 0.12000 1.57000 -0.06928
endloop
endfacet
facet normal -0.69475 -0.69475 -0.18616
outer loop
vertex 0.13856 1.57000 0.00000
vertex 0.12000 1.57000 0.06928
vertex 0.06928 1.62856 0.04000
endloop
endfacet
facet normal -0.69475 -0.69475 -0.18616
outer loop
vertex 0.13856 1.57000 0.00000
vertex 0.06928 1.62856 0.04000
vertex 0.08000 1.62856 0.00000
endloop
endfacet
facet normal -0.50859 -0.69475 -0.50859
outer loop
vertex 0.12000 1.57000 0.06928
vertex 0.06928 1.57000 0.12000
vertex 0.04000 1.62856 0.06928
endloop
endfacet
facet normal -0.50859 -0.69475 -0.50859
outer loop
vertex 0.12000 1.57000 0.06928
vertex 0.04000 1.62856 0.06928
vertex 0.06928 1.62856 0.04000
endloop
endfacet
facet normal -0.18616 -0.69475 -0.69475
outer loop
vertex 0.06928 1.57000 0.12000
vertex 0.00000 1.57000 0.13856
vertex 0.00000 1.62856 0.08000
endloop
endfacet
facet normal -0.18616 -0.69475 -0.69475
outer loop
vertex 0.06928 1.57000 0.12000
vertex 0.00000 1.62856 0.08000
vertex 0.04000 1.62856 0.06928
endloop
endfacet
facet normal 0.18616 -0.69475 -0.69475
outer loop
vertex 0.00000 1.57000 0.13856
vertex -0.06928 1.57000 0.12000
vertex -0.04000 1.62856 0.06928
endloop
endfacet
facet normal 0.18616 -0.69475 -0.69475
outer loop
vertex 0.00000 1.57000 0.13856
vertex -0.04000 1.62856 0.06928
vertex 0.00000 1.62856 0.08000
endloop
endfacet
facet normal 0.50859 -0.69475 -0.50859
outer loop
vertex -0.06928 1.57000 0.12000
vertex -0.12000 1.57000 0.06928
vertex -0.06928 1.62856 0.04000
endloop
endfacet
facet normal 0.50859 -0.69475 -0.50859
outer loop
vertex -0.06928 1.57000 0.12000
vertex -0.06928 1.62856 0.04000
vertex -0.04000 1.62856 0.06928
endloop
endfacet
facet normal 0.69475 -0.69475 -0.18616
outer loop
vertex -0.12000 1.57000 0.06928
vertex -0.13856 1.57000 0.00000
vertex -0.08000 1.62856 0.00000
endloop
endfacet
facet normal 0.69475 -0.69475 -0.18616
outer loop
vertex -0.12000 1.57000 0.06928
vertex -0.08000 1.62856 0.00000
vertex -0.06928 1.62856 0.04000
endloop
endfacet
facet normal 0.69475 -0.69475 0.18616
outer loop
vertex -0.13856 1.57000 0.00000
vertex -0.12000 1.57000 -0.06928
vertex -0.06928 1.62856 -0.04000
endloop
endfacet
facet normal 0.69475 -0.69475 0.18616
outer loop
vertex -0.13856 1.57000 0.00000
vertex -0.06928 1.62856 -0.04000
vertex -0.08000 1.62856 0.00000
endloop
endfacet
facet normal 0.50859 -0.69475 0.50859
outer loop
vertex -0.12000 1.57000 -0.06928
vertex -0.06928 1.57000 -0.12000
vertex -0.04000 1.62856 -0.06928
endloop
endfacet
facet normal 0.50859 -0.69475 0.50859
outer loop
vertex -0.12000 1.57000 -0.06928
vertex -0.04000 1.62856 -0.06928
vertex -0.06928 1.62856 -0.04000
endloop
endfacet
facet normal 0.18616 -0.69475 0.69475
outer loop
vertex -0.06928 1.57000 -0.12000
vertex -0.00000 1.57000 -0.13856
vertex -0.00000 1.62856 -0.08000
endloop
endfacet
facet normal 0.18616 -0.69475 0.69475
outer loop
vertex -0.06928 1.57000 -0.12000
vertex -0.00000 1.62856 -0.08000
vertex -0.04000 1.62856 -0.06928
endloop
endfacet
facet normal -0.18616 -0.69475 0.69475
outer loop
vertex -0.00000 1.57000 -0.13856
vertex 0.06928 1.57000 -0.12000
vertex 0.04000 1.62856 -0.06928
endloop
endfacet
facet normal -0.18616 -0.69475 0.69475
outer loop
vertex -0.00000 1.57000 -0.13856
vertex 0.04000 1.62856 -0.06928
vertex -0.00000 1.62856 -0.08000
endloop
endfacet
facet normal -0.50859 -0.69475 0.50859
outer loop
vertex 0.06928 1.57000 -0.12000
vertex 0.12000 1.57000 -0.06928
vertex 0.06928 1.62856 -0.04000
endloop
endfacet
facet normal -0.50859 -0.69475 0.50859
outer loop
vertex 0.06928 1.57000 -0.12000
vertex 0.06928 1.62856 -0.04000
vertex 0.04000 1.62856 -0.06928
endloop
endfacet
facet normal -0.69475 -0.69475 0.18616
outer loop
vertex 0.12000 1.57000 -0.06928
vertex 0.13856 1.57000 -0.00000
vertex 0.08000 1.62856 -0.00000
endloop
endfacet
facet normal -0.69475 -0.69475 0.18616
outer loop
vertex 0.12000 1.57000 -0.06928
vertex 0.08000 1.62856 -0.00000
vertex 0.06928 1.62856 -0.04000
endloop
endfacet
facet normal -0.25820 -0.96361 -0.06918
outer loop
vertex 0.08000 1.62856 0.00000
vertex 0.06928 1.62856 0.04000
vertex 0.00000 1.65000 0.00000
endloop
endfacet
facet normal -0.25882 -0.96593 0.00000
outer loop
vertex 0.08000 1.62856 0.00000
vertex 0.00000 1.65000 0.00000
vertex 0.00000 1.65000 0.00000
endloop
endfacet
facet normal -0.18901 -0.96361 -0.18901
outer loop
vertex 0.06928 1.62856 0.04000
vertex 0.04000 1.62856 0.06928
vertex 0.00000 1.65000 0.00000
endloop
endfacet
facet normal 0.00000 -0.70711 -0.70711
outer loop
vertex 0.06928 1.62856 0.04000
vertex 0.00000 1.65000 0.00000
vertex 0.00000 1.65000 0.00000
endloop
endfacet
facet normal -0.06918 -0.96361 -0.25820
outer loop
vertex 0.04000 1.62856 0.06928
vertex 0.00000 1.62856 0.08000
vertex 0.00000 1.65000 0.00000
endloop
endfacet
facet normal 0.00000 -0.97014 -0.24254
outer loop
vertex 0.04000 1.62856 0.06928
vertex 0.00000 1.65000 0.00000
vertex 0.00000 1.65000 0.00000
endloop
endfacet
facet normal 0.06918 -0.96361 -0.25820
outer loop
vertex 0.00000 1.62856 0.08000
vertex -0.04000 1.62856 0.06928
vertex -0.00000 1.65000 0.00000
endloop
endfacet
facet normal 0.00000 -0.96593 -0.25882
outer loop
vertex 0.00000 1.62856 0.08000
vertex -0.00000 1.65000 0.00000
vertex 0.00000 1.65000 0.00000
endloop
endfacet
facet normal 0.18901 -0.96361 -0.18901
outer loop
vertex -0.04000 1.62856 0.06928
vertex -0.06928 1.62856 0.04000
vertex -0.00000 1.65000 0.00000
endloop
endfacet
facet normal 0.44721 -0.89443 0.00000
outer loop
vertex -0.04000 1.62856 0.06928
vertex -0.00000 1.65000 0.00000
vertex -0.00000 1.65000 0.00000
endloop
endfacet
facet normal 0.25820 -0.96361 -0.06918
outer loop
vertex -0.06928 1.62856 0.04000
vertex -0.08000 1.62856 0.00000
vertex -0.00000 1.65000 0.00000
endloop
endfacet
facet normal 0.24254 -0.97014 0.00000
outer loop
vertex -0.06928 1.62856 0.04000
vertex -0.00000 1.65000 0.00000
vertex -0.00000 1.65000 0.00000
endloop
endfacet
facet normal 0.25820 -0.96361 0.06918
outer loop
vertex -0.08000 1.62856 0.00000
vertex -0.06928 1.62856 -0.04000
vertex -0.00000 1.65000 -0.00000
endloop
endfacet
facet normal 0.25882 -0.96593 0.00000
outer loop
vertex -0.08000 1.62856 0.00000
vertex -0.00000 1.65000 -0.00000
vertex -0.00000 1.65000 0.00000
endloop
endfacet
facet normal 0.18901 -0.96361 0.18901
outer loop
vertex -0.06928 1.62856 -0.04000
vertex -0.04000 1.62856 -0.06928
vertex -0.00000 1.65000 -0.00000
endloop
endfacet
facet normal 0.00000 -0.89443 0.44721
outer loop
vertex -0.06928 1.62856 -0.04000
vertex -0.00000 1.65000 -0.00000
vertex -0.00000 1.65000 -0.00000
endloop
endfacet
facet normal 0.06918 -0.96361 0.25820
outer loop
vertex -0.04000 1.62856 -0.06928
vertex -0.00000 1.62856 -0.08000
vertex -0.00000 1.65000 -0.00000
endloop
endfacet
facet normal 0.00000 -0.89443 0.44721
outer loop
vertex -0.04000 1.62856 -0.06928
vertex -0.00000 1.65000 -0.00000
vertex -0.00000 1.65000 -0.00000
endloop
endfacet
facet normal -0.06918 -0.96361 0.25820
outer loop
vertex -0.00000 1.62856 -0.08000
vertex 0.04000 1.62856 -0.06928
vertex 0.00000 1.65000 -0.00000
endloop
endfacet
facet normal 0.00000 -0.96593 0.25882
outer loop
vertex -0.00000 1.62856 -0.08000
vertex 0.00000 1.65000 -0.00000
vertex -0.00000 1.65000 -0.00000
endloop
endfacet
facet normal -0.18901 -0.96361 0.18901
outer loop
vertex 0.04000 1.62856 -0.06928
vertex 0.06928 1.62856 -0.04000
vertex 0.00000 1.65000 -0.00000
endloop
endfacet
facet normal -0.44721 -0.89443 0.00000
outer loop
vertex 0.04000 1.62856 -0.06928
vertex 0.00000 1.65000 -0.00000
vertex 0.00000 1.65000 -0.00000
endloop
endfacet
facet normal -0.25820 -0.96361 0.06918
outer loop
vertex 0.06928 1.62856 -0.04000
vertex 0.08000 1.62856 -0.00000
vertex 0.00000 1.65000 -0.00000
endloop
endfacet
facet normal -0.44721 -0.89443 0.00000
outer loop
vertex 0.06928 1.62856 -0.04000
vertex 0.00000 1.65000 -0.00000
vertex 0.00000 1.65000 -0.00000
endloop
endfacet
facet normal -0.37269 0.92796 0.00000
outer loop
vertex -0.30000 1.12500 0.00000
vertex -0.30000 1.12500 0.00000
vertex -0.25482 1.14314 0.03282
endloop
endfacet
facet normal -0.30747 0.94630 -0.09990
outer loop
vertex -0.30000 1.12500 0.00000
vertex -0.25482 1.14314 0.03282
vertex -0.24416 1.14314 0.00000
endloop
endfacet
facet normal -0.72462 0.68915 0.00000
outer loop
vertex -0.30000 1.12500 0.00000
vertex -0.30000 1.12500 0.00000
vertex -0.28274 1.14314 0.05311
endloop
endfacet
facet normal -0.19003 0.94630 -0.26155
outer loop
vertex -0.30000 1.12500 0.00000
vertex -0.28274 1.14314 0.05311
vertex -0.25482 1.14314 0.03282
endloop
endfacet
facet normal -0.72462 -0.68915 0.00000
outer loop
vertex -0.30000 1.12500 0.00000
vertex -0.30000 1.12500 0.00000
vertex -0.31726 1.14314 0.05311
endloop
endfacet
facet normal -0.00000 0.94630 -0.32329
outer loop
vertex -0.30000 1.12500 0.00000
vertex -0.31726 1.14314 0.05311
vertex -0.28274 1.14314 0.05311
endloop
endfacet
facet normal 0.37269 0.92796 0.00000
outer loop
vertex -0.30000 1.12500 0.00000
vertex -0.30000 1.12500 0.00000
vertex -0.34518 1.14314 0.03282
endloop
endfacet
facet normal 0.19003 0.94630 -0.26155
outer loop
vertex -0.30000 1.12500 0.00000
vertex -0.34518 1.14314 0.03282
vertex -0.31726 1.14314 0.05311
endloop
endfacet
facet normal 0.30902 0.95106 0.00000
outer loop
vertex -0.30000 1.12500 0.00000
vertex -0.30000 1.12500 0.00000
vertex -0.35584 1.14314 0.00000
endloop
endfacet
facet normal 0.30747 0.94630 -0.09990
outer loop
vertex -0.30000 1.12500 0.00000
vertex -0.35584 1.14314 0.00000
vertex -0.34518 1.14314 0.03282
endloop
endfacet
facet normal 0.37269 0.92796 0.00000
outer loop
vertex -0.30000 1.12500 0.00000
vertex -0.30000 1.12500 -0.00000
vertex -0.34518 1.14314 -0.03282
endloop
endfacet
facet normal 0.30747 0.94630 0.09990
outer loop
vertex -0.30000 1.12500 0.00000
vertex -0.34518 1.14314 -0.03282
vertex -0.35584 1.14314 0.00000
endloop
endfacet
facet normal 0.72462 0.68915 0.00000
outer loop
vertex -0.30000 1.12500 -0.00000
vertex -0.30000 1.12500 -0.00000
vertex -0.31726 1.14314 -0.05311
endloop
endfacet
facet normal 0.19003 0.94630 0.26155
outer loop
vertex -0.30000 1.12500 -0.00000
vertex -0.31726 1.14314 -0.05311
vertex -0.34518 1.14314 -0.03282
endloop
endfacet
facet normal 0.72462 -0.68915 0.00000
outer loop
vertex -0.30000 1.12500 -0.00000
vertex -0.30000 1.12500 -0.00000
vertex -0.28274 1.14314 -0.05311
endloop
endfacet
facet normal 0.00000 0.94630 0.32329
outer loop
vertex -0.30000 1.12500 -0.00000
vertex -0.28274 1.14314 -0.05311
vertex -0.31726 1.14314 -0.05311
endloop
endfacet
facet normal -0.37269 0.92796 0.00000
outer loop
vertex -0.30000 1.12500 -0.00000
vertex -0.30000 1.12500 -0.00000
vertex -0.25482 1.14314 -0.03282
endloop
endfacet
facet normal -0.19003 0.94630 0.26155
outer loop
vertex -0.30000 1.12500 -0.00000
vertex -0.25482 1.14314 -0.03282
vertex -0.28274 1.14314 -0.05311
endloop
endfacet
facet normal -0.30902 0.95106 0.00000
outer loop
vertex -0.30000 1.12500 -0.00000
vertex -0.30000 1.12500 -0.00000
vertex -0.24416 1.14314 -0.00000
endloop
endfacet
facet normal -0.30747 0.94630 0.09990
outer loop
vertex -0.30000 1.12500 -0.00000
vertex -0.24416 1.14314 -0.00000
vertex -0.25482 1.14314 -0.03282
endloop
endfacet
facet normal -0.78244 0.56847 -0.25423
outer loop
vertex -0.24416 1.14314 0.00000
vertex -0.25482 1.14314 0.03282
vertex -0.22691 1.19064 0.05311
endloop
endfacet
facet normal -0.78244 0.56847 -0.25423
outer loop
vertex -0.24416 1.14314 0.00000
vertex -0.22691 1.19064 0.05311
vertex -0.20965 1.19064 0.00000
endloop
endfacet
facet normal -0.48357 0.56847 -0.66558
outer loop
vertex -0.25482 1.14314 0.03282
vertex -0.28274 1.14314 0.05311
vertex -0.27208 1.19064 0.08593
endloop
endfacet
facet normal -0.48357 0.56847 -0.66558
outer loop
vertex -0.25482 1.14314 0.03282
vertex -0.27208 1.19064 0.08593
vertex -0.22691 1.19064 0.05311
endloop
endfacet
facet normal -0.00000 0.56847 -0.82270
outer loop
vertex -0.28274 1.14314 0.05311
vertex -0.31726 1.14314 0.05311
vertex -0.32792 1.19064 0.08593
endloop
endfacet
facet normal -0.00000 0.56847 -0.82270
outer loop
vertex -0.28274 1.14314 0.05311
vertex -0.32792 1.19064 0.08593
vertex -0.27208 1.19064 0.08593
endloop
endfacet
facet normal 0.48357 0.56847 -0.66558
outer loop
vertex -0.31726 1.14314 0.05311
vertex -0.34518 1.14314 0.03282
vertex -0.37309 1.19064 0.05311
endloop
endfacet
facet normal 0.48357 0.56847 -0.66558
outer loop
vertex -0.31726 1.14314 0.05311
vertex -0.37309 1.19064 0.05311
vertex -0.32792 1.19064 0.08593
endloop
endfacet
facet normal 0.78244 0.56847 -0.25423
outer loop
vertex -0.34518 1.14314 0.03282
vertex -0.35584 1.14314 0.00000
vertex -0.39035 1.19064 0.00000
endloop
endfacet
facet normal 0.78244 0.56847 -0.25423
outer loop
vertex -0.34518 1.14314 0.03282
vertex -0.39035 1.19064 0.00000
vertex -0.37309 1.19064 0.05311
endloop
endfacet
facet normal 0.78244 0.56847 0.25423
outer loop
vertex -0.35584 1.14314 0.00000
vertex -0.34518 1.14314 -0.03282
vertex -0.37309 1.19064 -0.05311
endloop
endfacet
facet normal 0.78244 0.56847 0.25423
outer loop
vertex -0.35584 1.14314 0.00000
vertex -0.37309 1.19064 -0.05311
vertex -0.39035 1.19064 0.00000
endloop
endfacet
facet normal 0.48357 0.56847 0.66558
outer loop
vertex -0.34518 1.14314 -0.03282
vertex -0.31726 1.14314 -0.05311
vertex -0.32792 1.19064 -0.08593
endloop
endfacet
facet normal 0.48357 0.56847 0.66558
outer loop
vertex -0.34518 1.14314 -0.03282
vertex -0.32792 1.19064 -0.08593
vertex -0.37309 1.19064 -0.05311
endloop
endfacet
facet normal 0.00000 0.56847 0.82270
outer loop
vertex -0.31726 1.14314 -0.05311
vertex -0.28274 1.14314 -0.05311
vertex -0.27208 1.19064 -0.08593
endloop
endfacet
facet normal 0.00000 0.56847 0.82270
outer loop
vertex -0.31726 1.14314 -0.05311
vertex -0.27208 1.19064 -0.08593
vertex -0.32792 1.19064 -0.08593
endloop
endfacet
facet normal -0.48357 0.56847 0.66558
outer loop
vertex -0.28274 1.14314 -0.05311
vertex -0.25482 1.14314 -0.03282
vertex -0.22691 1.19064 -0.05311
endloop
endfacet
facet normal -0.48357 0.56847 0.66558
outer loop
vertex -0.28274 1.14314 -0.05311
vertex -0.22691 1.19064 -0.05311
vertex -0.27208 1.19064 -0.08593
endloop
endfacet
facet normal -0.78244 0.56847 0.25423
outer loop
vertex -0.25482 1.14314 -0.03282
vertex -0.24416 1.14314 -0.00000
vertex -0.20965 1.19064 -0.00000
endloop
endfacet
facet normal -0.78244 0.56847 0.25423
outer loop
vertex -0.25482 1.14314 -0.03282
vertex -0.20965 1.19064 -0.00000
vertex -0.22691 1.19064 -0.05311
endloop
endfacet
facet normal -0.95106 0.00000 -0.30902
outer loop
vertex -0.20965 1.19064 0.00000
vertex -0.22691 1.19064 0.05311
vertex -0.22691 1.24936 0.05311
endloop
endfacet
facet normal -0.95106 0.00000 -0.30902
outer loop
vertex -0.20965 1.19064 0.00000
vertex -0.22691 1.24936 0.05311
vertex -0.20965 1.24936 0.00000
endloop
endfacet
facet normal -0.58779 0.00000 -0.80902
outer loop
vertex -0.22691 1.19064 0.05311
vertex -0.27208 1.19064 0.08593
vertex -0.27208 1.24936 0.08593
endloop
endfacet
facet normal -0.58779 0.00000 -0.80902
outer loop
vertex -0.22691 1.19064 0.05311
vertex -0.27208 1.24936 0.08593
vertex -0.22691 1.24936 0.05311
endloop
endfacet
facet normal -0.00000 0.00000 -1.00000
outer loop
vertex -0.27208 1.19064 0.08593
vertex -0.32792 1.19064 0.08593
vertex -0.32792 1.24936 0.08593
endloop
endfacet
facet normal -0.00000 0.00000 -1.00000
outer loop
vertex -0.27208 1.19064 0.08593
vertex -0.32792 1.24936 0.08593
vertex -0.27208 1.24936 0.08593
endloop
endfacet
facet normal 0.58779 0.00000 -0.80902
outer loop
vertex -0.32792 1.19064 0.08593
vertex -0.37309 1.19064 0.05311
vertex -0.37309 1.24936 0.05311
endloop
endfacet
facet normal 0.58779 0.00000 -0.80902
outer loop
vertex -0.32792 1.19064 0.08593
vertex -0.37309 1.24936 0.05311
vertex -0.32792 1.24936 0.08593
endloop
endfacet
facet normal 0.95106 0.00000 -0.30902
outer loop
vertex -0.37309 1.19064 0.05311
vertex -0.39035 1.19064 0.00000
vertex -0.39035 1.24936 0.00000
endloop
endfacet
facet normal 0.95106 0.00000 -0.30902
outer loop
vertex -0.37309 1.19064 0.05311
vertex -0.39035 1.24936 0.00000
vertex -0.37309 1.24936 0.05311
endloop
endfacet
facet normal 0.95106 0.00000 0.30902
outer loop
vertex -0.39035 1.19064 0.00000
vertex -0.37309 1.19064 -0.05311
vertex -0.37309 1.24936 -0.05311
endloop
endfacet
facet normal 0.95106 0.00000 0.30902
outer loop
vertex -0.39035 1.19064 0.00000
vertex -0.37309 1.24936 -0.05311
vertex -0.39035 1.24936 0.00000
endloop
endfacet
facet normal 0.58779 0.00000 0.80902
outer loop
vertex -0.37309 1.19064 -0.05311
vertex -0.32792 1.19064 -0.08593
vertex -0.32792 1.24936 -0.08593
endloop
endfacet
facet normal 0.58779 0.00000 0.80902
outer loop
vertex -0.37309 1.19064 -0.05311
vertex -0.32792 1.24936 -0.08593
vertex -0.37309 1.24936 -0.05311
endloop
endfacet
facet normal 0.00000 0.00000 1.00000
outer loop
vertex -0.32792 1.19064 -0.08593
vertex -0.27208 1.19064 -0.08593
vertex -0.27208 1.24936 -0.08593
endloop
endfacet
facet normal 0.00000 0.00000 1.00000
outer loop
vertex -0.32792 1.19064 -0.08593
vertex -0.27208 1.24936 -0.08593
vertex -0.32792 1.24936 -0.08593
endloop
endfacet
facet normal -0.58779 0.00000 0.80902
outer loop
vertex -0.27208 1.19064 -0.08593
vertex -0.22691 1.19064 -0.05311
vertex -0.22691 1.24936 -0.05311
endloop
endfacet
facet normal -0.58779 0.00000 0.80902
outer loop
vertex -0.27208 1.19064 -0.08593
vertex -0.22691 1.24936 -0.05311
vertex -0.27208 1.24936 -0.08593
endloop
endfacet
facet normal -0.95106 0.00000 0.30902
outer loop
vertex -0.22691 1.19064 -0.05311
vertex -0.20965 1.19064 -0.00000
vertex -0.20965 1.24936 -0.00000
endloop
endfacet
facet normal -0.95106 0.00000 0.30902
outer loop
vertex -0.22691 1.19064 -0.05311
vertex -0.20965 1.24936 -0.00000
vertex -0.22691 1.24936 -0.05311
endloop
endfacet
facet normal -0.78244 -0.56847 -0.25423
outer loop
vertex -0.20965 1.24936 0.00000
vertex -0.22691 1.24936 0.05311
vertex -0.25482 1.29686 0.03282
endloop
endfacet
facet normal -0.78244 -0.56847 -0.25423
outer loop
vertex -0.20965 1.24936 0.00000
vertex -0.25482 1.29686 0.03282
vertex -0.24416 1.29686 0.00000
endloop
endfacet
facet normal -0.48357 -0.56847 -0.66558
outer loop
vertex -0.22691 1.24936 0.05311
vertex -0.27208 1.24936 0.08593
vertex -0.28274 1.29686 0.05311
endloop
endfacet
facet normal -0.48357 -0.56847 -0.66558
outer loop
vertex -0.22691 1.24936 0.05311
vertex -0.28274 1.29686 0.05311
vertex -0.25482 1.29686 0.03282
endloop
endfacet
facet normal -0.00000 -0.56847 -0.82270
outer loop
vertex -0.27208 1.24936 0.08593
vertex -0.32792 1.24936 0.08593
vertex -0.31726 1.29686 0.05311
endloop
endfacet
facet normal -0.00000 -0.56847 -0.82270
outer loop
vertex -0.27208 1.24936 0.08593
vertex -0.31726 1.29686 0.05311
vertex -0.28274 1.29686 0.05311
endloop
endfacet
facet normal 0.48357 -0.56847 -0.66558
outer loop
vertex -0.32792 1.24936 0.08593
vertex -0.37309 1.24936 0.05311
vertex -0.34518 1.29686 0.03282
endloop
endfacet
facet normal 0.48357 -0.56847 -0.66558
outer loop
vertex -0.32792 1.24936 0.08593
vertex -0.34518 1.29686 0.03282
vertex -0.31726 1.29686 0.05311
endloop
endfacet
facet normal 0.78244 -0.56847 -0.25423
outer loop
vertex -0.37309 1.24936 0.05311
vertex -0.39035 1.24936 0.00000
vertex -0.35584 1.29686 0.00000
endloop
endfacet
facet normal 0.78244 -0.56847 -0.25423
outer loop
vertex -0.37309 1.24936 0.05311
vertex -0.35584 1.29686 0.00000
vertex -0.34518 1.29686 0.03282
endloop
endfacet
facet normal 0.78244 -0.56847 0.25423
outer loop
vertex -0.39035 1.24936 0.00000
vertex -0.37309 1.24936 -0.05311
vertex -0.34518 1.29686 -0.03282
endloop
endfacet
facet normal 0.78244 -0.56847 0.25423
outer loop
vertex -0.39035 1.24936 0.00000
vertex -0.34518 1.29686 -0.03282
vertex -0.35584 1.29686 0.00000
endloop
endfacet
facet normal 0.48357 -0.56847 0.66558
outer loop
vertex -0.37309 1.24936 -0.05311
vertex -0.32792 1.24936 -0.08593
vertex -0.31726 1.29686 -0.05311
endloop
endfacet
facet normal 0.48357 -0.56847 0.66558
outer loop
vertex -0.37309 1.24936 -0.05311
vertex -0.31726 1.29686 -0.05311
vertex -0.34518 1.29686 -0.03282
endloop
endfacet
facet normal 0.00000 -0.56847 0.82270
outer loop
vertex -0.32792 1.24936 -0.08593
vertex -0.27208 1.24936 -0.08593
vertex -0.28274 1.29686 -0.05311
endloop
endfacet
facet normal 0.00000 -0.56847 0.82270
outer loop
vertex -0.32792 1.24936 -0.08593
vertex -0.28274 1.29686 -0.05311
vertex -0.31726 1.29686 -0.05311
endloop
endfacet
facet normal -0.48357 -0.56847 0.66558
outer loop
vertex -0.27208 1.24936 -0.08593
vertex -0.22691 1.24936 -0.05311
vertex -0.25482 1.29686 -0.03282
endloop
endfacet
facet normal -0.48357 -0.56847 0.66558
outer loop
vertex -0.27208 1.24936 -0.08593
vertex -0.25482 1.29686 -0.03282
vertex -0.28274 1.29686 -0.05311
endloop
endfacet
facet normal -0.78244 -0.56847 0.25423
outer loop
vertex -0.22691 1.24936 -0.05311
vertex -0.20965 1.24936 -0.00000
vertex -0.24416 1.29686 -0.00000
endloop
endfacet
facet normal -0.78244 -0.56847 0.25423
outer loop
vertex -0.22691 1.24936 -0.05311
vertex -0.24416 1.29686 -0.00000
vertex -0.25482 1.29686 -0.03282
endloop
endfacet
facet normal -0.30747 -0.94630 -0.09990
outer loop
vertex -0.24416 1.29686 0.00000
vertex -0.25482 1.29686 0.03282
vertex -0.30000 1.31500 0.00000
endloop
endfacet
facet normal -0.30902 -0.95106 0.00000
outer loop
vertex -0.24416 1.29686 0.00000
vertex -0.30000 1.31500 0.00000
vertex -0.30000 1.31500 0.00000
endloop
endfacet
facet normal -0.19003 -0.94630 -0.26155
outer loop
vertex -0.25482 1.29686 0.03282
vertex -0.28274 1.29686 0.05311
vertex -0.30000 1.31500 0.00000
endloop
endfacet
facet normal -0.44721 -0.89443 0.00000
outer loop
vertex -0.25482 1.29686 0.03282
vertex -0.30000 1.31500 0.00000
vertex -0.30000 1.31500 0.00000
endloop
endfacet
facet normal -0.00000 -0.94630 -0.32329
outer loop
vertex -0.28274 1.29686 0.05311
vertex -0.31726 1.29686 0.05311
vertex -0.30000 1.31500 0.00000
endloop
endfacet
facet normal 0.00000 0.00000 0.00000
outer loop
vertex -0.28274 1.29686 0.05311
vertex -0.30000 1.31500 0.00000
vertex -0.30000 1.31500 0.00000
endloop
endfacet
facet normal 0.19003 -0.94630 -0.26155
outer loop
vertex -0.31726 1.29686 0.05311
vertex -0.34518 1.29686 0.03282
vertex -0.30000 1.31500 0.00000
endloop
endfacet
facet normal 0.70711 -0.70711 0.00000
outer loop
vertex -0.31726 1.29686 0.05311
vertex -0.30000 1.31500 0.00000
vertex -0.30000 1.31500 0.00000
endloop
endfacet
facet normal 0.30747 -0.94630 -0.09990
outer loop
vertex -0.34518 1.29686 0.03282
vertex -0.35584 1.29686 0.00000
vertex -0.30000 1.31500 0.00000
endloop
endfacet
facet normal 0.00000 0.00000 0.00000
outer loop
vertex -0.34518 1.29686 0.03282
vertex -0.30000 1.31500 0.00000
vertex -0.30000 1.31500 0.00000
endloop
endfacet
facet normal 0.30747 -0.94630 0.09990
outer loop
vertex -0.35584 1.29686 0.00000
vertex -0.34518 1.29686 -0.03282
vertex -0.30000 1.31500 -0.00000
endloop
endfacet
facet normal 0.30902 -0.95106 0.00000
outer loop
vertex -0.35584 1.29686 0.00000
vertex -0.30000 1.31500 -0.00000
vertex -0.30000 1.31500 0.00000
endloop
endfacet
facet normal 0.19003 -0.94630 0.26155
outer loop
vertex -0.34518 1.29686 -0.03282
vertex -0.31726 1.29686 -0.05311
vertex -0.30000 1.31500 -0.00000
endloop
endfacet
facet normal 0.44721 -0.89443 0.00000
outer loop
vertex -0.34518 1.29686 -0.03282
vertex -0.30000 1.31500 -0.00000
vertex -0.30000 1.31500 -0.00000
endloop
endfacet
facet normal 0.00000 -0.94630 0.32329
outer loop
vertex -0.31726 1.29686 -0.05311
vertex -0.28274 1.29686 -0.05311
vertex -0.30000 1.31500 -0.00000
endloop
endfacet
facet normal 0.00000 0.00000 0.00000
outer loop
vertex -0.31726 1.29686 -0.05311
vertex -0.30000 1.31500 -0.00000
vertex -0.30000 1.31500 -0.00000
endloop
endfacet
facet normal -0.19003 -0.94630 0.26155
outer loop
vertex -0.28274 1.29686 -0.05311
vertex -0.25482 1.29686 -0.03282
vertex -0.30000 1.31500 -0.00000
endloop
endfacet
facet normal -0.70711 -0.70711 0.00000
outer loop
vertex -0.28274 1.29686 -0.05311
vertex -0.30000 1.31500 -0.00000
vertex -0.30000 1.31500 -0.00000
endloop
endfacet
facet normal -0.30747 -0.94630 0.09990
outer loop
vertex -0.25482 1.29686 -0.03282
vertex -0.24416 1.29686 -0.00000
vertex -0.30000 1.31500 -0.00000
endloop
endfacet
facet normal 0.00000 0.00000 0.00000
outer loop
vertex -0.25482 1.29686 -0.03282
vertex -0.30000 1.31500 -0.00000
vertex -0.30000 1.31500 -0.00000
endloop
endfacet
facet normal -0.37269 0.92796 0.00000
outer loop
vertex 0.30000 1.12500 0.00000
vertex 0.30000 1.12500 0.00000
vertex 0.34518 1.14314 0.03282
endloop
endfacet
facet normal -0.30747 0.94630 -0.09990
outer loop
vertex 0.30000 1.12500 0.00000
vertex 0.34518 1.14314 0.03282
vertex 0.35584 1.14314 0.00000
endloop
endfacet
facet normal -0.72462 0.68915 0.00000
outer loop
vertex 0.30000 1.12500 0.00000
vertex 0.30000 1.12500 0.00000
vertex 0.31726 1.14314 0.05311
endloop
endfacet
facet normal -0.19003 0.94630 -0.26155
outer loop
vertex 0.30000 1.12500 0.00000
vertex 0.31726 1.14314 0.05311
vertex 0.34518 1.14314 0.03282
endloop
endfacet
facet normal -0.72462 -0.68915 0.00000
outer loop
vertex 0.30000 1.12500 0.00000
vertex 0.30000 1.12500 0.00000
vertex 0.28274 1.14314 0.05311
endloop
endfacet
facet normal -0.00000 0.94630 -0.32329
outer loop
vertex 0.30000 1.12500 0.00000
vertex 0.28274 1.14314 0.05311
vertex 0.31726 1.14314 0.05311
endloop
endfacet
facet normal 0.37269 0.92796 0.00000
outer loop
vertex 0.30000 1.12500 0.00000
vertex 0.30000 1.12500 0.00000
vertex 0.25482 1.14314 0.03282
endloop
endfacet
facet normal 0.19003 0.94630 -0.26155
outer loop
vertex 0.30000 1.12500 0.00000
vertex 0.25482 1.14314 0.03282
vertex 0.28274 1.14314 0.05311
endloop
endfacet
facet normal 0.30902 0.95106 0.00000
outer loop
vertex 0.30000 1.12500 0.00000
vertex 0.30000 1.12500 0.00000
vertex 0.24416 1.14314 0.00000
endloop
endfacet
facet normal 0.30747 0.94630 -0.09990
outer loop
vertex 0.30000 1.12500 0.00000
vertex 0.24416 1.14314 0.00000
vertex 0.25482 1.14314 0.03282
endloop
endfacet
facet normal 0.37269 0.92796 0.00000
outer loop
vertex 0.30000 1.12500 0.00000
vertex 0.30000 1.12500 -0.00000
vertex 0.25482 1.14314 -0.03282
endloop
endfacet
facet normal 0.30747 0.94630 0.09990
outer loop
vertex 0.30000 1.12500 0.00000
vertex 0.25482 1.14314 -0.03282
vertex 0.24416 1.14314 0.00000
endloop
endfacet
facet normal 0.72462 0.68915 0.00000
outer loop
vertex 0.30000 1.12500 -0.00000
vertex 0.30000 1.12500 -0.00000
vertex 0.28274 1.14314 -0.05311
endloop
endfacet
facet normal 0.19003 0.94630 0.26155
outer loop
vertex 0.30000 1.12500 -0.00000
vertex 0.28274 1.14314 -0.05311
vertex 0.25482 1.14314 -0.03282
endloop
endfacet
facet normal 0.72462 -0.68915 0.00000
outer loop
vertex 0.30000 1.12500 -0.00000
vertex 0.30000 1.12500 -0.00000
vertex 0.31726 1.14314 -0.05311
endloop
endfacet
facet normal 0.00000 0.94630 0.32329
outer loop
vertex 0.30000 1.12500 -0.00000
vertex 0.31726 1.14314 -0.05311
vertex 0.28274 1.14314 -0.05311
endloop
endfacet
facet normal -0.37269 0.92796 0.00000
outer loop
vertex 0.30000 1.12500 -0.00000
vertex 0.30000 1.12500 -0.00000
vertex 0.34518 1.14314 -0.03282
endloop
endfacet
facet normal -0.19003 0.94630 0.26155
outer loop
vertex 0.30000 1.12500 -0.00000
vertex 0.34518 1.14314 -0.03282
vertex 0.31726 1.14314 -0.05311
endloop
endfacet
facet normal -0.30902 0.95106 0.00000
outer loop
vertex 0.30000 1.12500 -0.00000
vertex 0.30000 1.12500 -0.00000
vertex 0.35584 1.14314 -0.00000
endloop
endfacet
facet normal -0.30747 0.94630 0.09990
outer loop
vertex 0.30000 1.12500 -0.00000
vertex 0.35584 1.14314 -0.00000
vertex 0.34518 1.14314 -0.03282
endloop
endfacet
facet normal -0.78244 0.56847 -0.25423
outer loop
vertex 0.35584 1.14314 0.00000
vertex 0.34518 1.14314 0.03282
vertex 0.37309 1.19064 0.05311
endloop
endfacet
facet normal -0.78244 0.56847 -0.25423
outer loop
vertex 0.35584 1.14314 0.00000
vertex 0.37309 1.19064 0.05311
vertex 0.39035 1.19064 0.00000
endloop
endfacet
facet normal -0.48357 0.56847 -0.66558
outer loop
vertex 0.34518 1.14314 0.03282
vertex 0.31726 1.14314 0.05311
vertex 0.32792 1.19064 0.08593
endloop
endfacet
facet normal -0.48357 0.56847 -0.66558
outer loop
vertex 0.34518 1.14314 0.03282
vertex 0.32792 1.19064 0.08593
vertex 0.37309 1.19064 0.05311
endloop
endfacet
facet normal -0.00000 0.56847 -0.82270
outer loop
vertex 0.31726 1.14314 0.05311
vertex 0.28274 1.14314 0.05311
vertex 0.27208 1.19064 0.08593
endloop
endfacet
facet normal -0.00000 0.56847 -0.82270
outer loop
vertex 0.31726 1.14314 0.05311
vertex 0.27208 1.19064 0.08593
vertex 0.32792 1.19064 0.08593
endloop
endfacet
facet normal 0.48357 0.56847 -0.66558
outer loop
vertex 0.28274 1.14314 0.05311
vertex 0.25482 1.14314 0.03282
vertex 0.22691 1.19064 0.05311
endloop
endfacet
facet normal 0.48357 0.56847 -0.66558
outer loop
vertex 0.28274 1.14314 0.05311
vertex 0.22691 1.19064 0.05311
vertex 0.27208 1.19064 0.08593
endloop
endfacet
facet normal 0.78244 0.56847 -0.25423
outer loop
vertex 0.25482 1.14314 0.03282
vertex 0.24416 1.14314 0.00000
vertex 0.20965 1.19064 0.00000
endloop
endfacet
facet normal 0.78244 0.56847 -0.25423
outer loop
vertex 0.25482 1.14314 0.03282
vertex 0.20965 1.19064 0.00000
vertex 0.22691 1.19064 0.05311
endloop
endfacet
facet normal 0.78244 0.56847 0.25423
outer loop
vertex 0.24416 1.14314 0.00000
vertex 0.25482 1.14314 -0.03282
vertex 0.22691 1.19064 -0.05311
endloop
endfacet
facet normal 0.78244 0.56847 0.25423
outer loop
vertex 0.24416 1.14314 0.00000
vertex 0.22691 1.19064 -0.05311
vertex 0.20965 1.19064 0.00000
endloop
endfacet
facet normal 0.48357 0.56847 0.66558
outer loop
vertex 0.25482 1.14314 -0.03282
vertex 0.28274 1.14314 -0.05311
vertex 0.27208 1.19064 -0.08593
endloop
endfacet
facet normal 0.48357 0.56847 0.66558
outer loop
vertex 0.25482 1.14314 -0.03282
vertex 0.27208 1.19064 -0.08593
vertex 0.22691 1.19064 -0.05311
endloop
endfacet
facet normal 0.00000 0.56847 0.82270
outer loop
vertex 0.28274 1.14314 -0.05311
vertex 0.31726 1.14314 -0.05311
vertex 0.32792 1.19064 -0.08593
endloop
endfacet
facet normal 0.00000 0.56847 0.82270
outer loop
vertex 0.28274 1.14314 -0.05311
vertex 0.32792 1.19064 -0.08593
vertex 0.27208 1.19064 -0.08593
endloop
endfacet
facet normal -0.48357 0.56847 0.66558
outer loop
vertex 0.31726 1.14314 -0.05311
vertex 0.34518 1.14314 -0.03282
vertex 0.37309 1.19064 -0.05311
endloop
endfacet
facet normal -0.48357 0.56847 0.66558
outer loop
vertex 0.31726 1.14314 -0.05311
vertex 0.37309 1.19064 -0.05311
vertex 0.32792 1.19064 -0.08593
endloop
endfacet
facet normal -0.78244 0.56847 0.25423
outer loop
vertex 0.34518 1.14314 -0.03282
vertex 0.35584 1.14314 -0.00000
vertex 0.39035 1.19064 -0.00000
endloop
endfacet
facet normal -0.78244 0.56847 0.25423
outer loop
vertex 0.34518 1.14314 -0.03282
vertex 0.39035 1.19064 -0.00000
vertex 0.37309 1.19064 -0.05311
endloop
endfacet
facet normal -0.95106 0.00000 -0.30902
outer loop
vertex 0.39035 1.19064 0.00000
vertex 0.37309 1.19064 0.05311
vertex 0.37309 1.24936 0.05311
endloop
endfacet
facet normal -0.95106 0.00000 -0.30902
outer loop
vertex 0.39035 1.19064 0.00000
vertex 0.37309 1.24936 0.05311
vertex 0.39035 1.24936 0.00000
endloop
endfacet
facet normal -0.58779 0.00000 -0.80902
outer loop
vertex 0.37309 1.19064 0.05311
vertex 0.32792 1.19064 0.08593
vertex 0.32792 1.24936 0.08593
endloop
endfacet
facet normal -0.58779 0.00000 -0.80902
outer loop
vertex 0.37309 1.19064 0.05311
vertex 0.32792 1.24936 0.08593
vertex 0.37309 1.24936 0.05311
endloop
endfacet
facet normal -0.00000 0.00000 -1.00000
outer loop
vertex 0.32792 1.19064 0.08593
vertex 0.27208 1.19064 0.08593
vertex 0.27208 1.24936 0.08593
endloop
endfacet
facet normal -0.00000 0.00000 -1.00000
outer loop
vertex 0.32792 1.19064 0.08593
vertex 0.27208 1.24936 0.08593
vertex 0.32792 1.24936 0.08593
endloop
endfacet
facet normal 0.58779 0.00000 -0.80902
outer loop
vertex 0.27208 1.19064 0.08593
vertex 0.22691 1.19064 0.05311
vertex 0.22691 1.24936 0.05311
endloop
endfacet
facet normal 0.58779 0.00000 -0.80902
outer loop
vertex 0.27208 1.19064 0.08593
vertex 0.22691 1.24936 0.05311
vertex 0.27208 1.24936 0.08593
endloop
endfacet
facet normal 0.95106 0.00000 -0.30902
outer loop
vertex 0.22691 1.19064 0.05311
vertex 0.20965 1.19064 0.00000
vertex 0.20965 1.24936 0.00000
endloop
endfacet
facet normal 0.95106 0.00000 -0.30902
outer loop
vertex 0.22691 1.19064 0.05311
vertex 0.20965 1.24936 0.00000
vertex 0.22691 1.24936 0.05311
endloop
endfacet
facet normal 0.95106 0.00000 0.30902
outer loop
vertex 0.20965 1.19064 0.00000
vertex 0.22691 1.19064 -0.05311
vertex 0.22691 1.24936 -0.05311
endloop
endfacet
facet normal 0.95106 0.00000 0.30902
outer loop
vertex 0.20965 1.19064 0.00000
vertex 0.22691 1.24936 -0.05311
vertex 0.20965 1.24936 0.00000
endloop
endfacet
facet normal 0.58779 0.00000 0.80902
outer loop
vertex 0.22691 1.19064 -0.05311
vertex 0.27208 1.19064 -0.08593
vertex 0.27208 1.24936 -0.08593
endloop
endfacet
facet normal 0.58779 0.00000 0.80902
outer loop
vertex 0.22691 1.19064 -0.05311
vertex 0.27208 1.24936 -0.08593
vertex 0.22691 1.24936 -0.05311
endloop
endfacet
facet normal 0.00000 0.00000 1.00000
outer loop
vertex 0.27208 1.19064 -0.08593
vertex 0.32792 1.19064 -0.08593
vertex 0.32792 1.24936 -0.08593
endloop
endfacet
facet normal 0.00000 0.00000 1.00000
outer loop
vertex 0.27208 1.19064 -0.08593
vertex 0.32792 1.24936 -0.08593
vertex 0.27208 1.24936 -0.08593
endloop
endfacet
facet normal -0.58779 0.00000 0.80902
outer loop
vertex 0.32792 1.19064 -0.08593
vertex 0.37309 1.19064 -0.05311
vertex 0.37309 1.24936 -0.05311
endloop
endfacet
facet normal -0.58779 0.00000 0.80902
outer loop
vertex 0.32792 1.19064 -0.08593
vertex 0.37309 1.24936 -0.05311
vertex 0.32792 1.24936 -0.08593
endloop
endfacet
facet normal -0.95106 0.00000 0.30902
outer loop
vertex 0.37309 1.19064 -0.05311
vertex 0.39035 1.19064 -0.00000
vertex 0.39035 1.24936 -0.00000
endloop
endfacet
facet normal -0.95106 0.00000 0.30902
outer loop
vertex 0.37309 1.19064 -0.05311
vertex 0.39035 1.24936 -0.00000
vertex 0.37309 1.24936 -0.05311
endloop
endfacet
facet normal -0.78244 -0.56847 -0.25423
outer loop
vertex 0.39035 1.24936 0.00000
vertex 0.37309 1.24936 0.05311
vertex 0.34518 1.29686 0.03282
endloop
endfacet
facet normal -0.78244 -0.56847 -0.25423
outer loop
vertex 0.39035 1.24936 0.00000
vertex 0.34518 1.29686 0.03282
vertex 0.35584 1.29686 0.00000
endloop
endfacet
facet normal -0.48357 -0.56847 -0.66558
outer loop
vertex 0.37309 1.24936 0.05311
vertex 0.32792 1.24936 0.08593
vertex 0.31726 1.29686 0.05311
endloop
endfacet
facet normal -0.48357 -0.56847 -0.66558
outer loop
vertex 0.37309 1.24936 0.05311
vertex 0.31726 1.29686 0.05311
vertex 0.34518 1.29686 0.03282
endloop
endfacet
facet normal -0.00000 -0.56847 -0.82270
outer loop
vertex 0.32792 1.24936 0.08593
vertex 0.27208 1.24936 0.08593
vertex 0.28274 1.29686 0.05311
endloop
endfacet
facet normal -0.00000 -0.56847 -0.82270
outer loop
vertex 0.32792 1.24936 0.08593
vertex 0.28274 1.29686 0.05311
vertex 0.31726 1.29686 0.05311
endloop
endfacet
facet normal 0.48357 -0.56847 -0.66558
outer loop
vertex 0.27208 1.24936 0.08593
vertex 0.22691 1.24936 0.05311
vertex 0.25482 1.29686 0.03282
endloop
endfacet
facet normal 0.48357 -0.56847 -0.66558
outer loop
vertex 0.27208 1.24936 0.08593
vertex 0.25482 1.29686 0.03282
vertex 0.28274 1.29686 0.05311
endloop
endfacet
facet normal 0.78244 -0.56847 -0.25423
outer loop
vertex 0.22691 1.24936 0.05311
vertex 0.20965 1.24936 0.00000
vertex 0.24416 1.29686 0.00000
endloop
endfacet
facet normal 0.78244 -0.56847 -0.25423
outer loop
vertex 0.22691 1.24936 0.05311
vertex 0.24416 1.29686 0.00000
vertex 0.25482 1.29686 0.03282
endloop
endfacet
facet normal 0.78244 -0.56847 0.25423
outer loop
vertex 0.20965 1.24936 0.00000
vertex 0.22691 1.24936 -0.05311
vertex 0.25482 1.29686 -0.03282
endloop
endfacet
facet normal 0.78244 -0.56847 0.25423
outer loop
vertex 0.20965 1.24936 0.00000
vertex 0.25482 1.29686 -0.03282
vertex 0.24416 1.29686 0.00000
endloop
endfacet
facet normal 0.48357 -0.56847 0.66558
outer loop
vertex 0.22691 1.24936 -0.05311
vertex 0.27208 1.24936 -0.08593
vertex 0.28274 1.29686 -0.05311
endloop
endfacet
facet normal 0.48357 -0.56847 0.66558
outer loop
vertex 0.22691 1.24936 -0.05311
vertex 0.28274 1.29686 -0.05311
vertex 0.25482 1.29686 -0.03282
endloop
endfacet
facet normal 0.00000 -0.56847 0.82270
outer loop
vertex 0.27208 1.24936 -0.08593
vertex 0.32792 1.24936 -0.08593
vertex 0.31726 1.29686 -0.05311
endloop
endfacet
facet normal 0.00000 -0.56847 0.82270
outer loop
vertex 0.27208 1.24936 -0.08593
vertex 0.31726 1.29686 -0.05311
vertex 0.28274 1.29686 -0.05311
endloop
endfacet
facet normal -0.48357 -0.56847 0.66558
outer loop
vertex 0.32792 1.24936 -0.08593
vertex 0.37309 1.24936 -0.05311
vertex 0.34518 1.29686 -0.03282
endloop
endfacet
facet normal -0.48357 -0.56847 0.66558
outer loop
vertex 0.32792 1.24936 -0.08593
vertex 0.34518 1.29686 -0.03282
vertex 0.31726 1.29686 -0.05311
endloop
endfacet
facet normal -0.78244 -0.56847 0.25423
outer loop
vertex 0.37309 1.24936 -0.05311
vertex 0.39035 1.24936 -0.00000
vertex 0.35584 1.29686 -0.00000
endloop
endfacet
facet normal -0.78244 -0.56847 0.25423
outer loop
vertex 0.37309 1.24936 -0.05311
vertex 0.35584 1.29686 -0.00000
vertex 0.34518 1.29686 -0.03282
endloop
endfacet
facet normal -0.30747 -0.94630 -0.09990
outer loop
vertex 0.35584 1.29686 0.00000
vertex 0.34518 1.29686 0.03282
vertex 0.30000 1.31500 0.00000
endloop
endfacet
facet normal -0.30902 -0.95106 0.00000
outer loop
vertex 0.35584 1.29686 0.00000
vertex 0.30000 1.31500 0.00000
vertex 0.30000 1.31500 0.00000
endloop
endfacet
facet normal -0.19003 -0.94630 -0.26155
outer loop
vertex 0.34518 1.29686 0.03282
vertex 0.31726 1.29686 0.05311
vertex 0.30000 1.31500 0.00000
endloop
endfacet
facet normal -0.44721 -0.89443 0.00000
outer loop
vertex 0.34518 1.29686 0.03282
vertex 0.30000 1.31500 0.00000
vertex 0.30000 1.31500 0.00000
endloop
endfacet
facet normal -0.00000 -0.94630 -0.32329
outer loop
vertex 0.31726 1.29686 0.05311
vertex 0.28274 1.29686 0.05311
vertex 0.30000 1.31500 0.00000
endloop
endfacet
facet normal 0.00000 0.00000 0.00000
outer loop
vertex 0.31726 1.29686 0.05311
vertex 0.30000 1.31500 0.00000
vertex 0.30000 1.31500 0.00000
endloop
endfacet
facet normal 0.19003 -0.94630 -0.26155
outer loop
vertex 0.28274 1.29686 0.05311
vertex 0.25482 1.29686 0.03282
vertex 0.30000 1.31500 0.00000
endloop
endfacet
facet normal 0.70711 -0.70711 0.00000
outer loop
vertex 0.28274 1.29686 0.05311
vertex 0.30000 1.31500 0.00000
vertex 0.30000 1.31500 0.00000
endloop
endfacet
facet normal 0.30747 -0.94630 -0.09990
outer loop
vertex 0.25482 1.29686 0.03282
vertex 0.24416 1.29686 0.00000
vertex 0.30000 1.31500 0.00000
endloop
endfacet
facet normal 0.00000 0.00000 0.00000
outer loop
vertex 0.25482 1.29686 0.03282
vertex 0.30000 1.31500 0.00000
vertex 0.30000 1.31500 0.00000
endloop
endfacet
facet normal 0.30747 -0.94630 0.09990
outer loop
vertex 0.24416 1.29686 0.00000
vertex 0.25482 1.29686 -0.03282
vertex 0.30000 1.31500 -0.00000
endloop
endfacet
facet normal 0.30902 -0.95106 0.00000
outer loop
vertex 0.24416 1.29686 0.00000
vertex 0.30000 1.31500 -0.00000
vertex 0.30000 1.31500 0.00000
endloop
endfacet
facet normal 0.19003 -0.94630 0.26155
outer loop
vertex 0.25482 1.29686 -0.03282
vertex 0.28274 1.29686 -0.05311
vertex 0.30000 1.31500 -0.00000
endloop
endfacet
facet normal 0.44721 -0.89443 0.00000
outer loop
vertex 0.25482 1.29686 -0.03282
vertex 0.30000 1.31500 -0.00000
vertex 0.30000 1.31500 -0.00000
endloop
endfacet
facet normal 0.00000 -0.94630 0.32329
outer loop
vertex 0.28274 1.29686 -0.05311
vertex 0.31726 1.29686 -0.05311
vertex 0.30000 1.31500 -0.00000
endloop
endfacet
facet normal 0.00000 0.00000 0.00000
outer loop
vertex 0.28274 1.29686 -0.05311
vertex 0.30000 1.31500 -0.00000
vertex 0.30000 1.31500 -0.00000
endloop
endfacet
facet normal -0.19003 -0.94630 0.26155
outer loop
vertex 0.31726 1.29686 -0.05311
vertex 0.34518 1.29686 -0.03282
vertex 0.30000 1.31500 -0.00000
endloop
endfacet
facet normal -0.70711 -0.70711 0.00000
outer loop
vertex 0.31726 1.29686 -0.05311
vertex 0.30000 1.31500 -0.00000
vertex 0.30000 1.31500 -0.00000
endloop
endfacet
facet normal -0.30747 -0.94630 0.09990
outer loop
vertex 0.34518 1.29686 -0.03282
vertex 0.35584 1.29686 -0.00000
vertex 0.30000 1.31500 -0.00000
endloop
endfacet
facet normal 0.00000 0.00000 0.00000
outer loop
vertex 0.34518 1.29686 -0.03282
vertex 0.30000 1.31500 -0.00000
vertex 0.30000 1.31500 -0.00000
endloop
endfacet
facet normal -0.93891 0.15152 -0.30902
outer loop
vertex -0.28973 0.92156 0.00000
vertex -0.30198 0.92354 0.03821
vertex -0.25419 1.21971 0.03821
endloop
endfacet
facet normal -0.93891 0.15152 -0.30902
outer loop
vertex -0.28973 0.92156 0.00000
vertex -0.25419 1.21971 0.03821
vertex -0.24193 1.21773 0.00000
endloop
endfacet
facet normal 0.15932 0.98723 -0.00000
outer loop
vertex -0.35390 0.93192 0.00000
vertex -0.30198 0.92354 0.03821
vertex -0.28973 0.92156 0.00000
endloop
endfacet
facet normal -0.15932 -0.98723 -0.00000
outer loop
vertex -0.30610 1.22808 0.00000
vertex -0.24193 1.21773 0.00000
vertex -0.25419 1.21971 0.03821
endloop
endfacet
facet normal -0.58028 0.09364 -0.80902
outer loop
vertex -0.30198 0.92354 0.03821
vertex -0.33407 0.92872 0.06182
vertex -0.28627 1.22488 0.06182
endloop
endfacet
facet normal -0.58028 0.09364 -0.80902
outer loop
vertex -0.30198 0.92354 0.03821
vertex -0.28627 1.22488 0.06182
vertex -0.25419 1.21971 0.03821
endloop
endfacet
facet normal 0.15932 0.98723 0.00000
outer loop
vertex -0.35390 0.93192 0.00000
vertex -0.33407 0.92872 0.06182
vertex -0.30198 0.92354 0.03821
endloop
endfacet
facet normal -0.15932 -0.98723 0.00000
outer loop
vertex -0.30610 1.22808 0.00000
vertex -0.25419 1.21971 0.03821
vertex -0.28627 1.22488 0.06182
endloop
endfacet
facet normal -0.00000 0.00000 -1.00000
outer loop
vertex -0.33407 0.92872 0.06182
vertex -0.37373 0.93512 0.06182
vertex -0.32593 1.23128 0.06182
endloop
endfacet
facet normal -0.00000 0.00000 -1.00000
outer loop
vertex -0.33407 0.92872 0.06182
vertex -0.32593 1.23128 0.06182
vertex -0.28627 1.22488 0.06182
endloop
endfacet
facet normal 0.15932 0.98723 0.00000
outer loop
vertex -0.35390 0.93192 0.00000
vertex -0.37373 0.93512 0.06182
vertex -0.33407 0.92872 0.06182
endloop
endfacet
facet normal -0.15932 -0.98723 0.00000
outer loop
vertex -0.30610 1.22808 0.00000
vertex -0.28627 1.22488 0.06182
vertex -0.32593 1.23128 0.06182
endloop
endfacet
facet normal 0.58028 -0.09364 -0.80902
outer loop
vertex -0.37373 0.93512 0.06182
vertex -0.40581 0.94029 0.03821
vertex -0.35802 1.23646 0.03821
endloop
endfacet
facet normal 0.58028 -0.09364 -0.80902
outer loop
vertex -0.37373 0.93512 0.06182
vertex -0.35802 1.23646 0.03821
vertex -0.32593 1.23128 0.06182
endloop
endfacet
facet normal 0.15932 0.98723 -0.00000
outer loop
vertex -0.35390 0.93192 0.00000
vertex -0.40581 0.94029 0.03821
vertex -0.37373 0.93512 0.06182
endloop
endfacet
facet normal -0.15932 -0.98723 -0.00000
outer loop
vertex -0.30610 1.22808 0.00000
vertex -0.32593 1.23128 0.06182
vertex -0.35802 1.23646 0.03821
endloop
endfacet
facet normal 0.93891 -0.15152 -0.30902
outer loop
vertex -0.40581 0.94029 0.03821
vertex -0.41807 0.94227 0.00000
vertex -0.37027 1.23844 0.00000
endloop
endfacet
facet normal 0.93891 -0.15152 -0.30902
outer loop
vertex -0.40581 0.94029 0.03821
vertex -0.37027 1.23844 0.00000
vertex -0.35802 1.23646 0.03821
endloop
endfacet
facet normal 0.15932 0.98723 0.00000
outer loop
vertex -0.35390 0.93192 0.00000
vertex -0.41807 0.94227 0.00000
vertex -0.40581 0.94029 0.03821
endloop
endfacet
facet normal -0.15932 -0.98723 0.00000
outer loop
vertex -0.30610 1.22808 0.00000
vertex -0.35802 1.23646 0.03821
vertex -0.37027 1.23844 0.00000
endloop
endfacet
facet normal 0.93891 -0.15152 0.30902
outer loop
vertex -0.41807 0.94227 0.00000
vertex -0.40581 0.94029 -0.03821
vertex -0.35802 1.23646 -0.03821
endloop
endfacet
facet normal 0.93891 -0.15152 0.30902
outer loop
vertex -0.41807 0.94227 0.00000
vertex -0.35802 1.23646 -0.03821
vertex -0.37027 1.23844 0.00000
endloop
endfacet
facet normal 0.15932 0.98723 -0.00000
outer loop
vertex -0.35390 0.93192 0.00000
vertex -0.40581 0.94029 -0.03821
vertex -0.41807 0.94227 0.00000
endloop
endfacet
facet normal -0.15932 -0.98723 -0.00000
outer loop
vertex -0.30610 1.22808 0.00000
vertex -0.37027 1.23844 0.00000
vertex -0.35802 1.23646 -0.03821
endloop
endfacet
facet normal 0.58028 -0.09364 0.80902
outer loop
vertex -0.40581 0.94029 -0.03821
vertex -0.37373 0.93512 -0.06182
vertex -0.32593 1.23128 -0.06182
endloop
endfacet
facet normal 0.58028 -0.09364 0.80902
outer loop
vertex -0.40581 0.94029 -0.03821
vertex -0.32593 1.23128 -0.06182
vertex -0.35802 1.23646 -0.03821
endloop
endfacet
facet normal 0.15932 0.98723 0.00000
outer loop
vertex -0.35390 0.93192 0.00000
vertex -0.37373 0.93512 -0.06182
vertex -0.40581 0.94029 -0.03821
endloop
endfacet
facet normal -0.15932 -0.98723 0.00000
outer loop
vertex -0.30610 1.22808 0.00000
vertex -0.35802 1.23646 -0.03821
vertex -0.32593 1.23128 -0.06182
endloop
endfacet
facet normal 0.00000 -0.00000 1.00000
outer loop
vertex -0.37373 0.93512 -0.06182
vertex -0.33407 0.92872 -0.06182
vertex -0.28627 1.22488 -0.06182
endloop
endfacet
facet normal 0.00000 -0.00000 1.00000
outer loop
vertex -0.37373 0.93512 -0.06182
vertex -0.28627 1.22488 -0.06182
vertex -0.32593 1.23128 -0.06182
endloop
endfacet
facet normal 0.15932 0.98723 -0.00000
outer loop
vertex -0.35390 0.93192 0.00000
vertex -0.33407 0.92872 -0.06182
vertex -0.37373 0.93512 -0.06182
endloop
endfacet
facet normal -0.15932 -0.98723 0.00000
outer loop
vertex -0.30610 1.22808 0.00000
vertex -0.32593 1.23128 -0.06182
vertex -0.28627 1.22488 -0.06182
endloop
endfacet
facet normal -0.58028 0.09364 0.80902
outer loop
vertex -0.33407 0.92872 -0.06182
vertex -0.30198 0.92354 -0.03821
vertex -0.25419 1.21971 -0.03821
endloop
endfacet
facet normal -0.58028 0.09364 0.80902
outer loop
vertex -0.33407 0.92872 -0.06182
vertex -0.25419 1.21971 -0.03821
vertex -0.28627 1.22488 -0.06182
endloop
endfacet
facet normal 0.15932 0.98723 -0.00000
outer loop
vertex -0.35390 0.93192 0.00000
vertex -0.30198 0.92354 -0.03821
vertex -0.33407 0.92872 -0.06182
endloop
endfacet
facet normal -0.15932 -0.98723 -0.00000
outer loop
vertex -0.30610 1.22808 0.00000
vertex -0.28627 1.22488 -0.06182
vertex -0.25419 1.21971 -0.03821
endloop
endfacet
facet normal -0.93891 0.15152 0.30902
outer loop
vertex -0.30198 0.92354 -0.03821
vertex -0.28973 0.92156 -0.00000
vertex -0.24193 1.21773 -0.00000
endloop
endfacet
facet normal -0.93891 0.15152 0.30902
outer loop
vertex -0.30198 0.92354 -0.03821
vertex -0.24193 1.21773 -0.00000
vertex -0.25419 1.21971 -0.03821
endloop
endfacet
facet normal 0.15932 0.98723 0.00000
outer loop
vertex -0.35390 0.93192 0.00000
vertex -0.28973 0.92156 -0.00000
vertex -0.30198 0.92354 -0.03821
endloop
endfacet
facet normal -0.15932 -0.98723 0.00000
outer loop
vertex -0.30610 1.22808 0.00000
vertex -0.25419 1.21971 -0.03821
vertex -0.24193 1.21773 -0.00000
endloop
endfacet
facet normal -0.93891 -0.15152 -0.30902
outer loop
vertex 0.41807 0.94227 0.00000
vertex 0.40581 0.94029 0.03821
vertex 0.35802 1.23646 0.03821
endloop
endfacet
facet normal -0.93891 -0.15152 -0.30902
outer loop
vertex 0.41807 0.94227 0.00000
vertex 0.35802 1.23646 0.03821
vertex 0.37027 1.23844 0.00000
endloop
endfacet
facet normal -0.15932 0.98723 0.00000
outer loop
vertex 0.35390 0.93192 0.00000
vertex 0.40581 0.94029 0.03821
vertex 0.41807 0.94227 0.00000
endloop
endfacet
facet normal 0.15932 -0.98723 0.00000
outer loop
vertex 0.30610 1.22808 0.00000
vertex 0.37027 1.23844 0.00000
vertex 0.35802 1.23646 0.03821
endloop
endfacet
facet normal -0.58028 -0.09364 -0.80902
outer loop
vertex 0.40581 0.94029 0.03821
vertex 0.37373 0.93512 0.06182
vertex 0.32593 1.23128 0.06182
endloop
endfacet
facet normal -0.58028 -0.09364 -0.80902
outer loop
vertex 0.40581 0.94029 0.03821
vertex 0.32593 1.23128 0.06182
vertex 0.35802 1.23646 0.03821
endloop
endfacet
facet normal -0.15932 0.98723 -0.00000
outer loop
vertex 0.35390 0.93192 0.00000
vertex 0.37373 0.93512 0.06182
vertex 0.40581 0.94029 0.03821
endloop
endfacet
facet normal 0.15932 -0.98723 -0.00000
outer loop
vertex 0.30610 1.22808 0.00000
vertex 0.35802 1.23646 0.03821
vertex 0.32593 1.23128 0.06182
endloop
endfacet
facet normal -0.00000 -0.00000 -1.00000
outer loop
vertex 0.37373 0.93512 0.06182
vertex 0.33407 0.92872 0.06182
vertex 0.28627 1.22488 0.06182
endloop
endfacet
facet normal -0.00000 -0.00000 -1.00000
outer loop
vertex 0.37373 0.93512 0.06182
vertex 0.28627 1.22488 0.06182
vertex 0.32593 1.23128 0.06182
endloop
endfacet
facet normal -0.15932 0.98723 0.00000
outer loop
vertex 0.35390 0.93192 0.00000
vertex 0.33407 0.92872 0.06182
vertex 0.37373 0.93512 0.06182
endloop
endfacet
facet normal 0.15932 -0.98723 0.00000
outer loop
vertex 0.30610 1.22808 0.00000
vertex 0.32593 1.23128 0.06182
vertex 0.28627 1.22488 0.06182
endloop
endfacet
facet normal 0.58028 0.09364 -0.80902
outer loop
vertex 0.33407 0.92872 0.06182
vertex 0.30198 0.92354 0.03821
vertex 0.25419 1.21971 0.03821
endloop
endfacet
facet normal 0.58028 0.09364 -0.80902
outer loop
vertex 0.33407 0.92872 0.06182
vertex 0.25419 1.21971 0.03821
vertex 0.28627 1.22488 0.06182
endloop
endfacet
facet normal -0.15932 0.98723 0.00000
outer loop
vertex 0.35390 0.93192 0.00000
vertex 0.30198 0.92354 0.03821
vertex 0.33407 0.92872 0.06182
endloop
endfacet
facet normal 0.15932 -0.98723 0.00000
outer loop
vertex 0.30610 1.22808 0.00000
vertex 0.28627 1.22488 0.06182
vertex 0.25419 1.21971 0.03821
endloop
endfacet
facet normal 0.93891 0.15152 -0.30902
outer loop
vertex 0.30198 0.92354 0.03821
vertex 0.28973 0.92156 0.00000
vertex 0.24193 1.21773 0.00000
endloop
endfacet
facet normal 0.93891 0.15152 -0.30902
outer loop
vertex 0.30198 0.92354 0.03821
vertex 0.24193 1.21773 0.00000
vertex 0.25419 1.21971 0.03821
endloop
endfacet
facet normal -0.15932 0.98723 -0.00000
outer loop
vertex 0.35390 0.93192 0.00000
vertex 0.28973 0.92156 0.00000
vertex 0.30198 0.92354 0.03821
endloop
endfacet
facet normal 0.15932 -0.98723 -0.00000
outer loop
vertex 0.30610 1.22808 0.00000
vertex 0.25419 1.21971 0.03821
vertex 0.24193 1.21773 0.00000
endloop
endfacet
facet normal 0.93891 0.15152 0.30902
outer loop
vertex 0.28973 0.92156 0.00000
vertex 0.30198 0.92354 -0.03821
vertex 0.25419 1.21971 -0.03821
endloop
endfacet
facet normal 0.93891 0.15152 0.30902
outer loop
vertex 0.28973 0.92156 0.00000
vertex 0.25419 1.21971 -0.03821
vertex 0.24193 1.21773 0.00000
endloop
endfacet
facet normal -0.15932 0.98723 0.00000
outer loop
vertex 0.35390 0.93192 0.00000
vertex 0.30198 0.92354 -0.03821
vertex 0.28973 0.92156 0.00000
endloop
endfacet
facet normal 0.15932 -0.98723 0.00000
outer loop
vertex 0.30610 1.22808 0.00000
vertex 0.24193 1.21773 0.00000
vertex 0.25419 1.21971 -0.03821
endloop
endfacet
facet normal 0.58028 0.09364 0.80902
outer loop
vertex 0.30198 0.92354 -0.03821
vertex 0.33407 0.92872 -0.06182
vertex 0.28627 1.22488 -0.06182
endloop
endfacet
facet normal 0.58028 0.09364 0.80902
outer loop
vertex 0.30198 0.92354 -0.03821
vertex 0.28627 1.22488 -0.06182
vertex 0.25419 1.21971 -0.03821
endloop
endfacet
facet normal -0.15932 0.98723 -0.00000
outer loop
vertex 0.35390 0.93192 0.00000
vertex 0.33407 0.92872 -0.06182
vertex 0.30198 0.92354 -0.03821
endloop
endfacet
facet normal 0.15932 -0.98723 -0.00000
outer loop
vertex 0.30610 1.22808 0.00000
vertex 0.25419 1.21971 -0.03821
vertex 0.28627 1.22488 -0.06182
endloop
endfacet
facet normal 0.00000 0.00000 1.00000
outer loop
vertex 0.33407 0.92872 -0.06182
vertex 0.37373 0.93512 -0.06182
vertex 0.32593 1.23128 -0.06182
endloop
endfacet
facet normal 0.00000 0.00000 1.00000
outer loop
vertex 0.33407 0.92872 -0.06182
vertex 0.32593 1.23128 -0.06182
vertex 0.28627 1.22488 -0.06182
endloop
endfacet
facet normal -0.15932 0.98723 0.00000
outer loop
vertex 0.35390 0.93192 0.00000
vertex 0.37373 0.93512 -0.06182
vertex 0.33407 0.92872 -0.06182
endloop
endfacet
facet normal 0.15932 -0.98723 -0.00000
outer loop
vertex 0.30610 1.22808 0.00000
vertex 0.28627 1.22488 -0.06182
vertex 0.32593 1.23128 -0.06182
endloop
endfacet
facet normal -0.58028 -0.09364 0.80902
outer loop
vertex 0.37373 0.93512 -0.06182
vertex 0.40581 0.94029 -0.03821
vertex 0.35802 1.23646 -0.03821
endloop
endfacet
facet normal -0.58028 -0.09364 0.80902
outer loop
vertex 0.37373 0.93512 -0.06182
vertex 0.35802 1.23646 -0.03821
vertex 0.32593 1.23128 -0.06182
endloop
endfacet
facet normal -0.15932 0.98723 0.00000
outer loop
vertex 0.35390 0.93192 0.00000
vertex 0.40581 0.94029 -0.03821
vertex 0.37373 0.93512 -0.06182
endloop
endfacet
facet normal 0.15932 -0.98723 0.00000
outer loop
vertex 0.30610 1.22808 0.00000
vertex 0.32593 1.23128 -0.06182
vertex 0.35802 1.23646 -0.03821
endloop
endfacet
facet normal -0.93891 -0.15152 0.30902
outer loop
vertex 0.40581 0.94029 -0.03821
vertex 0.41807 0.94227 -0.00000
vertex 0.37027 1.23844 -0.00000
endloop
endfacet
facet normal -0.93891 -0.15152 0.30902
outer loop
vertex 0.40581 0.94029 -0.03821
vertex 0.37027 1.23844 -0.00000
vertex 0.35802 1.23646 -0.03821
endloop
endfacet
facet normal -0.15932 0.98723 -0.00000
outer loop
vertex 0.35390 0.93192 0.00000
vertex 0.41807 0.94227 -0.00000
vertex 0.40581 0.94029 -0.03821
endloop
endfacet
facet normal 0.15932 -0.98723 -0.00000
outer loop
vertex 0.30610 1.22808 0.00000
vertex 0.35802 1.23646 -0.03821
vertex 0.37027 1.23844 -0.00000
endloop
endfacet
facet normal -0.37269 0.92796 0.00000
outer loop
vertex -0.35000 0.84000 0.00000
vertex -0.35000 0.84000 0.00000
vertex -0.31671 0.85337 0.02418
endloop
endfacet
facet normal -0.30747 0.94630 -0.09990
outer loop
vertex -0.35000 0.84000 0.00000
vertex -0.31671 0.85337 0.02418
vertex -0.30886 0.85337 0.00000
endloop
endfacet
facet normal -0.72462 0.68915 0.00000
outer loop
vertex -0.35000 0.84000 0.00000
vertex -0.35000 0.84000 0.00000
vertex -0.33729 0.85337 0.03913
endloop
endfacet
facet normal -0.19003 0.94630 -0.26155
outer loop
vertex -0.35000 0.84000 0.00000
vertex -0.33729 0.85337 0.03913
vertex -0.31671 0.85337 0.02418
endloop
endfacet
facet normal -0.72462 -0.68915 0.00000
outer loop
vertex -0.35000 0.84000 0.00000
vertex -0.35000 0.84000 0.00000
vertex -0.36271 0.85337 0.03913
endloop
endfacet
facet normal 0.00000 0.94630 -0.32329
outer loop
vertex -0.35000 0.84000 0.00000
vertex -0.36271 0.85337 0.03913
vertex -0.33729 0.85337 0.03913
endloop
endfacet
facet normal 0.37269 0.92796 0.00000
outer loop
vertex -0.35000 0.84000 0.00000
vertex -0.35000 0.84000 0.00000
vertex -0.38329 0.85337 0.02418
endloop
endfacet
facet normal 0.19003 0.94630 -0.26155
outer loop
vertex -0.35000 0.84000 0.00000
vertex -0.38329 0.85337 0.02418
vertex -0.36271 0.85337 0.03913
endloop
endfacet
facet normal 0.30902 0.95106 0.00000
outer loop
vertex -0.35000 0.84000 0.00000
vertex -0.35000 0.84000 0.00000
vertex -0.39114 0.85337 0.00000
endloop
endfacet
facet normal 0.30747 0.94630 -0.09990
outer loop
vertex -0.35000 0.84000 0.00000
vertex -0.39114 0.85337 0.00000
vertex -0.38329 0.85337 0.02418
endloop
endfacet
facet normal 0.37269 0.92796 0.00000
outer loop
vertex -0.35000 0.84000 0.00000
vertex -0.35000 0.84000 -0.00000
vertex -0.38329 0.85337 -0.02418
endloop
endfacet
facet normal 0.30747 0.94630 0.09990
outer loop
vertex -0.35000 0.84000 0.00000
vertex -0.38329 0.85337 -0.02418
vertex -0.39114 0.85337 0.00000
endloop
endfacet
facet normal 0.72462 0.68915 0.00000
outer loop
vertex -0.35000 0.84000 -0.00000
vertex -0.35000 0.84000 -0.00000
vertex -0.36271 0.85337 -0.03913
endloop
endfacet
facet normal 0.19003 0.94630 0.26155
outer loop
vertex -0.35000 0.84000 -0.00000
vertex -0.36271 0.85337 -0.03913
vertex -0.38329 0.85337 -0.02418
endloop
endfacet
facet normal 0.72462 -0.68915 0.00000
outer loop
vertex -0.35000 0.84000 -0.00000
vertex -0.35000 0.84000 -0.00000
vertex -0.33729 0.85337 -0.03913
endloop
endfacet
facet normal 0.00000 0.94630 0.32329
outer loop
vertex -0.35000 0.84000 -0.00000
vertex -0.33729 0.85337 -0.03913
vertex -0.36271 0.85337 -0.03913
endloop
endfacet
facet normal -0.37269 0.92796 0.00000
outer loop
vertex -0.35000 0.84000 -0.00000
vertex -0.35000 0.84000 -0.00000
vertex -0.31671 0.85337 -0.02418
endloop
endfacet
facet normal -0.19003 0.94630 0.26155
outer loop
vertex -0.35000 0.84000 -0.00000
vertex -0.31671 0.85337 -0.02418
vertex -0.33729 0.85337 -0.03913
endloop
endfacet
facet normal -0.30902 0.95106 0.00000
outer loop
vertex -0.35000 0.84000 -0.00000
vertex -0.35000 0.84000 -0.00000
vertex -0.30886 0.85337 -0.00000
endloop
endfacet
facet normal -0.30747 0.94630 0.09990
outer loop
vertex -0.35000 0.84000 -0.00000
vertex -0.30886 0.85337 -0.00000
vertex -0.31671 0.85337 -0.02418
endloop
endfacet
facet normal -0.78244 0.56847 -0.25423
outer loop
vertex -0.30886 0.85337 0.00000
vertex -0.31671 0.85337 0.02418
vertex -0.29614 0.88837 0.03913
endloop
endfacet
facet normal -0.78244 0.56847 -0.25423
outer loop
vertex -0.30886 0.85337 0.00000
vertex -0.29614 0.88837 0.03913
vertex -0.28343 0.88837 0.00000
endloop
endfacet
facet normal -0.48357 0.56847 -0.66558
outer loop
vertex -0.31671 0.85337 0.02418
vertex -0.33729 0.85337 0.03913
vertex -0.32943 0.88837 0.06332
endloop
endfacet
facet normal -0.48357 0.56847 -0.66558
outer loop
vertex -0.31671 0.85337 0.02418
vertex -0.32943 0.88837 0.06332
vertex -0.29614 0.88837 0.03913
endloop
endfacet
facet normal -0.00000 0.56847 -0.82270
outer loop
vertex -0.33729 0.85337 0.03913
vertex -0.36271 0.85337 0.03913
vertex -0.37057 0.88837 0.06332
endloop
endfacet
facet normal -0.00000 0.56847 -0.82270
outer loop
vertex -0.33729 0.85337 0.03913
vertex -0.37057 0.88837 0.06332
vertex -0.32943 0.88837 0.06332
endloop
endfacet
facet normal 0.48357 0.56847 -0.66558
outer loop
vertex -0.36271 0.85337 0.03913
vertex -0.38329 0.85337 0.02418
vertex -0.40386 0.88837 0.03913
endloop
endfacet
facet normal 0.48357 0.56847 -0.66558
outer loop
vertex -0.36271 0.85337 0.03913
vertex -0.40386 0.88837 0.03913
vertex -0.37057 0.88837 0.06332
endloop
endfacet
facet normal 0.78244 0.56847 -0.25423
outer loop
vertex -0.38329 0.85337 0.02418
vertex -0.39114 0.85337 0.00000
vertex -0.41657 0.88837 0.00000
endloop
endfacet
facet normal 0.78244 0.56847 -0.25423
outer loop
vertex -0.38329 0.85337 0.02418
vertex -0.41657 0.88837 0.00000
vertex -0.40386 0.88837 0.03913
endloop
endfacet
facet normal 0.78244 0.56847 0.25423
outer loop
vertex -0.39114 0.85337 0.00000
vertex -0.38329 0.85337 -0.02418
vertex -0.40386 0.88837 -0.03913
endloop
endfacet
facet normal 0.78244 0.56847 0.25423
outer loop
vertex -0.39114 0.85337 0.00000
vertex -0.40386 0.88837 -0.03913
vertex -0.41657 0.88837 0.00000
endloop
endfacet
facet normal 0.48357 0.56847 0.66558
outer loop
vertex -0.38329 0.85337 -0.02418
vertex -0.36271 0.85337 -0.03913
vertex -0.37057 0.88837 -0.06332
endloop
endfacet
facet normal 0.48357 0.56847 0.66558
outer loop
vertex -0.38329 0.85337 -0.02418
vertex -0.37057 0.88837 -0.06332
vertex -0.40386 0.88837 -0.03913
endloop
endfacet
facet normal 0.00000 0.56847 0.82270
outer loop
vertex -0.36271 0.85337 -0.03913
vertex -0.33729 0.85337 -0.03913
vertex -0.32943 0.88837 -0.06332
endloop
endfacet
facet normal 0.00000 0.56847 0.82270
outer loop
vertex -0.36271 0.85337 -0.03913
vertex -0.32943 0.88837 -0.06332
vertex -0.37057 0.88837 -0.06332
endloop
endfacet
facet normal -0.48357 0.56847 0.66558
outer loop
vertex -0.33729 0.85337 -0.03913
vertex -0.31671 0.85337 -0.02418
vertex -0.29614 0.88837 -0.03913
endloop
endfacet
facet normal -0.48357 0.56847 0.66558
outer loop
vertex -0.33729 0.85337 -0.03913
vertex -0.29614 0.88837 -0.03913
vertex -0.32943 0.88837 -0.06332
endloop
endfacet
facet normal -0.78244 0.56847 0.25423
outer loop
vertex -0.31671 0.85337 -0.02418
vertex -0.30886 0.85337 -0.00000
vertex -0.28343 0.88837 -0.00000
endloop
endfacet
facet normal -0.78244 0.56847 0.25423
outer loop
vertex -0.31671 0.85337 -0.02418
vertex -0.28343 0.88837 -0.00000
vertex -0.29614 0.88837 -0.03913
endloop
endfacet
facet normal -0.95106 0.00000 -0.30902
outer loop
vertex -0.28343 0.88837 0.00000
vertex -0.29614 0.88837 0.03913
vertex -0.29614 0.93163 0.03913
endloop
endfacet
facet normal -0.95106 0.00000 -0.30902
outer loop
vertex -0.28343 0.88837 0.00000
vertex -0.29614 0.93163 0.03913
vertex -0.28343 0.93163 0.00000
endloop
endfacet
facet normal -0.58779 0.00000 -0.80902
outer loop
vertex -0.29614 0.88837 0.03913
vertex -0.32943 0.88837 0.06332
vertex -0.32943 0.93163 0.06332
endloop
endfacet
facet normal -0.58779 0.00000 -0.80902
outer loop
vertex -0.29614 0.88837 0.03913
vertex -0.32943 0.93163 0.06332
vertex -0.29614 0.93163 0.03913
endloop
endfacet
facet normal -0.00000 0.00000 -1.00000
outer loop
vertex -0.32943 0.88837 0.06332
vertex -0.37057 0.88837 0.06332
vertex -0.37057 0.93163 0.06332
endloop
endfacet
facet normal -0.00000 0.00000 -1.00000
outer loop
vertex -0.32943 0.88837 0.06332
vertex -0.37057 0.93163 0.06332
vertex -0.32943 0.93163 0.06332
endloop
endfacet
facet normal 0.58779 0.00000 -0.80902
outer loop
vertex -0.37057 0.88837 0.06332
vertex -0.40386 0.88837 0.03913
vertex -0.40386 0.93163 0.03913
endloop
endfacet
facet normal 0.58779 0.00000 -0.80902
outer loop
vertex -0.37057 0.88837 0.06332
vertex -0.40386 0.93163 0.03913
vertex -0.37057 0.93163 0.06332
endloop
endfacet
facet normal 0.95106 0.00000 -0.30902
outer loop
vertex -0.40386 0.88837 0.03913
vertex -0.41657 0.88837 0.00000
vertex -0.41657 0.93163 0.00000
endloop
endfacet
facet normal 0.95106 0.00000 -0.30902
outer loop
vertex -0.40386 0.88837 0.03913
vertex -0.41657 0.93163 0.00000
vertex -0.40386 0.93163 0.03913
endloop
endfacet
facet normal 0.95106 0.00000 0.30902
outer loop
vertex -0.41657 0.88837 0.00000
vertex -0.40386 0.88837 -0.03913
vertex -0.40386 0.93163 -0.03913
endloop
endfacet
facet normal 0.95106 0.00000 0.30902
outer loop
vertex -0.41657 0.88837 0.00000
vertex -0.40386 0.93163 -0.03913
vertex -0.41657 0.93163 0.00000
endloop
endfacet
facet normal 0.58779 0.00000 0.80902
outer loop
vertex -0.40386 0.88837 -0.03913
vertex -0.37057 0.88837 -0.06332
vertex -0.37057 0.93163 -0.06332
endloop
endfacet
facet normal 0.58779 0.00000 0.80902
outer loop
vertex -0.40386 0.88837 -0.03913
vertex -0.37057 0.93163 -0.06332
vertex -0.40386 0.93163 -0.03913
endloop
endfacet
facet normal 0.00000 0.00000 1.00000
outer loop
vertex -0.37057 0.88837 -0.06332
vertex -0.32943 0.88837 -0.06332
vertex -0.32943 0.93163 -0.06332
endloop
endfacet
facet normal 0.00000 0.00000 1.00000
outer loop
vertex -0.37057 0.88837 -0.06332
vertex -0.32943 0.93163 -0.06332
vertex -0.37057 0.93163 -0.06332
endloop
endfacet
facet normal -0.58779 0.00000 0.80902
outer loop
vertex -0.32943 0.88837 -0.06332
vertex -0.29614 0.88837 -0.03913
vertex -0.29614 0.93163 -0.03913
endloop
endfacet
facet normal -0.58779 0.00000 0.80902
outer loop
vertex -0.32943 0.88837 -0.06332
vertex -0.29614 0.93163 -0.03913
vertex -0.32943 0.93163 -0.06332
endloop
endfacet
facet normal -0.95106 0.00000 0.30902
outer loop
vertex -0.29614 0.88837 -0.03913
vertex -0.28343 0.88837 -0.00000
vertex -0.28343 0.93163 -0.00000
endloop
endfacet
facet normal -0.95106 0.00000 0.30902
outer loop
vertex -0.29614 0.88837 -0.03913
vertex -0.28343 0.93163 -0.00000
vertex -0.29614 0.93163 -0.03913
endloop
endfacet
facet normal -0.78244 -0.56847 -0.25423
outer loop
vertex -0.28343 0.93163 0.00000
vertex -0.29614 0.93163 0.03913
vertex -0.31671 0.96663 0.02418
endloop
endfacet
facet normal -0.78244 -0.56847 -0.25423
outer loop
vertex -0.28343 0.93163 0.00000
vertex -0.31671 0.96663 0.02418
vertex -0.30886 0.96663 0.00000
endloop
endfacet
facet normal -0.48357 -0.56847 -0.66558
outer loop
vertex -0.29614 0.93163 0.03913
vertex -0.32943 0.93163 0.06332
vertex -0.33729 0.96663 0.03913
endloop
endfacet
facet normal -0.48357 -0.56847 -0.66558
outer loop
vertex -0.29614 0.93163 0.03913
vertex -0.33729 0.96663 0.03913
vertex -0.31671 0.96663 0.02418
endloop
endfacet
facet normal -0.00000 -0.56847 -0.82270
outer loop
vertex -0.32943 0.93163 0.06332
vertex -0.37057 0.93163 0.06332
vertex -0.36271 0.96663 0.03913
endloop
endfacet
facet normal -0.00000 -0.56847 -0.82270
outer loop
vertex -0.32943 0.93163 0.06332
vertex -0.36271 0.96663 0.03913
vertex -0.33729 0.96663 0.03913
endloop
endfacet
facet normal 0.48357 -0.56847 -0.66558
outer loop
vertex -0.37057 0.93163 0.06332
vertex -0.40386 0.93163 0.03913
vertex -0.38329 0.96663 0.02418
endloop
endfacet
facet normal 0.48357 -0.56847 -0.66558
outer loop
vertex -0.37057 0.93163 0.06332
vertex -0.38329 0.96663 0.02418
vertex -0.36271 0.96663 0.03913
endloop
endfacet
facet normal 0.78244 -0.56847 -0.25423
outer loop
vertex -0.40386 0.93163 0.03913
vertex -0.41657 0.93163 0.00000
vertex -0.39114 0.96663 0.00000
endloop
endfacet
facet normal 0.78244 -0.56847 -0.25423
outer loop
vertex -0.40386 0.93163 0.03913
vertex -0.39114 0.96663 0.00000
vertex -0.38329 0.96663 0.02418
endloop
endfacet
facet normal 0.78244 -0.56847 0.25423
outer loop
vertex -0.41657 0.93163 0.00000
vertex -0.40386 0.93163 -0.03913
vertex -0.38329 0.96663 -0.02418
endloop
endfacet
facet normal 0.78244 -0.56847 0.25423
outer loop
vertex -0.41657 0.93163 0.00000
vertex -0.38329 0.96663 -0.02418
vertex -0.39114 0.96663 0.00000
endloop
endfacet
facet normal 0.48357 -0.56847 0.66558
outer loop
vertex -0.40386 0.93163 -0.03913
vertex -0.37057 0.93163 -0.06332
vertex -0.36271 0.96663 -0.03913
endloop
endfacet
facet normal 0.48357 -0.56847 0.66558
outer loop
vertex -0.40386 0.93163 -0.03913
vertex -0.36271 0.96663 -0.03913
vertex -0.38329 0.96663 -0.02418
endloop
endfacet
facet normal 0.00000 -0.56847 0.82270
outer loop
vertex -0.37057 0.93163 -0.06332
vertex -0.32943 0.93163 -0.06332
vertex -0.33729 0.96663 -0.03913
endloop
endfacet
facet normal 0.00000 -0.56847 0.82270
outer loop
vertex -0.37057 0.93163 -0.06332
vertex -0.33729 0.96663 -0.03913
vertex -0.36271 0.96663 -0.03913
endloop
endfacet
facet normal -0.48357 -0.56847 0.66558
outer loop
vertex -0.32943 0.93163 -0.06332
vertex -0.29614 0.93163 -0.03913
vertex -0.31671 0.96663 -0.02418
endloop
endfacet
facet normal -0.48357 -0.56847 0.66558
outer loop
vertex -0.32943 0.93163 -0.06332
vertex -0.31671 0.96663 -0.02418
vertex -0.33729 0.96663 -0.03913
endloop
endfacet
facet normal -0.78244 -0.56847 0.25423
outer loop
vertex -0.29614 0.93163 -0.03913
vertex -0.28343 0.93163 -0.00000
vertex -0.30886 0.96663 -0.00000
endloop
endfacet
facet normal -0.78244 -0.56847 0.25423
outer loop
vertex -0.29614 0.93163 -0.03913
vertex -0.30886 0.96663 -0.00000
vertex -0.31671 0.96663 -0.02418
endloop
endfacet
facet normal -0.30747 -0.94630 -0.09990
outer loop
vertex -0.30886 0.96663 0.00000
vertex -0.31671 0.96663 0.02418
vertex -0.35000 0.98000 0.00000
endloop
endfacet
facet normal -0.30902 -0.95106 0.00000
outer loop
vertex -0.30886 0.96663 0.00000
vertex -0.35000 0.98000 0.00000
vertex -0.35000 0.98000 0.00000
endloop
endfacet
facet normal -0.19003 -0.94630 -0.26155
outer loop
vertex -0.31671 0.96663 0.02418
vertex -0.33729 0.96663 0.03913
vertex -0.35000 0.98000 0.00000
endloop
endfacet
facet normal 0.00000 0.00000 0.00000
outer loop
vertex -0.31671 0.96663 0.02418
vertex -0.35000 0.98000 0.00000
vertex -0.35000 0.98000 0.00000
endloop
endfacet
facet normal -0.00000 -0.94630 -0.32329
outer loop
vertex -0.33729 0.96663 0.03913
vertex -0.36271 0.96663 0.03913
vertex -0.35000 0.98000 0.00000
endloop
endfacet
facet normal 0.00000 0.00000 0.00000
outer loop
vertex -0.33729 0.96663 0.03913
vertex -0.35000 0.98000 0.00000
vertex -0.35000 0.98000 0.00000
endloop
endfacet
facet normal 0.19003 -0.94630 -0.26155
outer loop
vertex -0.36271 0.96663 0.03913
vertex -0.38329 0.96663 0.02418
vertex -0.35000 0.98000 0.00000
endloop
endfacet
facet normal 0.70711 -0.70711 0.00000
outer loop
vertex -0.36271 0.96663 0.03913
vertex -0.35000 0.98000 0.00000
vertex -0.35000 0.98000 0.00000
endloop
endfacet
facet normal 0.30747 -0.94630 -0.09990
outer loop
vertex -0.38329 0.96663 0.02418
vertex -0.39114 0.96663 0.00000
vertex -0.35000 0.98000 0.00000
endloop
endfacet
facet normal 0.44721 -0.89443 0.00000
outer loop
vertex -0.38329 0.96663 0.02418
vertex -0.35000 0.98000 0.00000
vertex -0.35000 0.98000 0.00000
endloop
endfacet
facet normal 0.30747 -0.94630 0.09990
outer loop
vertex -0.39114 0.96663 0.00000
vertex -0.38329 0.96663 -0.02418
vertex -0.35000 0.98000 -0.00000
endloop
endfacet
facet normal 0.30902 -0.95106 0.00000
outer loop
vertex -0.39114 0.96663 0.00000
vertex -0.35000 0.98000 -0.00000
vertex -0.35000 0.98000 0.00000
endloop
endfacet
facet normal 0.19003 -0.94630 0.26155
outer loop
vertex -0.38329 0.96663 -0.02418
vertex -0.36271 0.96663 -0.03913
vertex -0.35000 0.98000 -0.00000
endloop
endfacet
facet normal 0.00000 0.00000 0.00000
outer loop
vertex -0.38329 0.96663 -0.02418
vertex -0.35000 0.98000 -0.00000
vertex -0.35000 0.98000 -0.00000
endloop
endfacet
facet normal 0.00000 -0.94630 0.32329
outer loop
vertex -0.36271 0.96663 -0.03913
vertex -0.33729 0.96663 -0.03913
vertex -0.35000 0.98000 -0.00000
endloop
endfacet
facet normal 0.00000 0.00000 0.00000
outer loop
vertex -0.36271 0.96663 -0.03913
vertex -0.35000 0.98000 -0.00000
vertex -0.35000 0.98000 -0.00000
endloop
endfacet
facet normal -0.19003 -0.94630 0.26155
outer loop
vertex -0.33729 0.96663 -0.03913
vertex -0.31671 0.96663 -0.02418
vertex -0.35000 0.98000 -0.00000
endloop
endfacet
facet normal -0.70711 -0.70711 0.00000
outer loop
vertex -0.33729 0.96663 -0.03913
vertex -0.35000 0.98000 -0.00000
vertex -0.35000 0.98000 -0.00000
endloop
endfacet
facet normal -0.30747 -0.94630 0.09990
outer loop
vertex -0.31671 0.96663 -0.02418
vertex -0.30886 0.96663 -0.00000
vertex -0.35000 0.98000 -0.00000
endloop
endfacet
facet normal -0.44721 -0.89443 0.00000
outer loop
vertex -0.31671 0.96663 -0.02418
vertex -0.35000 0.98000 -0.00000
vertex -0.35000 0.98000 -0.00000
endloop
endfacet
facet normal -0.37269 0.92796 0.00000
outer loop
vertex 0.35000 0.84000 0.00000
vertex 0.35000 0.84000 0.00000
vertex 0.38329 0.85337 0.02418
endloop
endfacet
facet normal -0.30747 0.94630 -0.09990
outer loop
vertex 0.35000 0.84000 0.00000
vertex 0.38329 0.85337 0.02418
vertex 0.39114 0.85337 0.00000
endloop
endfacet
facet normal -0.72462 0.68915 0.00000
outer loop
vertex 0.35000 0.84000 0.00000
vertex 0.35000 0.84000 0.00000
vertex 0.36271 0.85337 0.03913
endloop
endfacet
facet normal -0.19003 0.94630 -0.26155
outer loop
vertex 0.35000 0.84000 0.00000
vertex 0.36271 0.85337 0.03913
vertex 0.38329 0.85337 0.02418
endloop
endfacet
facet normal -0.72462 -0.68915 0.00000
outer loop
vertex 0.35000 0.84000 0.00000
vertex 0.35000 0.84000 0.00000
vertex 0.33729 0.85337 0.03913
endloop
endfacet
facet normal 0.00000 0.94630 -0.32329
outer loop
vertex 0.35000 0.84000 0.00000
vertex 0.33729 0.85337 0.03913
vertex 0.36271 0.85337 0.03913
endloop
endfacet
facet normal 0.37269 0.92796 0.00000
outer loop
vertex 0.35000 0.84000 0.00000
vertex 0.35000 0.84000 0.00000
vertex 0.31671 0.85337 0.02418
endloop
endfacet
facet normal 0.19003 0.94630 -0.26155
outer loop
vertex 0.35000 0.84000 0.00000
vertex 0.31671 0.85337 0.02418
vertex 0.33729 0.85337 0.03913
endloop
endfacet
facet normal 0.30902 0.95106 0.00000
outer loop
vertex 0.35000 0.84000 0.00000
vertex 0.35000 0.84000 0.00000
vertex 0.30886 0.85337 0.00000
endloop
endfacet
facet normal 0.30747 0.94630 -0.09990
outer loop
vertex 0.35000 0.84000 0.00000
vertex 0.30886 0.85337 0.00000
vertex 0.31671 0.85337 0.02418
endloop
endfacet
facet normal 0.37269 0.92796 0.00000
outer loop
vertex 0.35000 0.84000 0.00000
vertex 0.35000 0.84000 -0.00000
vertex 0.31671 0.85337 -0.02418
endloop
endfacet
facet normal 0.30747 0.94630 0.09990
outer loop
vertex 0.35000 0.84000 0.00000
vertex 0.31671 0.85337 -0.02418
vertex 0.30886 0.85337 0.00000
endloop
endfacet
facet normal 0.72462 0.68915 0.00000
outer loop
vertex 0.35000 0.84000 -0.00000
vertex 0.35000 0.84000 -0.00000
vertex 0.33729 0.85337 -0.03913
endloop
endfacet
facet normal 0.19003 0.94630 0.26155
outer loop
vertex 0.35000 0.84000 -0.00000
vertex 0.33729 0.85337 -0.03913
vertex 0.31671 0.85337 -0.02418
endloop
endfacet
facet normal 0.72462 -0.68915 0.00000
outer loop
vertex 0.35000 0.84000 -0.00000
vertex 0.35000 0.84000 -0.00000
vertex 0.36271 0.85337 -0.03913
endloop
endfacet
facet normal 0.00000 0.94630 0.32329
outer loop
vertex 0.35000 0.84000 -0.00000
vertex 0.36271 0.85337 -0.03913
vertex 0.33729 0.85337 -0.03913
endloop
endfacet
facet normal -0.37269 0.92796 0.00000
outer loop
vertex 0.35000 0.84000 -0.00000
vertex 0.35000 0.84000 -0.00000
vertex 0.38329 0.85337 -0.02418
endloop
endfacet
facet normal -0.19003 0.94630 0.26155
outer loop
vertex 0.35000 0.84000 -0.00000
vertex 0.38329 0.85337 -0.02418
vertex 0.36271 0.85337 -0.03913
endloop
endfacet
facet normal -0.30902 0.95106 0.00000
outer loop
vertex 0.35000 0.84000 -0.00000
vertex 0.35000 0.84000 -0.00000
vertex 0.39114 0.85337 -0.00000
endloop
endfacet
facet normal -0.30747 0.94630 0.09990
outer loop
vertex 0.35000 0.84000 -0.00000
vertex 0.39114 0.85337 -0.00000
vertex 0.38329 0.85337 -0.02418
endloop
endfacet
facet normal -0.78244 0.56847 -0.25423
outer loop
vertex 0.39114 0.85337 0.00000
vertex 0.38329 0.85337 0.02418
vertex 0.40386 0.88837 0.03913
endloop
endfacet
facet normal -0.78244 0.56847 -0.25423
outer loop
vertex 0.39114 0.85337 0.00000
vertex 0.40386 0.88837 0.03913
vertex 0.41657 0.88837 0.00000
endloop
endfacet
facet normal -0.48357 0.56847 -0.66558
outer loop
vertex 0.38329 0.85337 0.02418
vertex 0.36271 0.85337 0.03913
vertex 0.37057 0.88837 0.06332
endloop
endfacet
facet normal -0.48357 0.56847 -0.66558
outer loop
vertex 0.38329 0.85337 0.02418
vertex 0.37057 0.88837 0.06332
vertex 0.40386 0.88837 0.03913
endloop
endfacet
facet normal -0.00000 0.56847 -0.82270
outer loop
vertex 0.36271 0.85337 0.03913
vertex 0.33729 0.85337 0.03913
vertex 0.32943 0.88837 0.06332
endloop
endfacet
facet normal -0.00000 0.56847 -0.82270
outer loop
vertex 0.36271 0.85337 0.03913
vertex 0.32943 0.88837 0.06332
vertex 0.37057 0.88837 0.06332
endloop
endfacet
facet normal 0.48357 0.56847 -0.66558
outer loop
vertex 0.33729 0.85337 0.03913
vertex 0.31671 0.85337 0.02418
vertex 0.29614 0.88837 0.03913
endloop
endfacet
facet normal 0.48357 0.56847 -0.66558
outer loop
vertex 0.33729 0.85337 0.03913
vertex 0.29614 0.88837 0.03913
vertex 0.32943 0.88837 0.06332
endloop
endfacet
facet normal 0.78244 0.56847 -0.25423
outer loop
vertex 0.31671 0.85337 0.02418
vertex 0.30886 0.85337 0.00000
vertex 0.28343 0.88837 0.00000
endloop
endfacet
facet normal 0.78244 0.56847 -0.25423
outer loop
vertex 0.31671 0.85337 0.02418
vertex 0.28343 0.88837 0.00000
vertex 0.29614 0.88837 0.03913
endloop
endfacet
facet normal 0.78244 0.56847 0.25423
outer loop
vertex 0.30886 0.85337 0.00000
vertex 0.31671 0.85337 -0.02418
vertex 0.29614 0.88837 -0.03913
endloop
endfacet
facet normal 0.78244 0.56847 0.25423
outer loop
vertex 0.30886 0.85337 0.00000
vertex 0.29614 0.88837 -0.03913
vertex 0.28343 0.88837 0.00000
endloop
endfacet
facet normal 0.48357 0.56847 0.66558
outer loop
vertex 0.31671 0.85337 -0.02418
vertex 0.33729 0.85337 -0.03913
vertex 0.32943 0.88837 -0.06332
endloop
endfacet
facet normal 0.48357 0.56847 0.66558
outer loop
vertex 0.31671 0.85337 -0.02418
vertex 0.32943 0.88837 -0.06332
vertex 0.29614 0.88837 -0.03913
endloop
endfacet
facet normal 0.00000 0.56847 0.82270
outer loop
vertex 0.33729 0.85337 -0.03913
vertex 0.36271 0.85337 -0.03913
vertex 0.37057 0.88837 -0.06332
endloop
endfacet
facet normal 0.00000 0.56847 0.82270
outer loop
vertex 0.33729 0.85337 -0.03913
vertex 0.37057 0.88837 -0.06332
vertex 0.32943 0.88837 -0.06332
endloop
endfacet
facet normal -0.48357 0.56847 0.66558
outer loop
vertex 0.36271 0.85337 -0.03913
vertex 0.38329 0.85337 -0.02418
vertex 0.40386 0.88837 -0.03913
endloop
endfacet
facet normal -0.48357 0.56847 0.66558
outer loop
vertex 0.36271 0.85337 -0.03913
vertex 0.40386 0.88837 -0.03913
vertex 0.37057 0.88837 -0.06332
endloop
endfacet
facet normal -0.78244 0.56847 0.25423
outer loop
vertex 0.38329 0.85337 -0.02418
vertex 0.39114 0.85337 -0.00000
vertex 0.41657 0.88837 -0.00000
endloop
endfacet
facet normal -0.78244 0.56847 0.25423
outer loop
vertex 0.38329 0.85337 -0.02418
vertex 0.41657 0.88837 -0.00000
vertex 0.40386 0.88837 -0.03913
endloop
endfacet
facet normal -0.95106 0.00000 -0.30902
outer loop
vertex 0.41657 0.88837 0.00000
vertex 0.40386 0.88837 0.03913
vertex 0.40386 0.93163 0.03913
endloop
endfacet
facet normal -0.95106 0.00000 -0.30902
outer loop
vertex 0.41657 0.88837 0.00000
vertex 0.40386 0.93163 0.03913
vertex 0.41657 0.93163 0.00000
endloop
endfacet
facet normal -0.58779 0.00000 -0.80902
outer loop
vertex 0.40386 0.88837 0.03913
vertex 0.37057 0.88837 0.06332
vertex 0.37057 0.93163 0.06332
endloop
endfacet
facet normal -0.58779 0.00000 -0.80902
outer loop
vertex 0.40386 0.88837 0.03913
vertex 0.37057 0.93163 0.06332
vertex 0.40386 0.93163 0.03913
endloop
endfacet
facet normal -0.00000 0.00000 -1.00000
outer loop
vertex 0.37057 0.88837 0.06332
vertex 0.32943 0.88837 0.06332
vertex 0.32943 0.93163 0.06332
endloop
endfacet
facet normal -0.00000 0.00000 -1.00000
outer loop
vertex 0.37057 0.88837 0.06332
vertex 0.32943 0.93163 0.06332
vertex 0.37057 0.93163 0.06332
endloop
endfacet
facet normal 0.58779 0.00000 -0.80902
outer loop
vertex 0.32943 0.88837 0.06332
vertex 0.29614 0.88837 0.03913
vertex 0.29614 0.93163 0.03913
endloop
endfacet
facet normal 0.58779 0.00000 -0.80902
outer loop
vertex 0.32943 0.88837 0.06332
vertex 0.29614 0.93163 0.03913
vertex 0.32943 0.93163 0.06332
endloop
endfacet
facet normal 0.95106 0.00000 -0.30902
outer loop
vertex 0.29614 0.88837 0.03913
vertex 0.28343 0.88837 0.00000
vertex 0.28343 0.93163 0.00000
endloop
endfacet
facet normal 0.95106 0.00000 -0.30902
outer loop
vertex 0.29614 0.88837 0.03913
vertex 0.28343 0.93163 0.00000
vertex 0.29614 0.93163 0.03913
endloop
endfacet
facet normal 0.95106 0.00000 0.30902
outer loop
vertex 0.28343 0.88837 0.00000
vertex 0.29614 0.88837 -0.03913
vertex 0.29614 0.93163 -0.03913
endloop
endfacet
facet normal 0.95106 0.00000 0.30902
outer loop
vertex 0.28343 0.88837 0.00000
vertex 0.29614 0.93163 -0.03913
vertex 0.28343 0.93163 0.00000
endloop
endfacet
facet normal 0.58779 0.00000 0.80902
outer loop
vertex 0.29614 0.88837 -0.03913
vertex 0.32943 0.88837 -0.06332
vertex 0.32943 0.93163 -0.06332
endloop
endfacet
facet normal 0.58779 0.00000 0.80902
outer loop
vertex 0.29614 0.88837 -0.03913
vertex 0.32943 0.93163 -0.06332
vertex 0.29614 0.93163 -0.03913
endloop
endfacet
facet normal 0.00000 0.00000 1.00000
outer loop
vertex 0.32943 0.88837 -0.06332
vertex 0.37057 0.88837 -0.06332
vertex 0.37057 0.93163 -0.06332
endloop
endfacet
facet normal 0.00000 0.00000 1.00000
outer loop
vertex 0.32943 0.88837 -0.06332
vertex 0.37057 0.93163 -0.06332
vertex 0.32943 0.93163 -0.06332
endloop
endfacet
facet normal -0.58779 0.00000 0.80902
outer loop
vertex 0.37057 0.88837 -0.06332
vertex 0.40386 0.88837 -0.03913
vertex 0.40386 0.93163 -0.03913
endloop
endfacet
facet normal -0.58779 0.00000 0.80902
outer loop
vertex 0.37057 0.88837 -0.06332
vertex 0.40386 0.93163 -0.03913
vertex 0.37057 0.93163 -0.06332
endloop
endfacet
facet normal -0.95106 0.00000 0.30902
outer loop
vertex 0.40386 0.88837 -0.03913
vertex 0.41657 0.88837 -0.00000
vertex 0.41657 0.93163 -0.00000
endloop
endfacet
facet normal -0.95106 0.00000 0.30902
outer loop
vertex 0.40386 0.88837 -0.03913
vertex 0.41657 0.93163 -0.00000
vertex 0.40386 0.93163 -0.03913
endloop
endfacet
facet normal -0.78244 -0.56847 -0.25423
outer loop
vertex 0.41657 0.93163 0.00000
vertex 0.40386 0.93163 0.03913
vertex 0.38329 0.96663 0.02418
endloop
endfacet
facet normal -0.78244 -0.56847 -0.25423
outer loop
vertex 0.41657 0.93163 0.00000
vertex 0.38329 0.96663 0.02418
vertex 0.39114 0.96663 0.00000
endloop
endfacet
facet normal -0.48357 -0.56847 -0.66558
outer loop
vertex 0.40386 0.93163 0.03913
vertex 0.37057 0.93163 0.06332
vertex 0.36271 0.96663 0.03913
endloop
endfacet
facet normal -0.48357 -0.56847 -0.66558
outer loop
vertex 0.40386 0.93163 0.03913
vertex 0.36271 0.96663 0.03913
vertex 0.38329 0.96663 0.02418
endloop
endfacet
facet normal -0.00000 -0.56847 -0.82270
outer loop
vertex 0.37057 0.93163 0.06332
vertex 0.32943 0.93163 0.06332
vertex 0.33729 0.96663 0.03913
endloop
endfacet
facet normal -0.00000 -0.56847 -0.82270
outer loop
vertex 0.37057 0.93163 0.06332
vertex 0.33729 0.96663 0.03913
vertex 0.36271 0.96663 0.03913
endloop
endfacet
facet normal 0.48357 -0.56847 -0.66558
outer loop
vertex 0.32943 0.93163 0.06332
vertex 0.29614 0.93163 0.03913
vertex 0.31671 0.96663 0.02418
endloop
endfacet
facet normal 0.48357 -0.56847 -0.66558
outer loop
vertex 0.32943 0.93163 0.06332
vertex 0.31671 0.96663 0.02418
vertex 0.33729 0.96663 0.03913
endloop
endfacet
facet normal 0.78244 -0.56847 -0.25423
outer loop
vertex 0.29614 0.93163 0.03913
vertex 0.28343 0.93163 0.00000
vertex 0.30886 0.96663 0.00000
endloop
endfacet
facet normal 0.78244 -0.56847 -0.25423
outer loop
vertex 0.29614 0.93163 0.03913
vertex 0.30886 0.96663 0.00000
vertex 0.31671 0.96663 0.02418
endloop
endfacet
facet normal 0.78244 -0.56847 0.25423
outer loop
vertex 0.28343 0.93163 0.00000
vertex 0.29614 0.93163 -0.03913
vertex 0.31671 0.96663 -0.02418
endloop
endfacet
facet normal 0.78244 -0.56847 0.25423
outer loop
vertex 0.28343 0.93163 0.00000
vertex 0.31671 0.96663 -0.02418
vertex 0.30886 0.96663 0.00000
endloop
endfacet
facet normal 0.48357 -0.56847 0.66558
outer loop
vertex 0.29614 0.93163 -0.03913
vertex 0.32943 0.93163 -0.06332
vertex 0.33729 0.96663 -0.03913
endloop
endfacet
facet normal 0.48357 -0.56847 0.66558
outer loop
vertex 0.29614 0.93163 -0.03913
vertex 0.33729 0.96663 -0.03913
vertex 0.31671 0.96663 -0.02418
endloop
endfacet
facet normal 0.00000 -0.56847 0.82270
outer loop
vertex 0.32943 0.93163 -0.06332
vertex 0.37057 0.93163 -0.06332
vertex 0.36271 0.96663 -0.03913
endloop
endfacet
facet normal 0.00000 -0.56847 0.82270
outer loop
vertex 0.32943 0.93163 -0.06332
vertex 0.36271 0.96663 -0.03913
vertex 0.33729 0.96663 -0.03913
endloop
endfacet
facet normal -0.48357 -0.56847 0.66558
outer loop
vertex 0.37057 0.93163 -0.06332
vertex 0.40386 0.93163 -0.03913
vertex 0.38329 0.96663 -0.02418
endloop
endfacet
facet normal -0.48357 -0.56847 0.66558
outer loop
vertex 0.37057 0.93163 -0.06332
vertex 0.38329 0.96663 -0.02418
vertex 0.36271 0.96663 -0.03913
endloop
endfacet
facet normal -0.78244 -0.56847 0.25423
outer loop
vertex 0.40386 0.93163 -0.03913
vertex 0.41657 0.93163 -0.00000
vertex 0.39114 0.96663 -0.00000
endloop
endfacet
facet normal -0.78244 -0.56847 0.25423
outer loop
vertex 0.40386 0.93163 -0.03913
vertex 0.39114 0.96663 -0.00000
vertex 0.38329 0.96663 -0.02418
endloop
endfacet
facet normal -0.30747 -0.94630 -0.09990
outer loop
vertex 0.39114 0.96663 0.00000
vertex 0.38329 0.96663 0.02418
vertex 0.35000 0.98000 0.00000
endloop
endfacet
facet normal -0.30902 -0.95106 0.00000
outer loop
vertex 0.39114 0.96663 0.00000
vertex 0.35000 0.98000 0.00000
vertex 0.35000 0.98000 0.00000
endloop
endfacet
facet normal -0.19003 -0.94630 -0.26155
outer loop
vertex 0.38329 0.96663 0.02418
vertex 0.36271 0.96663 0.03913
vertex 0.35000 0.98000 0.00000
endloop
endfacet
facet normal 0.00000 0.00000 0.00000
outer loop
vertex 0.38329 0.96663 0.02418
vertex 0.35000 0.98000 0.00000
vertex 0.35000 0.98000 0.00000
endloop
endfacet
facet normal -0.00000 -0.94630 -0.32329
outer loop
vertex 0.36271 0.96663 0.03913
vertex 0.33729 0.96663 0.03913
vertex 0.35000 0.98000 0.00000
endloop
endfacet
facet normal 0.00000 0.00000 0.00000
outer loop
vertex 0.36271 0.96663 0.03913
vertex 0.35000 0.98000 0.00000
vertex 0.35000 0.98000 0.00000
endloop
endfacet
facet normal 0.19003 -0.94630 -0.26155
outer loop
vertex 0.33729 0.96663 0.03913
vertex 0.31671 0.96663 0.02418
vertex 0.35000 0.98000 0.00000
endloop
endfacet
facet normal 0.70711 -0.70711 0.00000
outer loop
vertex 0.33729 0.96663 0.03913
vertex 0.35000 0.98000 0.00000
vertex 0.35000 0.98000 0.00000
endloop
endfacet
facet normal 0.30747 -0.94630 -0.09990
outer loop
vertex 0.31671 0.96663 0.02418
vertex 0.30886 0.96663 0.00000
vertex 0.35000 0.98000 0.00000
endloop
endfacet
facet normal 0.44721 -0.89443 0.00000
outer loop
vertex 0.31671 0.96663 0.02418
vertex 0.35000 0.98000 0.00000
vertex 0.35000 0.98000 0.00000
endloop
endfacet
facet normal 0.30747 -0.94630 0.09990
outer loop
vertex 0.30886 0.96663 0.00000
vertex 0.31671 0.96663 -0.02418
vertex 0.35000 0.98000 -0.00000
endloop
endfacet
facet normal 0.30902 -0.95106 0.00000
outer loop
vertex 0.30886 0.96663 0.00000
vertex 0.35000 0.98000 -0.00000
vertex 0.35000 0.98000 0.00000
endloop
endfacet
facet normal 0.19003 -0.94630 0.26155
outer loop
vertex 0.31671 0.96663 -0.02418
vertex 0.33729 0.96663 -0.03913
vertex 0.35000 0.98000 -0.00000
endloop
endfacet
facet normal 0.00000 0.00000 0.00000
outer loop
vertex 0.31671 0.96663 -0.02418
vertex 0.35000 0.98000 -0.00000
vertex 0.35000 0.98000 -0.00000
endloop
endfacet
facet normal 0.00000 -0.94630 0.32329
outer loop
vertex 0.33729 0.96663 -0.03913
vertex 0.36271 0.96663 -0.03913
vertex 0.35000 0.98000 -0.00000
endloop
endfacet
facet normal 0.00000 0.00000 0.00000
outer loop
vertex 0.33729 0.96663 -0.03913
vertex 0.35000 0.98000 -0.00000
vertex 0.35000 0.98000 -0.00000
endloop
endfacet
facet normal -0.19003 -0.94630 0.26155
outer loop
vertex 0.36271 0.96663 -0.03913
vertex 0.38329 0.96663 -0.02418
vertex 0.35000 0.98000 -0.00000
endloop
endfacet
facet normal -0.70711 -0.70711 0.00000
outer loop
vertex 0.36271 0.96663 -0.03913
vertex 0.35000 0.98000 -0.00000
vertex 0.35000 0.98000 -0.00000
endloop
endfacet
facet normal -0.30747 -0.94630 0.09990
outer loop
vertex 0.38329 0.96663 -0.02418
vertex 0.39114 0.96663 -0.00000
vertex 0.35000 0.98000 -0.00000
endloop
endfacet
facet normal -0.44721 -0.89443 0.00000
outer loop
vertex 0.38329 0.96663 -0.02418
vertex 0.35000 0.98000 -0.00000
vertex 0.35000 0.98000 -0.00000
endloop
endfacet
facet normal -0.94631 -0.09495 -0.30902
outer loop
vertex -0.27230 0.64614 0.01000
vertex -0.28275 0.64509 0.04233
vertex -0.30870 0.90379 0.04233
endloop
endfacet
facet normal -0.94631 -0.09495 -0.30902
outer loop
vertex -0.27230 0.64614 0.01000
vertex -0.30870 0.90379 0.04233
vertex -0.29825 0.90484 0.01000
endloop
endfacet
facet normal -0.09983 0.99500 0.00000
outer loop
vertex -0.32702 0.64065 0.01000
vertex -0.28275 0.64509 0.04233
vertex -0.27230 0.64614 0.01000
endloop
endfacet
facet normal 0.09983 -0.99500 0.00000
outer loop
vertex -0.35298 0.89935 0.01000
vertex -0.29825 0.90484 0.01000
vertex -0.30870 0.90379 0.04233
endloop
endfacet
facet normal -0.58485 -0.05868 -0.80902
outer loop
vertex -0.28275 0.64509 0.04233
vertex -0.31011 0.64235 0.06231
vertex -0.33607 0.90105 0.06231
endloop
endfacet
facet normal -0.58485 -0.05868 -0.80902
outer loop
vertex -0.28275 0.64509 0.04233
vertex -0.33607 0.90105 0.06231
vertex -0.30870 0.90379 0.04233
endloop
endfacet
facet normal -0.09983 0.99500 -0.00000
outer loop
vertex -0.32702 0.64065 0.01000
vertex -0.31011 0.64235 0.06231
vertex -0.28275 0.64509 0.04233
endloop
endfacet
facet normal 0.09983 -0.99500 0.00000
outer loop
vertex -0.35298 0.89935 0.01000
vertex -0.30870 0.90379 0.04233
vertex -0.33607 0.90105 0.06231
endloop
endfacet
facet normal 0.00000 0.00000 -1.00000
outer loop
vertex -0.31011 0.64235 0.06231
vertex -0.34393 0.63895 0.06231
vertex -0.36989 0.89765 0.06231
endloop
endfacet
facet normal 0.00000 0.00000 -1.00000
outer loop
vertex -0.31011 0.64235 0.06231
vertex -0.36989 0.89765 0.06231
vertex -0.33607 0.90105 0.06231
endloop
endfacet
facet normal -0.09983 0.99500 0.00000
outer loop
vertex -0.32702 0.64065 0.01000
vertex -0.34393 0.63895 0.06231
vertex -0.31011 0.64235 0.06231
endloop
endfacet
facet normal 0.09983 -0.99500 0.00000
outer loop
vertex -0.35298 0.89935 0.01000
vertex -0.33607 0.90105 0.06231
vertex -0.36989 0.89765 0.06231
endloop
endfacet
facet normal 0.58485 0.05868 -0.80902
outer loop
vertex -0.34393 0.63895 0.06231
vertex -0.37130 0.63621 0.04233
vertex -0.39725 0.89491 0.04233
endloop
endfacet
facet normal 0.58485 0.05868 -0.80902
outer loop
vertex -0.34393 0.63895 0.06231
vertex -0.39725 0.89491 0.04233
vertex -0.36989 0.89765 0.06231
endloop
endfacet
facet normal -0.09983 0.99500 0.00000
outer loop
vertex -0.32702 0.64065 0.01000
vertex -0.37130 0.63621 0.04233
vertex -0.34393 0.63895 0.06231
endloop
endfacet
facet normal 0.09983 -0.99500 -0.00000
outer loop
vertex -0.35298 0.89935 0.01000
vertex -0.36989 0.89765 0.06231
vertex -0.39725 0.89491 0.04233
endloop
endfacet
facet normal 0.94631 0.09495 -0.30902
outer loop
vertex -0.37130 0.63621 0.04233
vertex -0.38175 0.63516 0.01000
vertex -0.40770 0.89386 0.01000
endloop
endfacet
facet normal 0.94631 0.09495 -0.30902
outer loop
vertex -0.37130 0.63621 0.04233
vertex -0.40770 0.89386 0.01000
vertex -0.39725 0.89491 0.04233
endloop
endfacet
facet normal -0.09983 0.99500 0.00000
outer loop
vertex -0.32702 0.64065 0.01000
vertex -0.38175 0.63516 0.01000
vertex -0.37130 0.63621 0.04233
endloop
endfacet
facet normal 0.09983 -0.99500 0.00000
outer loop
vertex -0.35298 0.89935 0.01000
vertex -0.39725 0.89491 0.04233
vertex -0.40770 0.89386 0.01000
endloop
endfacet
facet normal 0.94631 0.09495 0.30902
outer loop
vertex -0.38175 0.63516 0.01000
vertex -0.37130 0.63621 -0.02233
vertex -0.39725 0.89491 -0.02233
endloop
endfacet
facet normal 0.94631 0.09495 0.30902
outer loop
vertex -0.38175 0.63516 0.01000
vertex -0.39725 0.89491 -0.02233
vertex -0.40770 0.89386 0.01000
endloop
endfacet
facet normal -0.09983 0.99500 -0.00000
outer loop
vertex -0.32702 0.64065 0.01000
vertex -0.37130 0.63621 -0.02233
vertex -0.38175 0.63516 0.01000
endloop
endfacet
facet normal 0.09983 -0.99500 -0.00000
outer loop
vertex -0.35298 0.89935 0.01000
vertex -0.40770 0.89386 0.01000
vertex -0.39725 0.89491 -0.02233
endloop
endfacet
facet normal 0.58485 0.05868 0.80902
outer loop
vertex -0.37130 0.63621 -0.02233
vertex -0.34393 0.63895 -0.04231
vertex -0.36989 0.89765 -0.04231
endloop
endfacet
facet normal 0.58485 0.05868 0.80902
outer loop
vertex -0.37130 0.63621 -0.02233
vertex -0.36989 0.89765 -0.04231
vertex -0.39725 0.89491 -0.02233
endloop
endfacet
facet normal -0.09983 0.99500 -0.00000
outer loop
vertex -0.32702 0.64065 0.01000
vertex -0.34393 0.63895 -0.04231
vertex -0.37130 0.63621 -0.02233
endloop
endfacet
facet normal 0.09983 -0.99500 0.00000
outer loop
vertex -0.35298 0.89935 0.01000
vertex -0.39725 0.89491 -0.02233
vertex -0.36989 0.89765 -0.04231
endloop
endfacet
facet normal 0.00000 0.00000 1.00000
outer loop
vertex -0.34393 0.63895 -0.04231
vertex -0.31011 0.64235 -0.04231
vertex -0.33607 0.90105 -0.04231
endloop
endfacet
facet normal 0.00000 0.00000 1.00000
outer loop
vertex -0.34393 0.63895 -0.04231
vertex -0.33607 0.90105 -0.04231
vertex -0.36989 0.89765 -0.04231
endloop
endfacet
facet normal -0.09983 0.99500 0.00000
outer loop
vertex -0.32702 0.64065 0.01000
vertex -0.31011 0.64235 -0.04231
vertex -0.34393 0.63895 -0.04231
endloop
endfacet
facet normal 0.09983 -0.99500 0.00000
outer loop
vertex -0.35298 0.89935 0.01000
vertex -0.36989 0.89765 -0.04231
vertex -0.33607 0.90105 -0.04231
endloop
endfacet
facet normal -0.58485 -0.05868 0.80902
outer loop
vertex -0.31011 0.64235 -0.04231
vertex -0.28275 0.64509 -0.02233
vertex -0.30870 0.90379 -0.02233
endloop
endfacet
facet normal -0.58485 -0.05868 0.80902
outer loop
vertex -0.31011 0.64235 -0.04231
vertex -0.30870 0.90379 -0.02233
vertex -0.33607 0.90105 -0.04231
endloop
endfacet
facet normal -0.09983 0.99500 0.00000
outer loop
vertex -0.32702 0.64065 0.01000
vertex -0.28275 0.64509 -0.02233
vertex -0.31011 0.64235 -0.04231
endloop
endfacet
facet normal 0.09983 -0.99500 -0.00000
outer loop
vertex -0.35298 0.89935 0.01000
vertex -0.33607 0.90105 -0.04231
vertex -0.30870 0.90379 -0.02233
endloop
endfacet
facet normal -0.94631 -0.09495 0.30902
outer loop
vertex -0.28275 0.64509 -0.02233
vertex -0.27230 0.64614 0.01000
vertex -0.29825 0.90484 0.01000
endloop
endfacet
facet normal -0.94631 -0.09495 0.30902
outer loop
vertex -0.28275 0.64509 -0.02233
vertex -0.29825 0.90484 0.01000
vertex -0.30870 0.90379 -0.02233
endloop
endfacet
facet normal -0.09983 0.99500 -0.00000
outer loop
vertex -0.32702 0.64065 0.01000
vertex -0.27230 0.64614 0.01000
vertex -0.28275 0.64509 -0.02233
endloop
endfacet
facet normal 0.09983 -0.99500 -0.00000
outer loop
vertex -0.35298 0.89935 0.01000
vertex -0.30870 0.90379 -0.02233
vertex -0.29825 0.90484 0.01000
endloop
endfacet
facet normal -0.94631 0.09495 -0.30902
outer loop
vertex 0.38175 0.63516 0.01000
vertex 0.37130 0.63621 0.04233
vertex 0.39725 0.89491 0.04233
endloop
endfacet
facet normal -0.94631 0.09495 -0.30902
outer loop
vertex 0.38175 0.63516 0.01000
vertex 0.39725 0.89491 0.04233
vertex 0.40770 0.89386 0.01000
endloop
endfacet
facet normal 0.09983 0.99500 0.00000
outer loop
vertex 0.32702 0.64065 0.01000
vertex 0.37130 0.63621 0.04233
vertex 0.38175 0.63516 0.01000
endloop
endfacet
facet normal -0.09983 -0.99500 0.00000
outer loop
vertex 0.35298 0.89935 0.01000
vertex 0.40770 0.89386 0.01000
vertex 0.39725 0.89491 0.04233
endloop
endfacet
facet normal -0.58485 0.05868 -0.80902
outer loop
vertex 0.37130 0.63621 0.04233
vertex 0.34393 0.63895 0.06231
vertex 0.36989 0.89765 0.06231
endloop
endfacet
facet normal -0.58485 0.05868 -0.80902
outer loop
vertex 0.37130 0.63621 0.04233
vertex 0.36989 0.89765 0.06231
vertex 0.39725 0.89491 0.04233
endloop
endfacet
facet normal 0.09983 0.99500 0.00000
outer loop
vertex 0.32702 0.64065 0.01000
vertex 0.34393 0.63895 0.06231
vertex 0.37130 0.63621 0.04233
endloop
endfacet
facet normal -0.09983 -0.99500 -0.00000
outer loop
vertex 0.35298 0.89935 0.01000
vertex 0.39725 0.89491 0.04233
vertex 0.36989 0.89765 0.06231
endloop
endfacet
facet normal 0.00000 0.00000 -1.00000
outer loop
vertex 0.34393 0.63895 0.06231
vertex 0.31011 0.64235 0.06231
vertex 0.33607 0.90105 0.06231
endloop
endfacet
facet normal 0.00000 0.00000 -1.00000
outer loop
vertex 0.34393 0.63895 0.06231
vertex 0.33607 0.90105 0.06231
vertex 0.36989 0.89765 0.06231
endloop
endfacet
facet normal 0.09983 0.99500 0.00000
outer loop
vertex 0.32702 0.64065 0.01000
vertex 0.31011 0.64235 0.06231
vertex 0.34393 0.63895 0.06231
endloop
endfacet
facet normal -0.09983 -0.99500 0.00000
outer loop
vertex 0.35298 0.89935 0.01000
vertex 0.36989 0.89765 0.06231
vertex 0.33607 0.90105 0.06231
endloop
endfacet
facet normal 0.58485 -0.05868 -0.80902
outer loop
vertex 0.31011 0.64235 0.06231
vertex 0.28275 0.64509 0.04233
vertex 0.30870 0.90379 0.04233
endloop
endfacet
facet normal 0.58485 -0.05868 -0.80902
outer loop
vertex 0.31011 0.64235 0.06231
vertex 0.30870 0.90379 0.04233
vertex 0.33607 0.90105 0.06231
endloop
endfacet
facet normal 0.09983 0.99500 -0.00000
outer loop
vertex 0.32702 0.64065 0.01000
vertex 0.28275 0.64509 0.04233
vertex 0.31011 0.64235 0.06231
endloop
endfacet
facet normal -0.09983 -0.99500 0.00000
outer loop
vertex 0.35298 0.89935 0.01000
vertex 0.33607 0.90105 0.06231
vertex 0.30870 0.90379 0.04233
endloop
endfacet
facet normal 0.94631 -0.09495 -0.30902
outer loop
vertex 0.28275 0.64509 0.04233
vertex 0.27230 0.64614 0.01000
vertex 0.29825 0.90484 0.01000
endloop
endfacet
facet normal 0.94631 -0.09495 -0.30902
outer loop
vertex 0.28275 0.64509 0.04233
vertex 0.29825 0.90484 0.01000
vertex 0.30870 0.90379 0.04233
endloop
endfacet
facet normal 0.09983 0.99500 0.00000
outer loop
vertex 0.32702 0.64065 0.01000
vertex 0.27230 0.64614 0.01000
vertex 0.28275 0.64509 0.04233
endloop
endfacet
facet normal -0.09983 -0.99500 0.00000
outer loop
vertex 0.35298 0.89935 0.01000
vertex 0.30870 0.90379 0.04233
vertex 0.29825 0.90484 0.01000
endloop
endfacet
facet normal 0.94631 -0.09495 0.30902
outer loop
vertex 0.27230 0.64614 0.01000
vertex 0.28275 0.64509 -0.02233
vertex 0.30870 0.90379 -0.02233
endloop
endfacet
facet normal 0.94631 -0.09495 0.30902
outer loop
vertex 0.27230 0.64614 0.01000
vertex 0.30870 0.90379 -0.02233
vertex 0.29825 0.90484 0.01000
endloop
endfacet
facet normal 0.09983 0.99500 -0.00000
outer loop
vertex 0.32702 0.64065 0.01000
vertex 0.28275 0.64509 -0.02233
vertex 0.27230 0.64614 0.01000
endloop
endfacet
facet normal -0.09983 -0.99500 -0.00000
outer loop
vertex 0.35298 0.89935 0.01000
vertex 0.29825 0.90484 0.01000
vertex 0.30870 0.90379 -0.02233
endloop
endfacet
facet normal 0.58485 -0.05868 0.80902
outer loop
vertex 0.28275 0.64509 -0.02233
vertex 0.31011 0.64235 -0.04231
vertex 0.33607 0.90105 -0.04231
endloop
endfacet
facet normal 0.58485 -0.05868 0.80902
outer loop
vertex 0.28275 0.64509 -0.02233
vertex 0.33607 0.90105 -0.04231
vertex 0.30870 0.90379 -0.02233
endloop
endfacet
facet normal 0.09983 0.99500 0.00000
outer loop
vertex 0.32702 0.64065 0.01000
vertex 0.31011 0.64235 -0.04231
vertex 0.28275 0.64509 -0.02233
endloop
endfacet
facet normal -0.09983 -0.99500 -0.00000
outer loop
vertex 0.35298 0.89935 0.01000
vertex 0.30870 0.90379 -0.02233
vertex 0.33607 0.90105 -0.04231
endloop
endfacet
facet normal 0.00000 0.00000 1.00000
outer loop
vertex 0.31011 0.64235 -0.04231
vertex 0.34393 0.63895 -0.04231
vertex 0.36989 0.89765 -0.04231
endloop
endfacet
facet normal 0.00000 0.00000 1.00000
outer loop
vertex 0.31011 0.64235 -0.04231
vertex 0.36989 0.89765 -0.04231
vertex 0.33607 0.90105 -0.04231
endloop
endfacet
facet normal 0.09983 0.99500 0.00000
outer loop
vertex 0.32702 0.64065 0.01000
vertex 0.34393 0.63895 -0.04231
vertex 0.31011 0.64235 -0.04231
endloop
endfacet
facet normal -0.09983 -0.99500 0.00000
outer loop
vertex 0.35298 0.89935 0.01000
vertex 0.33607 0.90105 -0.04231
vertex 0.36989 0.89765 -0.04231
endloop
endfacet
facet normal -0.58485 0.05868 0.80902
outer loop
vertex 0.34393 0.63895 -0.04231
vertex 0.37130 0.63621 -0.02233
vertex 0.39725 0.89491 -0.02233
endloop
endfacet
facet normal -0.58485 0.05868 0.80902
outer loop
vertex 0.34393 0.63895 -0.04231
vertex 0.39725 0.89491 -0.02233
vertex 0.36989 0.89765 -0.04231
endloop
endfacet
facet normal 0.09983 0.99500 -0.00000
outer loop
vertex 0.32702 0.64065 0.01000
vertex 0.37130 0.63621 -0.02233
vertex 0.34393 0.63895 -0.04231
endloop
endfacet
facet normal -0.09983 -0.99500 0.00000
outer loop
vertex 0.35298 0.89935 0.01000
vertex 0.36989 0.89765 -0.04231
vertex 0.39725 0.89491 -0.02233
endloop
endfacet
facet normal -0.94631 0.09495 0.30902
outer loop
vertex 0.37130 0.63621 -0.02233
vertex 0.38175 0.63516 0.01000
vertex 0.40770 0.89386 0.01000
endloop
endfacet
facet normal -0.94631 0.09495 0.30902
outer loop
vertex 0.37130 0.63621 -0.02233
vertex 0.40770 0.89386 0.01000
vertex 0.39725 0.89491 -0.02233
endloop
endfacet
facet normal 0.09983 0.99500 -0.00000
outer loop
vertex 0.32702 0.64065 0.01000
vertex 0.38175 0.63516 0.01000
vertex 0.37130 0.63621 -0.02233
endloop
endfacet
facet normal -0.09983 -0.99500 -0.00000
outer loop
vertex 0.35298 0.89935 0.01000
vertex 0.39725 0.89491 -0.02233
vertex 0.40770 0.89386 0.01000
endloop
endfacet
facet normal -0.37269 0.92796 0.00000
outer loop
vertex -0.33000 0.56500 0.02000
vertex -0.33000 0.56500 0.02000
vertex -0.29909 0.57741 0.04246
endloop
endfacet
facet normal -0.30747 0.94630 -0.09990
outer loop
vertex -0.33000 0.56500 0.02000
vertex -0.29909 0.57741 0.04246
vertex -0.29179 0.57741 0.02000
endloop
endfacet
facet normal 0.00000 0.00000 0.00000
outer loop
vertex -0.33000 0.56500 0.02000
vertex -0.33000 0.56500 0.02000
vertex -0.31819 0.57741 0.05634
endloop
endfacet
facet normal -0.19003 0.94630 -0.26155
outer loop
vertex -0.33000 0.56500 0.02000
vertex -0.31819 0.57741 0.05634
vertex -0.29909 0.57741 0.04246
endloop
endfacet
facet normal 0.00000 0.00000 0.00000
outer loop
vertex -0.33000 0.56500 0.02000
vertex -0.33000 0.56500 0.02000
vertex -0.34181 0.57741 0.05634
endloop
endfacet
facet normal -0.00000 0.94630 -0.32329
outer loop
vertex -0.33000 0.56500 0.02000
vertex -0.34181 0.57741 0.05634
vertex -0.31819 0.57741 0.05634
endloop
endfacet
facet normal 0.00000 0.00000 0.00000
outer loop
vertex -0.33000 0.56500 0.02000
vertex -0.33000 0.56500 0.02000
vertex -0.36091 0.57741 0.04246
endloop
endfacet
facet normal 0.19003 0.94630 -0.26155
outer loop
vertex -0.33000 0.56500 0.02000
vertex -0.36091 0.57741 0.04246
vertex -0.34181 0.57741 0.05634
endloop
endfacet
facet normal 0.30902 0.95106 0.00000
outer loop
vertex -0.33000 0.56500 0.02000
vertex -0.33000 0.56500 0.02000
vertex -0.36821 0.57741 0.02000
endloop
endfacet
facet normal 0.30747 0.94630 -0.09990
outer loop
vertex -0.33000 0.56500 0.02000
vertex -0.36821 0.57741 0.02000
vertex -0.36091 0.57741 0.04246
endloop
endfacet
facet normal 0.37269 0.92796 0.00000
outer loop
vertex -0.33000 0.56500 0.02000
vertex -0.33000 0.56500 0.02000
vertex -0.36091 0.57741 -0.00246
endloop
endfacet
facet normal 0.30747 0.94630 0.09990
outer loop
vertex -0.33000 0.56500 0.02000
vertex -0.36091 0.57741 -0.00246
vertex -0.36821 0.57741 0.02000
endloop
endfacet
facet normal 0.00000 0.00000 0.00000
outer loop
vertex -0.33000 0.56500 0.02000
vertex -0.33000 0.56500 0.02000
vertex -0.34181 0.57741 -0.01634
endloop
endfacet
facet normal 0.19003 0.94630 0.26155
outer loop
vertex -0.33000 0.56500 0.02000
vertex -0.34181 0.57741 -0.01634
vertex -0.36091 0.57741 -0.00246
endloop
endfacet
facet normal 0.00000 0.00000 0.00000
outer loop
vertex -0.33000 0.56500 0.02000
vertex -0.33000 0.56500 0.02000
vertex -0.31819 0.57741 -0.01634
endloop
endfacet
facet normal 0.00000 0.94630 0.32329
outer loop
vertex -0.33000 0.56500 0.02000
vertex -0.31819 0.57741 -0.01634
vertex -0.34181 0.57741 -0.01634
endloop
endfacet
facet normal 0.00000 0.00000 0.00000
outer loop
vertex -0.33000 0.56500 0.02000
vertex -0.33000 0.56500 0.02000
vertex -0.29909 0.57741 -0.00246
endloop
endfacet
facet normal -0.19003 0.94630 0.26155
outer loop
vertex -0.33000 0.56500 0.02000
vertex -0.29909 0.57741 -0.00246
vertex -0.31819 0.57741 -0.01634
endloop
endfacet
facet normal -0.30902 0.95106 0.00000
outer loop
vertex -0.33000 0.56500 0.02000
vertex -0.33000 0.56500 0.02000
vertex -0.29179 0.57741 0.02000
endloop
endfacet
facet normal -0.30747 0.94630 0.09990
outer loop
vertex -0.33000 0.56500 0.02000
vertex -0.29179 0.57741 0.02000
vertex -0.29909 0.57741 -0.00246
endloop
endfacet
facet normal -0.78244 0.56847 -0.25423
outer loop
vertex -0.29179 0.57741 0.02000
vertex -0.29909 0.57741 0.04246
vertex -0.27999 0.60991 0.05634
endloop
endfacet
facet normal -0.78244 0.56847 -0.25423
outer loop
vertex -0.29179 0.57741 0.02000
vertex -0.27999 0.60991 0.05634
vertex -0.26818 0.60991 0.02000
endloop
endfacet
facet normal -0.48357 0.56847 -0.66558
outer loop
vertex -0.29909 0.57741 0.04246
vertex -0.31819 0.57741 0.05634
vertex -0.31090 0.60991 0.07879
endloop
endfacet
facet normal -0.48357 0.56847 -0.66558
outer loop
vertex -0.29909 0.57741 0.04246
vertex -0.31090 0.60991 0.07879
vertex -0.27999 0.60991 0.05634
endloop
endfacet
facet normal -0.00000 0.56847 -0.82270
outer loop
vertex -0.31819 0.57741 0.05634
vertex -0.34181 0.57741 0.05634
vertex -0.34910 0.60991 0.07879
endloop
endfacet
facet normal 0.00000 0.56847 -0.82270
outer loop
vertex -0.31819 0.57741 0.05634
vertex -0.34910 0.60991 0.07879
vertex -0.31090 0.60991 0.07879
endloop
endfacet
facet normal 0.48357 0.56847 -0.66558
outer loop
vertex -0.34181 0.57741 0.05634
vertex -0.36091 0.57741 0.04246
vertex -0.38001 0.60991 0.05634
endloop
endfacet
facet normal 0.48357 0.56847 -0.66558
outer loop
vertex -0.34181 0.57741 0.05634
vertex -0.38001 0.60991 0.05634
vertex -0.34910 0.60991 0.07879
endloop
endfacet
facet normal 0.78244 0.56847 -0.25423
outer loop
vertex -0.36091 0.57741 0.04246
vertex -0.36821 0.57741 0.02000
vertex -0.39182 0.60991 0.02000
endloop
endfacet
facet normal 0.78244 0.56847 -0.25423
outer loop
vertex -0.36091 0.57741 0.04246
vertex -0.39182 0.60991 0.02000
vertex -0.38001 0.60991 0.05634
endloop
endfacet
facet normal 0.78244 0.56847 0.25423
outer loop
vertex -0.36821 0.57741 0.02000
vertex -0.36091 0.57741 -0.00246
vertex -0.38001 0.60991 -0.01634
endloop
endfacet
facet normal 0.78244 0.56847 0.25423
outer loop
vertex -0.36821 0.57741 0.02000
vertex -0.38001 0.60991 -0.01634
vertex -0.39182 0.60991 0.02000
endloop
endfacet
facet normal 0.48357 0.56847 0.66558
outer loop
vertex -0.36091 0.57741 -0.00246
vertex -0.34181 0.57741 -0.01634
vertex -0.34910 0.60991 -0.03879
endloop
endfacet
facet normal 0.48357 0.56847 0.66558
outer loop
vertex -0.36091 0.57741 -0.00246
vertex -0.34910 0.60991 -0.03879
vertex -0.38001 0.60991 -0.01634
endloop
endfacet
facet normal 0.00000 0.56847 0.82270
outer loop
vertex -0.34181 0.57741 -0.01634
vertex -0.31819 0.57741 -0.01634
vertex -0.31090 0.60991 -0.03879
endloop
endfacet
facet normal 0.00000 0.56847 0.82270
outer loop
vertex -0.34181 0.57741 -0.01634
vertex -0.31090 0.60991 -0.03879
vertex -0.34910 0.60991 -0.03879
endloop
endfacet
facet normal -0.48357 0.56847 0.66558
outer loop
vertex -0.31819 0.57741 -0.01634
vertex -0.29909 0.57741 -0.00246
vertex -0.27999 0.60991 -0.01634
endloop
endfacet
facet normal -0.48357 0.56847 0.66558
outer loop
vertex -0.31819 0.57741 -0.01634
vertex -0.27999 0.60991 -0.01634
vertex -0.31090 0.60991 -0.03879
endloop
endfacet
facet normal -0.78244 0.56847 0.25423
outer loop
vertex -0.29909 0.57741 -0.00246
vertex -0.29179 0.57741 0.02000
vertex -0.26818 0.60991 0.02000
endloop
endfacet
facet normal -0.78244 0.56847 0.25423
outer loop
vertex -0.29909 0.57741 -0.00246
vertex -0.26818 0.60991 0.02000
vertex -0.27999 0.60991 -0.01634
endloop
endfacet
facet normal -0.95106 0.00000 -0.30902
outer loop
vertex -0.26818 0.60991 0.02000
vertex -0.27999 0.60991 0.05634
vertex -0.27999 0.65009 0.05634
endloop
endfacet
facet normal -0.95106 0.00000 -0.30902
outer loop
vertex -0.26818 0.60991 0.02000
vertex -0.27999 0.65009 0.05634
vertex -0.26818 0.65009 0.02000
endloop
endfacet
facet normal -0.58779 0.00000 -0.80902
outer loop
vertex -0.27999 0.60991 0.05634
vertex -0.31090 0.60991 0.07879
vertex -0.31090 0.65009 0.07879
endloop
endfacet
facet normal -0.58779 0.00000 -0.80902
outer loop
vertex -0.27999 0.60991 0.05634
vertex -0.31090 0.65009 0.07879
vertex -0.27999 0.65009 0.05634
endloop
endfacet
facet normal 0.00000 0.00000 -1.00000
outer loop
vertex -0.31090 0.60991 0.07879
vertex -0.34910 0.60991 0.07879
vertex -0.34910 0.65009 0.07879
endloop
endfacet
facet normal 0.00000 0.00000 -1.00000
outer loop
vertex -0.31090 0.60991 0.07879
vertex -0.34910 0.65009 0.07879
vertex -0.31090 0.65009 0.07879
endloop
endfacet
facet normal 0.58779 0.00000 -0.80902
outer loop
vertex -0.34910 0.60991 0.07879
vertex -0.38001 0.60991 0.05634
vertex -0.38001 0.65009 0.05634
endloop
endfacet
facet normal 0.58779 0.00000 -0.80902
outer loop
vertex -0.34910 0.60991 0.07879
vertex -0.38001 0.65009 0.05634
vertex -0.34910 0.65009 0.07879
endloop
endfacet
facet normal 0.95106 0.00000 -0.30902
outer loop
vertex -0.38001 0.60991 0.05634
vertex -0.39182 0.60991 0.02000
vertex -0.39182 0.65009 0.02000
endloop
endfacet
facet normal 0.95106 0.00000 -0.30902
outer loop
vertex -0.38001 0.60991 0.05634
vertex -0.39182 0.65009 0.02000
vertex -0.38001 0.65009 0.05634
endloop
endfacet
facet normal 0.95106 0.00000 0.30902
outer loop
vertex -0.39182 0.60991 0.02000
vertex -0.38001 0.60991 -0.01634
vertex -0.38001 0.65009 -0.01634
endloop
endfacet
facet normal 0.95106 0.00000 0.30902
outer loop
vertex -0.39182 0.60991 0.02000
vertex -0.38001 0.65009 -0.01634
vertex -0.39182 0.65009 0.02000
endloop
endfacet
facet normal 0.58779 0.00000 0.80902
outer loop
vertex -0.38001 0.60991 -0.01634
vertex -0.34910 0.60991 -0.03879
vertex -0.34910 0.65009 -0.03879
endloop
endfacet
facet normal 0.58779 0.00000 0.80902
outer loop
vertex -0.38001 0.60991 -0.01634
vertex -0.34910 0.65009 -0.03879
vertex -0.38001 0.65009 -0.01634
endloop
endfacet
facet normal 0.00000 0.00000 1.00000
outer loop
vertex -0.34910 0.60991 -0.03879
vertex -0.31090 0.60991 -0.03879
vertex -0.31090 0.65009 -0.03879
endloop
endfacet
facet normal 0.00000 0.00000 1.00000
outer loop
vertex -0.34910 0.60991 -0.03879
vertex -0.31090 0.65009 -0.03879
vertex -0.34910 0.65009 -0.03879
endloop
endfacet
facet normal -0.58779 0.00000 0.80902
outer loop
vertex -0.31090 0.60991 -0.03879
vertex -0.27999 0.60991 -0.01634
vertex -0.27999 0.65009 -0.01634
endloop
endfacet
facet normal -0.58779 0.00000 0.80902
outer loop
vertex -0.31090 0.60991 -0.03879
vertex -0.27999 0.65009 -0.01634
vertex -0.31090 0.65009 -0.03879
endloop
endfacet
facet normal -0.95106 0.00000 0.30902
outer loop
vertex -0.27999 0.60991 -0.01634
vertex -0.26818 0.60991 0.02000
vertex -0.26818 0.65009 0.02000
endloop
endfacet
facet normal -0.95106 0.00000 0.30902
outer loop
vertex -0.27999 0.60991 -0.01634
vertex -0.26818 0.65009 0.02000
vertex -0.27999 0.65009 -0.01634
endloop
endfacet
facet normal -0.78244 -0.56847 -0.25423
outer loop
vertex -0.26818 0.65009 0.02000
vertex -0.27999 0.65009 0.05634
vertex -0.29909 0.68259 0.04246
endloop
endfacet
facet normal -0.78244 -0.56847 -0.25423
outer loop
vertex -0.26818 0.65009 0.02000
vertex -0.29909 0.68259 0.04246
vertex -0.29179 0.68259 0.02000
endloop
endfacet
facet normal -0.48357 -0.56847 -0.66558
outer loop
vertex -0.27999 0.65009 0.05634
vertex -0.31090 0.65009 0.07879
vertex -0.31819 0.68259 0.05634
endloop
endfacet
facet normal -0.48357 -0.56847 -0.66558
outer loop
vertex -0.27999 0.65009 0.05634
vertex -0.31819 0.68259 0.05634
vertex -0.29909 0.68259 0.04246
endloop
endfacet
facet normal 0.00000 -0.56847 -0.82270
outer loop
vertex -0.31090 0.65009 0.07879
vertex -0.34910 0.65009 0.07879
vertex -0.34181 0.68259 0.05634
endloop
endfacet
facet normal -0.00000 -0.56847 -0.82270
outer loop
vertex -0.31090 0.65009 0.07879
vertex -0.34181 0.68259 0.05634
vertex -0.31819 0.68259 0.05634
endloop
endfacet
facet normal 0.48357 -0.56847 -0.66558
outer loop
vertex -0.34910 0.65009 0.07879
vertex -0.38001 0.65009 0.05634
vertex -0.36091 0.68259 0.04246
endloop
endfacet
facet normal 0.48357 -0.56847 -0.66558
outer loop
vertex -0.34910 0.65009 0.07879
vertex -0.36091 0.68259 0.04246
vertex -0.34181 0.68259 0.05634
endloop
endfacet
facet normal 0.78244 -0.56847 -0.25423
outer loop
vertex -0.38001 0.65009 0.05634
vertex -0.39182 0.65009 0.02000
vertex -0.36821 0.68259 0.02000
endloop
endfacet
facet normal 0.78244 -0.56847 -0.25423
outer loop
vertex -0.38001 0.65009 0.05634
vertex -0.36821 0.68259 0.02000
vertex -0.36091 0.68259 0.04246
endloop
endfacet
facet normal 0.78244 -0.56847 0.25423
outer loop
vertex -0.39182 0.65009 0.02000
vertex -0.38001 0.65009 -0.01634
vertex -0.36091 0.68259 -0.00246
endloop
endfacet
facet normal 0.78244 -0.56847 0.25423
outer loop
vertex -0.39182 0.65009 0.02000
vertex -0.36091 0.68259 -0.00246
vertex -0.36821 0.68259 0.02000
endloop
endfacet
facet normal 0.48357 -0.56847 0.66558
outer loop
vertex -0.38001 0.65009 -0.01634
vertex -0.34910 0.65009 -0.03879
vertex -0.34181 0.68259 -0.01634
endloop
endfacet
facet normal 0.48357 -0.56847 0.66558
outer loop
vertex -0.38001 0.65009 -0.01634
vertex -0.34181 0.68259 -0.01634
vertex -0.36091 0.68259 -0.00246
endloop
endfacet
facet normal 0.00000 -0.56847 0.82270
outer loop
vertex -0.34910 0.65009 -0.03879
vertex -0.31090 0.65009 -0.03879
vertex -0.31819 0.68259 -0.01634
endloop
endfacet
facet normal 0.00000 -0.56847 0.82270
outer loop
vertex -0.34910 0.65009 -0.03879
vertex -0.31819 0.68259 -0.01634
vertex -0.34181 0.68259 -0.01634
endloop
endfacet
facet normal -0.48357 -0.56847 0.66558
outer loop
vertex -0.31090 0.65009 -0.03879
vertex -0.27999 0.65009 -0.01634
vertex -0.29909 0.68259 -0.00246
endloop
endfacet
facet normal -0.48357 -0.56847 0.66558
outer loop
vertex -0.31090 0.65009 -0.03879
vertex -0.29909 0.68259 -0.00246
vertex -0.31819 0.68259 -0.01634
endloop
endfacet
facet normal -0.78244 -0.56847 0.25423
outer loop
vertex -0.27999 0.65009 -0.01634
vertex -0.26818 0.65009 0.02000
vertex -0.29179 0.68259 0.02000
endloop
endfacet
facet normal -0.78244 -0.56847 0.25423
outer loop
vertex -0.27999 0.65009 -0.01634
vertex -0.29179 0.68259 0.02000
vertex -0.29909 0.68259 -0.00246
endloop
endfacet
facet normal -0.30747 -0.94630 -0.09990
outer loop
vertex -0.29179 0.68259 0.02000
vertex -0.29909 0.68259 0.04246
vertex -0.33000 0.69500 0.02000
endloop
endfacet
facet normal -0.30902 -0.95106 0.00000
outer loop
vertex -0.29179 0.68259 0.02000
vertex -0.33000 0.69500 0.02000
vertex -0.33000 0.69500 0.02000
endloop
endfacet
facet normal -0.19003 -0.94630 -0.26155
outer loop
vertex -0.29909 0.68259 0.04246
vertex -0.31819 0.68259 0.05634
vertex -0.33000 0.69500 0.02000
endloop
endfacet
facet normal 0.00000 0.00000 0.00000
outer loop
vertex -0.29909 0.68259 0.04246
vertex -0.33000 0.69500 0.02000
vertex -0.33000 0.69500 0.02000
endloop
endfacet
facet normal -0.00000 -0.94630 -0.32329
outer loop
vertex -0.31819 0.68259 0.05634
vertex -0.34181 0.68259 0.05634
vertex -0.33000 0.69500 0.02000
endloop
endfacet
facet normal 0.00000 0.00000 0.00000
outer loop
vertex -0.31819 0.68259 0.05634
vertex -0.33000 0.69500 0.02000
vertex -0.33000 0.69500 0.02000
endloop
endfacet
facet normal 0.19003 -0.94630 -0.26155
outer loop
vertex -0.34181 0.68259 0.05634
vertex -0.36091 0.68259 0.04246
vertex -0.33000 0.69500 0.02000
endloop
endfacet
facet normal 0.00000 0.00000 0.00000
outer loop
vertex -0.34181 0.68259 0.05634
vertex -0.33000 0.69500 0.02000
vertex -0.33000 0.69500 0.02000
endloop
endfacet
facet normal 0.30747 -0.94630 -0.09990
outer loop
vertex -0.36091 0.68259 0.04246
vertex -0.36821 0.68259 0.02000
vertex -0.33000 0.69500 0.02000
endloop
endfacet
facet normal 0.44721 -0.89443 0.00000
outer loop
vertex -0.36091 0.68259 0.04246
vertex -0.33000 0.69500 0.02000
vertex -0.33000 0.69500 0.02000
endloop
endfacet
facet normal 0.30747 -0.94630 0.09990
outer loop
vertex -0.36821 0.68259 0.02000
vertex -0.36091 0.68259 -0.00246
vertex -0.33000 0.69500 0.02000
endloop
endfacet
facet normal 0.30902 -0.95106 0.00000
outer loop
vertex -0.36821 0.68259 0.02000
vertex -0.33000 0.69500 0.02000
vertex -0.33000 0.69500 0.02000
endloop
endfacet
facet normal 0.19003 -0.94630 0.26155
outer loop
vertex -0.36091 0.68259 -0.00246
vertex -0.34181 0.68259 -0.01634
vertex -0.33000 0.69500 0.02000
endloop
endfacet
facet normal 0.00000 0.00000 0.00000
outer loop
vertex -0.36091 0.68259 -0.00246
vertex -0.33000 0.69500 0.02000
vertex -0.33000 0.69500 0.02000
endloop
endfacet
facet normal 0.00000 -0.94630 0.32329
outer loop
vertex -0.34181 0.68259 -0.01634
vertex -0.31819 0.68259 -0.01634
vertex -0.33000 0.69500 0.02000
endloop
endfacet
facet normal 0.00000 0.00000 0.00000
outer loop
vertex -0.34181 0.68259 -0.01634
vertex -0.33000 0.69500 0.02000
vertex -0.33000 0.69500 0.02000
endloop
endfacet
facet normal -0.19003 -0.94630 0.26155
outer loop
vertex -0.31819 0.68259 -0.01634
vertex -0.29909 0.68259 -0.00246
vertex -0.33000 0.69500 0.02000
endloop
endfacet
facet normal 0.00000 0.00000 0.00000
outer loop
vertex -0.31819 0.68259 -0.01634
vertex -0.33000 0.69500 0.02000
vertex -0.33000 0.69500 0.02000
endloop
endfacet
facet normal -0.30747 -0.94630 0.09990
outer loop
vertex -0.29909 0.68259 -0.00246
vertex -0.29179 0.68259 0.02000
vertex -0.33000 0.69500 0.02000
endloop
endfacet
facet normal -0.44721 -0.89443 0.00000
outer loop
vertex -0.29909 0.68259 -0.00246
vertex -0.33000 0.69500 0.02000
vertex -0.33000 0.69500 0.02000
endloop
endfacet
facet normal -0.37269 0.92796 0.00000
outer loop
vertex 0.33000 0.56500 0.02000
vertex 0.33000 0.56500 0.02000
vertex 0.36091 0.57741 0.04246
endloop
endfacet
facet normal -0.30747 0.94630 -0.09990
outer loop
vertex 0.33000 0.56500 0.02000
vertex 0.36091 0.57741 0.04246
vertex 0.36821 0.57741 0.02000
endloop
endfacet
facet normal 0.00000 0.00000 0.00000
outer loop
vertex 0.33000 0.56500 0.02000
vertex 0.33000 0.56500 0.02000
vertex 0.34181 0.57741 0.05634
endloop
endfacet
facet normal -0.19003 0.94630 -0.26155
outer loop
vertex 0.33000 0.56500 0.02000
vertex 0.34181 0.57741 0.05634
vertex 0.36091 0.57741 0.04246
endloop
endfacet
facet normal 0.00000 0.00000 0.00000
outer loop
vertex 0.33000 0.56500 0.02000
vertex 0.33000 0.56500 0.02000
vertex 0.31819 0.57741 0.05634
endloop
endfacet
facet normal -0.00000 0.94630 -0.32329
outer loop
vertex 0.33000 0.56500 0.02000
vertex 0.31819 0.57741 0.05634
vertex 0.34181 0.57741 0.05634
endloop
endfacet
facet normal 0.00000 0.00000 0.00000
outer loop
vertex 0.33000 0.56500 0.02000
vertex 0.33000 0.56500 0.02000
vertex 0.29909 0.57741 0.04246
endloop
endfacet
facet normal 0.19003 0.94630 -0.26155
outer loop
vertex 0.33000 0.56500 0.02000
vertex 0.29909 0.57741 0.04246
vertex 0.31819 0.57741 0.05634
endloop
endfacet
facet normal 0.30902 0.95106 0.00000
outer loop
vertex 0.33000 0.56500 0.02000
vertex 0.33000 0.56500 0.02000
vertex 0.29179 0.57741 0.02000
endloop
endfacet
facet normal 0.30747 0.94630 -0.09990
outer loop
vertex 0.33000 0.56500 0.02000
vertex 0.29179 0.57741 0.02000
vertex 0.29909 0.57741 0.04246
endloop
endfacet
facet normal 0.37269 0.92796 0.00000
outer loop
vertex 0.33000 0.56500 0.02000
vertex 0.33000 0.56500 0.02000
vertex 0.29909 0.57741 -0.00246
endloop
endfacet
facet normal 0.30747 0.94630 0.09990
outer loop
vertex 0.33000 0.56500 0.02000
vertex 0.29909 0.57741 -0.00246
vertex 0.29179 0.57741 0.02000
endloop
endfacet
facet normal 0.00000 0.00000 0.00000
outer loop
vertex 0.33000 0.56500 0.02000
vertex 0.33000 0.56500 0.02000
vertex 0.31819 0.57741 -0.01634
endloop
endfacet
facet normal 0.19003 0.94630 0.26155
outer loop
vertex 0.33000 0.56500 0.02000
vertex 0.31819 0.57741 -0.01634
vertex 0.29909 0.57741 -0.00246
endloop
endfacet
facet normal 0.00000 0.00000 0.00000
outer loop
vertex 0.33000 0.56500 0.02000
vertex 0.33000 0.56500 0.02000
vertex 0.34181 0.57741 -0.01634
endloop
endfacet
facet normal 0.00000 0.94630 0.32329
outer loop
vertex 0.33000 0.56500 0.02000
vertex 0.34181 0.57741 -0.01634
vertex 0.31819 0.57741 -0.01634
endloop
endfacet
facet normal 0.00000 0.00000 0.00000
outer loop
vertex 0.33000 0.56500 0.02000
vertex 0.33000 0.56500 0.02000
vertex 0.36091 0.57741 -0.00246
endloop
endfacet
facet normal -0.19003 0.94630 0.26155
outer loop
vertex 0.33000 0.56500 0.02000
vertex 0.36091 0.57741 -0.00246
vertex 0.34181 0.57741 -0.01634
endloop
endfacet
facet normal -0.30902 0.95106 0.00000
outer loop
vertex 0.33000 0.56500 0.02000
vertex 0.33000 0.56500 0.02000
vertex 0.36821 0.57741 0.02000
endloop
endfacet
facet normal -0.30747 0.94630 0.09990
outer loop
vertex 0.33000 0.56500 0.02000
vertex 0.36821 0.57741 0.02000
vertex 0.36091 0.57741 -0.00246
endloop
endfacet
facet normal -0.78244 0.56847 -0.25423
outer loop
vertex 0.36821 0.57741 0.02000
vertex 0.36091 0.57741 0.04246
vertex 0.38001 0.60991 0.05634
endloop
endfacet
facet normal -0.78244 0.56847 -0.25423
outer loop
vertex 0.36821 0.57741 0.02000
vertex 0.38001 0.60991 0.05634
vertex 0.39182 0.60991 0.02000
endloop
endfacet
facet normal -0.48357 0.56847 -0.66558
outer loop
vertex 0.36091 0.57741 0.04246
vertex 0.34181 0.57741 0.05634
vertex 0.34910 0.60991 0.07879
endloop
endfacet
facet normal -0.48357 0.56847 -0.66558
outer loop
vertex 0.36091 0.57741 0.04246
vertex 0.34910 0.60991 0.07879
vertex 0.38001 0.60991 0.05634
endloop
endfacet
facet normal -0.00000 0.56847 -0.82270
outer loop
vertex 0.34181 0.57741 0.05634
vertex 0.31819 0.57741 0.05634
vertex 0.31090 0.60991 0.07879
endloop
endfacet
facet normal 0.00000 0.56847 -0.82270
outer loop
vertex 0.34181 0.57741 0.05634
vertex 0.31090 0.60991 0.07879
vertex 0.34910 0.60991 0.07879
endloop
endfacet
facet normal 0.48357 0.56847 -0.66558
outer loop
vertex 0.31819 0.57741 0.05634
vertex 0.29909 0.57741 0.04246
vertex 0.27999 0.60991 0.05634
endloop
endfacet
facet normal 0.48357 0.56847 -0.66558
outer loop
vertex 0.31819 0.57741 0.05634
vertex 0.27999 0.60991 0.05634
vertex 0.31090 0.60991 0.07879
endloop
endfacet
facet normal 0.78244 0.56847 -0.25423
outer loop
vertex 0.29909 0.57741 0.04246
vertex 0.29179 0.57741 0.02000
vertex 0.26818 0.60991 0.02000
endloop
endfacet
facet normal 0.78244 0.56847 -0.25423
outer loop
vertex 0.29909 0.57741 0.04246
vertex 0.26818 0.60991 0.02000
vertex 0.27999 0.60991 0.05634
endloop
endfacet
facet normal 0.78244 0.56847 0.25423
outer loop
vertex 0.29179 0.57741 0.02000
vertex 0.29909 0.57741 -0.00246
vertex 0.27999 0.60991 -0.01634
endloop
endfacet
facet normal 0.78244 0.56847 0.25423
outer loop
vertex 0.29179 0.57741 0.02000
vertex 0.27999 0.60991 -0.01634
vertex 0.26818 0.60991 0.02000
endloop
endfacet
facet normal 0.48357 0.56847 0.66558
outer loop
vertex 0.29909 0.57741 -0.00246
vertex 0.31819 0.57741 -0.01634
vertex 0.31090 0.60991 -0.03879
endloop
endfacet
facet normal 0.48357 0.56847 0.66558
outer loop
vertex 0.29909 0.57741 -0.00246
vertex 0.31090 0.60991 -0.03879
vertex 0.27999 0.60991 -0.01634
endloop
endfacet
facet normal 0.00000 0.56847 0.82270
outer loop
vertex 0.31819 0.57741 -0.01634
vertex 0.34181 0.57741 -0.01634
vertex 0.34910 0.60991 -0.03879
endloop
endfacet
facet normal 0.00000 0.56847 0.82270
outer loop
vertex 0.31819 0.57741 -0.01634
vertex 0.34910 0.60991 -0.03879
vertex 0.31090 0.60991 -0.03879
endloop
endfacet
facet normal -0.48357 0.56847 0.66558
outer loop
vertex 0.34181 0.57741 -0.01634
vertex 0.36091 0.57741 -0.00246
vertex 0.38001 0.60991 -0.01634
endloop
endfacet
facet normal -0.48357 0.56847 0.66558
outer loop
vertex 0.34181 0.57741 -0.01634
vertex 0.38001 0.60991 -0.01634
vertex 0.34910 0.60991 -0.03879
endloop
endfacet
facet normal -0.78244 0.56847 0.25423
outer loop
vertex 0.36091 0.57741 -0.00246
vertex 0.36821 0.57741 0.02000
vertex 0.39182 0.60991 0.02000
endloop
endfacet
facet normal -0.78244 0.56847 0.25423
outer loop
vertex 0.36091 0.57741 -0.00246
vertex 0.39182 0.60991 0.02000
vertex 0.38001 0.60991 -0.01634
endloop
endfacet
facet normal -0.95106 0.00000 -0.30902
outer loop
vertex 0.39182 0.60991 0.02000
vertex 0.38001 0.60991 0.05634
vertex 0.38001 0.65009 0.05634
endloop
endfacet
facet normal -0.95106 0.00000 -0.30902
outer loop
vertex 0.39182 0.60991 0.02000
vertex 0.38001 0.65009 0.05634
vertex 0.39182 0.65009 0.02000
endloop
endfacet
facet normal -0.58779 0.00000 -0.80902
outer loop
vertex 0.38001 0.60991 0.05634
vertex 0.34910 0.60991 0.07879
vertex 0.34910 0.65009 0.07879
endloop
endfacet
facet normal -0.58779 0.00000 -0.80902
outer loop
vertex 0.38001 0.60991 0.05634
vertex 0.34910 0.65009 0.07879
vertex 0.38001 0.65009 0.05634
endloop
endfacet
facet normal 0.00000 0.00000 -1.00000
outer loop
vertex 0.34910 0.60991 0.07879
vertex 0.31090 0.60991 0.07879
vertex 0.31090 0.65009 0.07879
endloop
endfacet
facet normal 0.00000 0.00000 -1.00000
outer loop
vertex 0.34910 0.60991 0.07879
vertex 0.31090 0.65009 0.07879
vertex 0.34910 0.65009 0.07879
endloop
endfacet
facet normal 0.58779 0.00000 -0.80902
outer loop
vertex 0.31090 0.60991 0.07879
vertex 0.27999 0.60991 0.05634
vertex 0.27999 0.65009 0.05634
endloop
endfacet
facet normal 0.58779 0.00000 -0.80902
outer loop
vertex 0.31090 0.60991 0.07879
vertex 0.27999 0.65009 0.05634
vertex 0.31090 0.65009 0.07879
endloop
endfacet
facet normal 0.95106 0.00000 -0.30902
outer loop
vertex 0.27999 0.60991 0.05634
vertex 0.26818 0.60991 0.02000
vertex 0.26818 0.65009 0.02000
endloop
endfacet
facet normal 0.95106 0.00000 -0.30902
outer loop
vertex 0.27999 0.60991 0.05634
vertex 0.26818 0.65009 0.02000
vertex 0.27999 0.65009 0.05634
endloop
endfacet
facet normal 0.95106 0.00000 0.30902
outer loop
vertex 0.26818 0.60991 0.02000
vertex 0.27999 0.60991 -0.01634
vertex 0.27999 0.65009 -0.01634
endloop
endfacet
facet normal 0.95106 0.00000 0.30902
outer loop
vertex 0.26818 0.60991 0.02000
vertex 0.27999 0.65009 -0.01634
vertex 0.26818 0.65009 0.02000
endloop
endfacet
facet normal 0.58779 0.00000 0.80902
outer loop
vertex 0.27999 0.60991 -0.01634
vertex 0.31090 0.60991 -0.03879
vertex 0.31090 0.65009 -0.03879
endloop
endfacet
facet normal 0.58779 0.00000 0.80902
outer loop
vertex 0.27999 0.60991 -0.01634
vertex 0.31090 0.65009 -0.03879
vertex 0.27999 0.65009 -0.01634
endloop
endfacet
facet normal 0.00000 0.00000 1.00000
outer loop
vertex 0.31090 0.60991 -0.03879
vertex 0.34910 0.60991 -0.03879
vertex 0.34910 0.65009 -0.03879
endloop
endfacet
facet normal 0.00000 0.00000 1.00000
outer loop
vertex 0.31090 0.60991 -0.03879
vertex 0.34910 0.65009 -0.03879
vertex 0.31090 0.65009 -0.03879
endloop
endfacet
facet normal -0.58779 0.00000 0.80902
outer loop
vertex 0.34910 0.60991 -0.03879
vertex 0.38001 0.60991 -0.01634
vertex 0.38001 0.65009 -0.01634
endloop
endfacet
facet normal -0.58779 0.00000 0.80902
outer loop
vertex 0.34910 0.60991 -0.03879
vertex 0.38001 0.65009 -0.01634
vertex 0.34910 0.65009 -0.03879
endloop
endfacet
facet normal -0.95106 0.00000 0.30902
outer loop
vertex 0.38001 0.60991 -0.01634
vertex 0.39182 0.60991 0.02000
vertex 0.39182 0.65009 0.02000
endloop
endfacet
facet normal -0.95106 0.00000 0.30902
outer loop
vertex 0.38001 0.60991 -0.01634
vertex 0.39182 0.65009 0.02000
vertex 0.38001 0.65009 -0.01634
endloop
endfacet
facet normal -0.78244 -0.56847 -0.25423
outer loop
vertex 0.39182 0.65009 0.02000
vertex 0.38001 0.65009 0.05634
vertex 0.36091 0.68259 0.04246
endloop
endfacet
facet normal -0.78244 -0.56847 -0.25423
outer loop
vertex 0.39182 0.65009 0.02000
vertex 0.36091 0.68259 0.04246
vertex 0.36821 0.68259 0.02000
endloop
endfacet
facet normal -0.48357 -0.56847 -0.66558
outer loop
vertex 0.38001 0.65009 0.05634
vertex 0.34910 0.65009 0.07879
vertex 0.34181 0.68259 0.05634
endloop
endfacet
facet normal -0.48357 -0.56847 -0.66558
outer loop
vertex 0.38001 0.65009 0.05634
vertex 0.34181 0.68259 0.05634
vertex 0.36091 0.68259 0.04246
endloop
endfacet
facet normal 0.00000 -0.56847 -0.82270
outer loop
vertex 0.34910 0.65009 0.07879
vertex 0.31090 0.65009 0.07879
vertex 0.31819 0.68259 0.05634
endloop
endfacet
facet normal -0.00000 -0.56847 -0.82270
outer loop
vertex 0.34910 0.65009 0.07879
vertex 0.31819 0.68259 0.05634
vertex 0.34181 0.68259 0.05634
endloop
endfacet
facet normal 0.48357 -0.56847 -0.66558
outer loop
vertex 0.31090 0.65009 0.07879
vertex 0.27999 0.65009 0.05634
vertex 0.29909 0.68259 0.04246
endloop
endfacet
facet normal 0.48357 -0.56847 -0.66558
outer loop
vertex 0.31090 0.65009 0.07879
vertex 0.29909 0.68259 0.04246
vertex 0.31819 0.68259 0.05634
endloop
endfacet
facet normal 0.78244 -0.56847 -0.25423
outer loop
vertex 0.27999 0.65009 0.05634
vertex 0.26818 0.65009 0.02000
vertex 0.29179 0.68259 0.02000
endloop
endfacet
facet normal 0.78244 -0.56847 -0.25423
outer loop
vertex 0.27999 0.65009 0.05634
vertex 0.29179 0.68259 0.02000
vertex 0.29909 0.68259 0.04246
endloop
endfacet
facet normal 0.78244 -0.56847 0.25423
outer loop
vertex 0.26818 0.65009 0.02000
vertex 0.27999 0.65009 -0.01634
vertex 0.29909 0.68259 -0.00246
endloop
endfacet
facet normal 0.78244 -0.56847 0.25423
outer loop
vertex 0.26818 0.65009 0.02000
vertex 0.29909 0.68259 -0.00246
vertex 0.29179 0.68259 0.02000
endloop
endfacet
facet normal 0.48357 -0.56847 0.66558
outer loop
vertex 0.27999 0.65009 -0.01634
vertex 0.31090 0.65009 -0.03879
vertex 0.31819 0.68259 -0.01634
endloop
endfacet
facet normal 0.48357 -0.56847 0.66558
outer loop
vertex 0.27999 0.65009 -0.01634
vertex 0.31819 0.68259 -0.01634
vertex 0.29909 0.68259 -0.00246
endloop
endfacet
facet normal 0.00000 -0.56847 0.82270
outer loop
vertex 0.31090 0.65009 -0.03879
vertex 0.34910 0.65009 -0.03879
vertex 0.34181 0.68259 -0.01634
endloop
endfacet
facet normal 0.00000 -0.56847 0.82270
outer loop
vertex 0.31090 0.65009 -0.03879
vertex 0.34181 0.68259 -0.01634
vertex 0.31819 0.68259 -0.01634
endloop
endfacet
facet normal -0.48357 -0.56847 0.66558
outer loop
vertex 0.34910 0.65009 -0.03879
vertex 0.38001 0.65009 -0.01634
vertex 0.36091 0.68259 -0.00246
endloop
endfacet
facet normal -0.48357 -0.56847 0.66558
outer loop
vertex 0.34910 0.65009 -0.03879
vertex 0.36091 0.68259 -0.00246
vertex 0.34181 0.68259 -0.01634
endloop
endfacet
facet normal -0.78244 -0.56847 0.25423
outer loop
vertex 0.38001 0.65009 -0.01634
vertex 0.39182 0.65009 0.02000
vertex 0.36821 0.68259 0.02000
endloop
endfacet
facet normal -0.78244 -0.56847 0.25423
outer loop
vertex 0.38001 0.65009 -0.01634
vertex 0.36821 0.68259 0.02000
vertex 0.36091 0.68259 -0.00246
endloop
endfacet
facet normal -0.30747 -0.94630 -0.09990
outer loop
vertex 0.36821 0.68259 0.02000
vertex 0.36091 0.68259 0.04246
vertex 0.33000 0.69500 0.02000
endloop
endfacet
facet normal -0.30902 -0.95106 0.00000
outer loop
vertex 0.36821 0.68259 0.02000
vertex 0.33000 0.69500 0.02000
vertex 0.33000 0.69500 0.02000
endloop
endfacet
facet normal -0.19003 -0.94630 -0.26155
outer loop
vertex 0.36091 0.68259 0.04246
vertex 0.34181 0.68259 0.05634
vertex 0.33000 0.69500 0.02000
endloop
endfacet
facet normal 0.00000 0.00000 0.00000
outer loop
vertex 0.36091 0.68259 0.04246
vertex 0.33000 0.69500 0.02000
vertex 0.33000 0.69500 0.02000
endloop
endfacet
facet normal -0.00000 -0.94630 -0.32329
outer loop
vertex 0.34181 0.68259 0.05634
vertex 0.31819 0.68259 0.05634
vertex 0.33000 0.69500 0.02000
endloop
endfacet
facet normal 0.00000 0.00000 0.00000
outer loop
vertex 0.34181 0.68259 0.05634
vertex 0.33000 0.69500 0.02000
vertex 0.33000 0.69500 0.02000
endloop
endfacet
facet normal 0.19003 -0.94630 -0.26155
outer loop
vertex 0.31819 0.68259 0.05634
vertex 0.29909 0.68259 0.04246
vertex 0.33000 0.69500 0.02000
endloop
endfacet
facet normal 0.00000 0.00000 0.00000
outer loop
vertex 0.31819 0.68259 0.05634
vertex 0.33000 0.69500 0.02000
vertex 0.33000 0.69500 0.02000
endloop
endfacet
facet normal 0.30747 -0.94630 -0.09990
outer loop
vertex 0.29909 0.68259 0.04246
vertex 0.29179 0.68259 0.02000
vertex 0.33000 0.69500 0.02000
endloop
endfacet
facet normal 0.44721 -0.89443 0.00000
outer loop
vertex 0.29909 0.68259 0.04246
vertex 0.33000 0.69500 0.02000
vertex 0.33000 0.69500 0.02000
endloop
endfacet
facet normal 0.30747 -0.94630 0.09990
outer loop
vertex 0.29179 0.68259 0.02000
vertex 0.29909 0.68259 -0.00246
vertex 0.33000 0.69500 0.02000
endloop
endfacet
facet normal 0.30902 -0.95106 0.00000
outer loop
vertex 0.29179 0.68259 0.02000
vertex 0.33000 0.69500 0.02000
vertex 0.33000 0.69500 0.02000
endloop
endfacet
facet normal 0.19003 -0.94630 0.26155
outer loop
vertex 0.29909 0.68259 -0.00246
vertex 0.31819 0.68259 -0.01634
vertex 0.33000 0.69500 0.02000
endloop
endfacet
facet normal 0.00000 0.00000 0.00000
outer loop
vertex 0.29909 0.68259 -0.00246
vertex 0.33000 0.69500 0.02000
vertex 0.33000 0.69500 0.02000
endloop
endfacet
facet normal 0.00000 -0.94630 0.32329
outer loop
vertex 0.31819 0.68259 -0.01634
vertex 0.34181 0.68259 -0.01634
vertex 0.33000 0.69500 0.02000
endloop
endfacet
facet normal 0.00000 0.00000 0.00000
outer loop
vertex 0.31819 0.68259 -0.01634
vertex 0.33000 0.69500 0.02000
vertex 0.33000 0.69500 0.02000
endloop
endfacet
facet normal -0.19003 -0.94630 0.26155
outer loop
vertex 0.34181 0.68259 -0.01634
vertex 0.36091 0.68259 -0.00246
vertex 0.33000 0.69500 0.02000
endloop
endfacet
facet normal 0.00000 0.00000 0.00000
outer loop
vertex 0.34181 0.68259 -0.01634
vertex 0.33000 0.69500 0.02000
vertex 0.33000 0.69500 0.02000
endloop
endfacet
facet normal -0.30747 -0.94630 0.09990
outer loop
vertex 0.36091 0.68259 -0.00246
vertex 0.36821 0.68259 0.02000
vertex 0.33000 0.69500 0.02000
endloop
endfacet
facet normal -0.44721 -0.89443 0.00000
outer loop
vertex 0.36091 0.68259 -0.00246
vertex 0.33000 0.69500 0.02000
vertex 0.33000 0.69500 0.02000
endloop
endfacet
facet normal -0.95115 -0.21950 -0.21709
outer loop
vertex 0.32000 0.70000 0.00000
vertex 0.28831 0.70000 0.13884
vertex 0.18019 1.22000 0.08678
endloop
endfacet
facet normal -0.95115 -0.21950 -0.21709
outer loop
vertex 0.32000 0.70000 0.00000
vertex 0.18019 1.22000 0.08678
vertex 0.20000 1.22000 0.00000
endloop
endfacet
facet normal 0.00000 1.00000 0.00000
outer loop
vertex 0.00000 0.70000 0.00000
vertex 0.28831 0.70000 0.13884
vertex 0.32000 0.70000 0.00000
endloop
endfacet
facet normal 0.00000 -1.00000 0.00000
outer loop
vertex 0.00000 1.22000 0.00000
vertex 0.20000 1.22000 0.00000
vertex 0.18019 1.22000 0.08678
endloop
endfacet
facet normal -0.76277 -0.21950 -0.60828
outer loop
vertex 0.28831 0.70000 0.13884
vertex 0.19952 0.70000 0.25019
vertex 0.12470 1.22000 0.15637
endloop
endfacet
facet normal -0.76277 -0.21950 -0.60828
outer loop
vertex 0.28831 0.70000 0.13884
vertex 0.12470 1.22000 0.15637
vertex 0.18019 1.22000 0.08678
endloop
endfacet
facet normal 0.00000 1.00000 0.00000
outer loop
vertex 0.00000 0.70000 0.00000
vertex 0.19952 0.70000 0.25019
vertex 0.28831 0.70000 0.13884
endloop
endfacet
facet normal 0.00000 -1.00000 0.00000
outer loop
vertex 0.00000 1.22000 0.00000
vertex 0.18019 1.22000 0.08678
vertex 0.12470 1.22000 0.15637
endloop
endfacet
facet normal -0.42330 -0.21950 -0.87900
outer loop
vertex 0.19952 0.70000 0.25019
vertex 0.07121 0.70000 0.31198
vertex 0.04450 1.22000 0.19499
endloop
endfacet
facet normal -0.42330 -0.21950 -0.87900
outer loop
vertex 0.19952 0.70000 0.25019
vertex 0.04450 1.22000 0.19499
vertex 0.12470 1.22000 0.15637
endloop
endfacet
facet normal 0.00000 1.00000 0.00000
outer loop
vertex 0.00000 0.70000 0.00000
vertex 0.07121 0.70000 0.31198
vertex 0.19952 0.70000 0.25019
endloop
endfacet
facet normal 0.00000 -1.00000 0.00000
outer loop
vertex 0.00000 1.22000 0.00000
vertex 0.12470 1.22000 0.15637
vertex 0.04450 1.22000 0.19499
endloop
endfacet
facet normal 0.00000 -0.21950 -0.97561
outer loop
vertex 0.07121 0.70000 0.31198
vertex -0.07121 0.70000 0.31198
vertex -0.04450 1.22000 0.19499
endloop
endfacet
facet normal 0.00000 -0.21950 -0.97561
outer loop
vertex 0.07121 0.70000 0.31198
vertex -0.04450 1.22000 0.19499
vertex 0.04450 1.22000 0.19499
endloop
endfacet
facet normal 0.00000 1.00000 0.00000
outer loop
vertex 0.00000 0.70000 0.00000
vertex -0.07121 0.70000 0.31198
vertex 0.07121 0.70000 0.31198
endloop
endfacet
facet normal 0.00000 -1.00000 0.00000
outer loop
vertex 0.00000 1.22000 0.00000
vertex 0.04450 1.22000 0.19499
vertex -0.04450 1.22000 0.19499
endloop
endfacet
facet normal 0.42330 -0.21950 -0.87900
outer loop
vertex -0.07121 0.70000 0.31198
vertex -0.19952 0.70000 0.25019
vertex -0.12470 1.22000 0.15637
endloop
endfacet
facet normal 0.42330 -0.21950 -0.87900
outer loop
vertex -0.07121 0.70000 0.31198
vertex -0.12470 1.22000 0.15637
vertex -0.04450 1.22000 0.19499
endloop
endfacet
facet normal 0.00000 1.00000 0.00000
outer loop
vertex 0.00000 0.70000 0.00000
vertex -0.19952 0.70000 0.25019
vertex -0.07121 0.70000 0.31198
endloop
endfacet
facet normal 0.00000 -1.00000 0.00000
outer loop
vertex 0.00000 1.22000 0.00000
vertex -0.04450 1.22000 0.19499
vertex -0.12470 1.22000 0.15637
endloop
endfacet
facet normal 0.76277 -0.21950 -0.60828
outer loop
vertex -0.19952 0.70000 0.25019
vertex -0.28831 0.70000 0.13884
vertex -0.18019 1.22000 0.08678
endloop
endfacet
facet normal 0.76277 -0.21950 -0.60828
outer loop
vertex -0.19952 0.70000 0.25019
vertex -0.18019 1.22000 0.08678
vertex -0.12470 1.22000 0.15637
endloop
endfacet
facet normal 0.00000 1.00000 0.00000
outer loop
vertex 0.00000 0.70000 0.00000
vertex -0.28831 0.70000 0.13884
vertex -0.19952 0.70000 0.25019
endloop
endfacet
facet normal 0.00000 -1.00000 0.00000
outer loop
vertex 0.00000 1.22000 0.00000
vertex -0.12470 1.22000 0.15637
vertex -0.18019 1.22000 0.08678
endloop
endfacet
facet normal 0.95115 -0.21950 -0.21709
outer loop
vertex -0.28831 0.70000 0.13884
vertex -0.32000 0.70000 0.00000
vertex -0.20000 1.22000 0.00000
endloop
endfacet
facet normal 0.95115 -0.21950 -0.21709
outer loop
vertex -0.28831 0.70000 0.13884
vertex -0.20000 1.22000 0.00000
vertex -0.18019 1.22000 0.08678
endloop
endfacet
facet normal 0.00000 1.00000 0.00000
outer loop
vertex 0.00000 0.70000 0.00000
vertex -0.32000 0.70000 0.00000
vertex -0.28831 0.70000 0.13884
endloop
endfacet
facet normal 0.00000 -1.00000 0.00000
outer loop
vertex 0.00000 1.22000 0.00000
vertex -0.18019 1.22000 0.08678
vertex -0.20000 1.22000 0.00000
endloop
endfacet
facet normal 0.95115 -0.21950 0.21709
outer loop
vertex -0.32000 0.70000 0.00000
vertex -0.28831 0.70000 -0.13884
vertex -0.18019 1.22000 -0.08678
endloop
endfacet
facet normal 0.95115 -0.21950 0.21709
outer loop
vertex -0.32000 0.70000 0.00000
vertex -0.18019 1.22000 -0.08678
vertex -0.20000 1.22000 0.00000
endloop
endfacet
facet normal 0.00000 1.00000 0.00000
outer loop
vertex 0.00000 0.70000 0.00000
vertex -0.28831 0.70000 -0.13884
vertex -0.32000 0.70000 0.00000
endloop
endfacet
facet normal 0.00000 -1.00000 0.00000
outer loop
vertex 0.00000 1.22000 0.00000
vertex -0.20000 1.22000 0.00000
vertex -0.18019 1.22000 -0.08678
endloop
endfacet
facet normal 0.76277 -0.21950 0.60828
outer loop
vertex -0.28831 0.70000 -0.13884
vertex -0.19952 0.70000 -0.25019
vertex -0.12470 1.22000 -0.15637
endloop
endfacet
facet normal 0.76277 -0.21950 0.60828
outer loop
vertex -0.28831 0.70000 -0.13884
vertex -0.12470 1.22000 -0.15637
vertex -0.18019 1.22000 -0.08678
endloop
endfacet
facet normal 0.00000 1.00000 0.00000
outer loop
vertex 0.00000 0.70000 0.00000
vertex -0.19952 0.70000 -0.25019
vertex -0.28831 0.70000 -0.13884
endloop
endfacet
facet normal 0.00000 -1.00000 0.00000
outer loop
vertex 0.00000 1.22000 0.00000
vertex -0.18019 1.22000 -0.08678
vertex -0.12470 1.22000 -0.15637
endloop
endfacet
facet normal 0.42330 -0.21950 0.87900
outer loop
vertex -0.19952 0.70000 -0.25019
vertex -0.07121 0.70000 -0.31198
vertex -0.04450 1.22000 -0.19499
endloop
endfacet
facet normal 0.42330 -0.21950 0.87900
outer loop
vertex -0.19952 0.70000 -0.25019
vertex -0.04450 1.22000 -0.19499
vertex -0.12470 1.22000 -0.15637
endloop
endfacet
facet normal 0.00000 1.00000 0.00000
outer loop
vertex 0.00000 0.70000 0.00000
vertex -0.07121 0.70000 -0.31198
vertex -0.19952 0.70000 -0.25019
endloop
endfacet
facet normal 0.00000 -1.00000 0.00000
outer loop
vertex 0.00000 1.22000 0.00000
vertex -0.12470 1.22000 -0.15637
vertex -0.04450 1.22000 -0.19499
endloop
endfacet
facet normal 0.00000 -0.21950 0.97561
outer loop
vertex -0.07121 0.70000 -0.31198
vertex 0.07121 0.70000 -0.31198
vertex 0.04450 1.22000 -0.19499
endloop
endfacet
facet normal 0.00000 -0.21950 0.97561
outer loop
vertex -0.07121 0.70000 -0.31198
vertex 0.04450 1.22000 -0.19499
vertex -0.04450 1.22000 -0.19499
endloop
endfacet
facet normal 0.00000 1.00000 0.00000
outer loop
vertex 0.00000 0.70000 0.00000
vertex 0.07121 0.70000 -0.31198
vertex -0.07121 0.70000 -0.31198
endloop
endfacet
facet normal 0.00000 -1.00000 0.00000
outer loop
vertex 0.00000 1.22000 0.00000
vertex -0.04450 1.22000 -0.19499
vertex 0.04450 1.22000 -0.19499
endloop
endfacet
facet normal -0.42330 -0.21950 0.87900
outer loop
vertex 0.07121 0.70000 -0.31198
vertex 0.19952 0.70000 -0.25019
vertex 0.12470 1.22000 -0.15637
endloop
endfacet
facet normal -0.42330 -0.21950 0.87900
outer loop
vertex 0.07121 0.70000 -0.31198
vertex 0.12470 1.22000 -0.15637
vertex 0.04450 1.22000 -0.19499
endloop
endfacet
facet normal 0.00000 1.00000 0.00000
outer loop
vertex 0.00000 0.70000 0.00000
vertex 0.19952 0.70000 -0.25019
vertex 0.07121 0.70000 -0.31198
endloop
endfacet
facet normal 0.00000 -1.00000 0.00000
outer loop
vertex 0.00000 1.22000 0.00000
vertex 0.04450 1.22000 -0.19499
vertex 0.12470 1.22000 -0.15637
endloop
endfacet
facet normal -0.76277 -0.21950 0.60828
outer loop
vertex 0.19952 0.70000 -0.25019
vertex 0.28831 0.70000 -0.13884
vertex 0.18019 1.22000 -0.08678
endloop
endfacet
facet normal -0.76277 -0.21950 0.60828
outer loop
vertex 0.19952 0.70000 -0.25019
vertex 0.18019 1.22000 -0.08678
vertex 0.12470 1.22000 -0.15637
endloop
endfacet
facet normal 0.00000 1.00000 0.00000
outer loop
vertex 0.00000 0.70000 0.00000
vertex 0.28831 0.70000 -0.13884
vertex 0.19952 0.70000 -0.25019
endloop
endfacet
facet normal 0.00000 -1.00000 0.00000
outer loop
vertex 0.00000 1.22000 0.00000
vertex 0.12470 1.22000 -0.15637
vertex 0.18019 1.22000 -0.08678
endloop
endfacet
facet normal -0.95115 -0.21950 0.21709
outer loop
vertex 0.28831 0.70000 -0.13884
vertex 0.32000 0.70000 -0.00000
vertex 0.20000 1.22000 -0.00000
endloop
endfacet
facet normal -0.95115 -0.21950 0.21709
outer loop
vertex 0.28831 0.70000 -0.13884
vertex 0.20000 1.22000 -0.00000
vertex 0.18019 1.22000 -0.08678
endloop
endfacet
facet normal 0.00000 1.00000 0.00000
outer loop
vertex 0.00000 0.70000 0.00000
vertex 0.32000 0.70000 -0.00000
vertex 0.28831 0.70000 -0.13884
endloop
endfacet
facet normal 0.00000 -1.00000 0.00000
outer loop
vertex 0.00000 1.22000 0.00000
vertex 0.18019 1.22000 -0.08678
vertex 0.20000 1.22000 -0.00000
endloop
endfacet
facet normal -0.88745 -0.17256 -0.42738
outer loop
vertex 0.20500 1.61000 0.00000
vertex 0.18806 1.61000 0.03518
vertex 0.16623 1.79000 0.00782
endloop
endfacet
facet normal -0.88745 -0.17256 -0.42738
outer loop
vertex 0.20500 1.61000 0.00000
vertex 0.16623 1.79000 0.00782
vertex 0.17000 1.79000 0.00000
endloop
endfacet
facet normal 0.00000 1.00000 0.00000
outer loop
vertex 0.16000 1.61000 0.00000
vertex 0.18806 1.61000 0.03518
vertex 0.20500 1.61000 0.00000
endloop
endfacet
facet normal 0.00000 -1.00000 0.00000
outer loop
vertex 0.16000 1.79000 0.00000
vertex 0.17000 1.79000 0.00000
vertex 0.16623 1.79000 0.00782
endloop
endfacet
facet normal -0.21918 -0.17256 -0.96030
outer loop
vertex 0.18806 1.61000 0.03518
vertex 0.14999 1.61000 0.04387
vertex 0.15777 1.79000 0.00975
endloop
endfacet
facet normal -0.21918 -0.17256 -0.96030
outer loop
vertex 0.18806 1.61000 0.03518
vertex 0.15777 1.79000 0.00975
vertex 0.16623 1.79000 0.00782
endloop
endfacet
facet normal 0.00000 1.00000 0.00000
outer loop
vertex 0.16000 1.61000 0.00000
vertex 0.14999 1.61000 0.04387
vertex 0.18806 1.61000 0.03518
endloop
endfacet
facet normal 0.00000 -1.00000 0.00000
outer loop
vertex 0.16000 1.79000 0.00000
vertex 0.16623 1.79000 0.00782
vertex 0.15777 1.79000 0.00975
endloop
endfacet
facet normal 0.61414 -0.17256 -0.77010
outer loop
vertex 0.14999 1.61000 0.04387
vertex 0.11946 1.61000 0.01952
vertex 0.15099 1.79000 0.00434
endloop
endfacet
facet normal 0.61414 -0.17256 -0.77010
outer loop
vertex 0.14999 1.61000 0.04387
vertex 0.15099 1.79000 0.00434
vertex 0.15777 1.79000 0.00975
endloop
endfacet
facet normal 0.00000 1.00000 0.00000
outer loop
vertex 0.16000 1.61000 0.00000
vertex 0.11946 1.61000 0.01952
vertex 0.14999 1.61000 0.04387
endloop
endfacet
facet normal 0.00000 -1.00000 0.00000
outer loop
vertex 0.16000 1.79000 0.00000
vertex 0.15777 1.79000 0.00975
vertex 0.15099 1.79000 0.00434
endloop
endfacet
facet normal 0.98500 -0.17256 0.00000
outer loop
vertex 0.11946 1.61000 0.01952
vertex 0.11946 1.61000 -0.01952
vertex 0.15099 1.79000 -0.00434
endloop
endfacet
facet normal 0.98500 -0.17256 0.00000
outer loop
vertex 0.11946 1.61000 0.01952
vertex 0.15099 1.79000 -0.00434
vertex 0.15099 1.79000 0.00434
endloop
endfacet
facet normal 0.00000 1.00000 0.00000
outer loop
vertex 0.16000 1.61000 0.00000
vertex 0.11946 1.61000 -0.01952
vertex 0.11946 1.61000 0.01952
endloop
endfacet
facet normal 0.00000 -1.00000 0.00000
outer loop
vertex 0.16000 1.79000 0.00000
vertex 0.15099 1.79000 0.00434
vertex 0.15099 1.79000 -0.00434
endloop
endfacet
facet normal 0.61414 -0.17256 0.77010
outer loop
vertex 0.11946 1.61000 -0.01952
vertex 0.14999 1.61000 -0.04387
vertex 0.15777 1.79000 -0.00975
endloop
endfacet
facet normal 0.61414 -0.17256 0.77010
outer loop
vertex 0.11946 1.61000 -0.01952
vertex 0.15777 1.79000 -0.00975
vertex 0.15099 1.79000 -0.00434
endloop
endfacet
facet normal 0.00000 1.00000 0.00000
outer loop
vertex 0.16000 1.61000 0.00000
vertex 0.14999 1.61000 -0.04387
vertex 0.11946 1.61000 -0.01952
endloop
endfacet
facet normal 0.00000 -1.00000 0.00000
outer loop
vertex 0.16000 1.79000 0.00000
vertex 0.15099 1.79000 -0.00434
vertex 0.15777 1.79000 -0.00975
endloop
endfacet
facet normal -0.21918 -0.17256 0.96030
outer loop
vertex 0.14999 1.61000 -0.04387
vertex 0.18806 1.61000 -0.03518
vertex 0.16623 1.79000 -0.00782
endloop
endfacet
facet normal -0.21918 -0.17256 0.96030
outer loop
vertex 0.14999 1.61000 -0.04387
vertex 0.16623 1.79000 -0.00782
vertex 0.15777 1.79000 -0.00975
endloop
endfacet
facet normal 0.00000 1.00000 0.00000
outer loop
vertex 0.16000 1.61000 0.00000
vertex 0.18806 1.61000 -0.03518
vertex 0.14999 1.61000 -0.04387
endloop
endfacet
facet normal 0.00000 -1.00000 0.00000
outer loop
vertex 0.16000 1.79000 0.00000
vertex 0.15777 1.79000 -0.00975
vertex 0.16623 1.79000 -0.00782
endloop
endfacet
facet normal -0.88745 -0.17256 0.42738
outer loop
vertex 0.18806 1.61000 -0.03518
vertex 0.20500 1.61000 -0.00000
vertex 0.17000 1.79000 -0.00000
endloop
endfacet
facet normal -0.88745 -0.17256 0.42738
outer loop
vertex 0.18806 1.61000 -0.03518
vertex 0.17000 1.79000 -0.00000
vertex 0.16623 1.79000 -0.00782
endloop
endfacet
facet normal 0.00000 1.00000 0.00000
outer loop
vertex 0.16000 1.61000 0.00000
vertex 0.20500 1.61000 -0.00000
vertex 0.18806 1.61000 -0.03518
endloop
endfacet
facet normal 0.00000 -1.00000 0.00000
outer loop
vertex 0.16000 1.79000 0.00000
vertex 0.16623 1.79000 -0.00782
vertex 0.17000 1.79000 -0.00000
endloop
endfacet
facet normal -0.88745 -0.17256 -0.42738
outer loop
vertex 0.12500 1.61000 0.13856
vertex 0.10806 1.61000 0.17375
vertex 0.08623 1.79000 0.14638
endloop
endfacet
facet normal -0.88745 -0.17256 -0.42738
outer loop
vertex 0.12500 1.61000 0.13856
vertex 0.08623 1.79000 0.14638
vertex 0.09000 1.79000 0.13856
endloop
endfacet
facet normal 0.00000 1.00000 0.00000
outer loop
vertex 0.08000 1.61000 0.13856
vertex 0.10806 1.61000 0.17375
vertex 0.12500 1.61000 0.13856
endloop
endfacet
facet normal 0.00000 -1.00000 0.00000
outer loop
vertex 0.08000 1.79000 0.13856
vertex 0.09000 1.79000 0.13856
vertex 0.08623 1.79000 0.14638
endloop
endfacet
facet normal -0.21918 -0.17256 -0.96030
outer loop
vertex 0.10806 1.61000 0.17375
vertex 0.06999 1.61000 0.18244
vertex 0.07777 1.79000 0.14831
endloop
endfacet
facet normal -0.21918 -0.17256 -0.96030
outer loop
vertex 0.10806 1.61000 0.17375
vertex 0.07777 1.79000 0.14831
vertex 0.08623 1.79000 0.14638
endloop
endfacet
facet normal 0.00000 1.00000 0.00000
outer loop
vertex 0.08000 1.61000 0.13856
vertex 0.06999 1.61000 0.18244
vertex 0.10806 1.61000 0.17375
endloop
endfacet
facet normal 0.00000 -1.00000 0.00000
outer loop
vertex 0.08000 1.79000 0.13856
vertex 0.08623 1.79000 0.14638
vertex 0.07777 1.79000 0.14831
endloop
endfacet
facet normal 0.61414 -0.17256 -0.77010
outer loop
vertex 0.06999 1.61000 0.18244
vertex 0.03946 1.61000 0.15809
vertex 0.07099 1.79000 0.14290
endloop
endfacet
facet normal 0.61414 -0.17256 -0.77010
outer loop
vertex 0.06999 1.61000 0.18244
vertex 0.07099 1.79000 0.14290
vertex 0.07777 1.79000 0.14831
endloop
endfacet
facet normal 0.00000 1.00000 0.00000
outer loop
vertex 0.08000 1.61000 0.13856
vertex 0.03946 1.61000 0.15809
vertex 0.06999 1.61000 0.18244
endloop
endfacet
facet normal 0.00000 -1.00000 0.00000
outer loop
vertex 0.08000 1.79000 0.13856
vertex 0.07777 1.79000 0.14831
vertex 0.07099 1.79000 0.14290
endloop
endfacet
facet normal 0.98500 -0.17256 0.00000
outer loop
vertex 0.03946 1.61000 0.15809
vertex 0.03946 1.61000 0.11904
vertex 0.07099 1.79000 0.13423
endloop
endfacet
facet normal 0.98500 -0.17256 0.00000
outer loop
vertex 0.03946 1.61000 0.15809
vertex 0.07099 1.79000 0.13423
vertex 0.07099 1.79000 0.14290
endloop
endfacet
facet normal 0.00000 1.00000 0.00000
outer loop
vertex 0.08000 1.61000 0.13856
vertex 0.03946 1.61000 0.11904
vertex 0.03946 1.61000 0.15809
endloop
endfacet
facet normal 0.00000 -1.00000 0.00000
outer loop
vertex 0.08000 1.79000 0.13856
vertex 0.07099 1.79000 0.14290
vertex 0.07099 1.79000 0.13423
endloop
endfacet
facet normal 0.61414 -0.17256 0.77010
outer loop
vertex 0.03946 1.61000 0.11904
vertex 0.06999 1.61000 0.09469
vertex 0.07777 1.79000 0.12881
endloop
endfacet
facet normal 0.61414 -0.17256 0.77010
outer loop
vertex 0.03946 1.61000 0.11904
vertex 0.07777 1.79000 0.12881
vertex 0.07099 1.79000 0.13423
endloop
endfacet
facet normal 0.00000 1.00000 0.00000
outer loop
vertex 0.08000 1.61000 0.13856
vertex 0.06999 1.61000 0.09469
vertex 0.03946 1.61000 0.11904
endloop
endfacet
facet normal 0.00000 -1.00000 0.00000
outer loop
vertex 0.08000 1.79000 0.13856
vertex 0.07099 1.79000 0.13423
vertex 0.07777 1.79000 0.12881
endloop
endfacet
facet normal -0.21918 -0.17256 0.96030
outer loop
vertex 0.06999 1.61000 0.09469
vertex 0.10806 1.61000 0.10338
vertex 0.08623 1.79000 0.13075
endloop
endfacet
facet normal -0.21918 -0.17256 0.96030
outer loop
vertex 0.06999 1.61000 0.09469
vertex 0.08623 1.79000 0.13075
vertex 0.07777 1.79000 0.12881
endloop
endfacet
facet normal 0.00000 1.00000 0.00000
outer loop
vertex 0.08000 1.61000 0.13856
vertex 0.10806 1.61000 0.10338
vertex 0.06999 1.61000 0.09469
endloop
endfacet
facet normal 0.00000 -1.00000 0.00000
outer loop
vertex 0.08000 1.79000 0.13856
vertex 0.07777 1.79000 0.12881
vertex 0.08623 1.79000 0.13075
endloop
endfacet
facet normal -0.88745 -0.17256 0.42738
outer loop
vertex 0.10806 1.61000 0.10338
vertex 0.12500 1.61000 0.13856
vertex 0.09000 1.79000 0.13856
endloop
endfacet
facet normal -0.88745 -0.17256 0.42738
outer loop
vertex 0.10806 1.61000 0.10338
vertex 0.09000 1.79000 0.13856
vertex 0.08623 1.79000 0.13075
endloop
endfacet
facet normal 0.00000 1.00000 0.00000
outer loop
vertex 0.08000 1.61000 0.13856
vertex 0.12500 1.61000 0.13856
vertex 0.10806 1.61000 0.10338
endloop
endfacet
facet normal 0.00000 -1.00000 0.00000
outer loop
vertex 0.08000 1.79000 0.13856
vertex 0.08623 1.79000 0.13075
vertex 0.09000 1.79000 0.13856
endloop
endfacet
facet normal -0.88745 -0.17256 -0.42738
outer loop
vertex -0.03500 1.61000 0.13856
vertex -0.05194 1.61000 0.17375
vertex -0.07377 1.79000 0.14638
endloop
endfacet
facet normal -0.88745 -0.17256 -0.42738
outer loop
vertex -0.03500 1.61000 0.13856
vertex -0.07377 1.79000 0.14638
vertex -0.07000 1.79000 0.13856
endloop
endfacet
facet normal 0.00000 1.00000 0.00000
outer loop
vertex -0.08000 1.61000 0.13856
vertex -0.05194 1.61000 0.17375
vertex -0.03500 1.61000 0.13856
endloop
endfacet
facet normal 0.00000 -1.00000 0.00000
outer loop
vertex -0.08000 1.79000 0.13856
vertex -0.07000 1.79000 0.13856
vertex -0.07377 1.79000 0.14638
endloop
endfacet
facet normal -0.21918 -0.17256 -0.96030
outer loop
vertex -0.05194 1.61000 0.17375
vertex -0.09001 1.61000 0.18244
vertex -0.08223 1.79000 0.14831
endloop
endfacet
facet normal -0.21918 -0.17256 -0.96030
outer loop
vertex -0.05194 1.61000 0.17375
vertex -0.08223 1.79000 0.14831
vertex -0.07377 1.79000 0.14638
endloop
endfacet
facet normal 0.00000 1.00000 0.00000
outer loop
vertex -0.08000 1.61000 0.13856
vertex -0.09001 1.61000 0.18244
vertex -0.05194 1.61000 0.17375
endloop
endfacet
facet normal 0.00000 -1.00000 0.00000
outer loop
vertex -0.08000 1.79000 0.13856
vertex -0.07377 1.79000 0.14638
vertex -0.08223 1.79000 0.14831
endloop
endfacet
facet normal 0.61414 -0.17256 -0.77010
outer loop
vertex -0.09001 1.61000 0.18244
vertex -0.12054 1.61000 0.15809
vertex -0.08901 1.79000 0.14290
endloop
endfacet
facet normal 0.61414 -0.17256 -0.77010
outer loop
vertex -0.09001 1.61000 0.18244
vertex -0.08901 1.79000 0.14290
vertex -0.08223 1.79000 0.14831
endloop
endfacet
facet normal 0.00000 1.00000 0.00000
outer loop
vertex -0.08000 1.61000 0.13856
vertex -0.12054 1.61000 0.15809
vertex -0.09001 1.61000 0.18244
endloop
endfacet
facet normal 0.00000 -1.00000 0.00000
outer loop
vertex -0.08000 1.79000 0.13856
vertex -0.08223 1.79000 0.14831
vertex -0.08901 1.79000 0.14290
endloop
endfacet
facet normal 0.98500 -0.17256 0.00000
outer loop
vertex -0.12054 1.61000 0.15809
vertex -0.12054 1.61000 0.11904
vertex -0.08901 1.79000 0.13423
endloop
endfacet
facet normal 0.98500 -0.17256 0.00000
outer loop
vertex -0.12054 1.61000 0.15809
vertex -0.08901 1.79000 0.13423
vertex -0.08901 1.79000 0.14290
endloop
endfacet
facet normal 0.00000 1.00000 0.00000
outer loop
vertex -0.08000 1.61000 0.13856
vertex -0.12054 1.61000 0.11904
vertex -0.12054 1.61000 0.15809
endloop
endfacet
facet normal 0.00000 -1.00000 0.00000
outer loop
vertex -0.08000 1.79000 0.13856
vertex -0.08901 1.79000 0.14290
vertex -0.08901 1.79000 0.13423
endloop
endfacet
facet normal 0.61414 -0.17256 0.77010
outer loop
vertex -0.12054 1.61000 0.11904
vertex -0.09001 1.61000 0.09469
vertex -0.08223 1.79000 0.12881
endloop
endfacet
facet normal 0.61414 -0.17256 0.77010
outer loop
vertex -0.12054 1.61000 0.11904
vertex -0.08223 1.79000 0.12881
vertex -0.08901 1.79000 0.13423
endloop
endfacet
facet normal 0.00000 1.00000 0.00000
outer loop
vertex -0.08000 1.61000 0.13856
vertex -0.09001 1.61000 0.09469
vertex -0.12054 1.61000 0.11904
endloop
endfacet
facet normal 0.00000 -1.00000 0.00000
outer loop
vertex -0.08000 1.79000 0.13856
vertex -0.08901 1.79000 0.13423
vertex -0.08223 1.79000 0.12881
endloop
endfacet
facet normal -0.21918 -0.17256 0.96030
outer loop
vertex -0.09001 1.61000 0.09469
vertex -0.05194 1.61000 0.10338
vertex -0.07377 1.79000 0.13075
endloop
endfacet
facet normal -0.21918 -0.17256 0.96030
outer loop
vertex -0.09001 1.61000 0.09469
vertex -0.07377 1.79000 0.13075
vertex -0.08223 1.79000 0.12881
endloop
endfacet
facet normal 0.00000 1.00000 0.00000
outer loop
vertex -0.08000 1.61000 0.13856
vertex -0.05194 1.61000 0.10338
vertex -0.09001 1.61000 0.09469
endloop
endfacet
facet normal 0.00000 -1.00000 0.00000
outer loop
vertex -0.08000 1.79000 0.13856
vertex -0.08223 1.79000 0.12881
vertex -0.07377 1.79000 0.13075
endloop
endfacet
facet normal -0.88745 -0.17256 0.42738
outer loop
vertex -0.05194 1.61000 0.10338
vertex -0.03500 1.61000 0.13856
vertex -0.07000 1.79000 0.13856
endloop
endfacet
facet normal -0.88745 -0.17256 0.42738
outer loop
vertex -0.05194 1.61000 0.10338
vertex -0.07000 1.79000 0.13856
vertex -0.07377 1.79000 0.13075
endloop
endfacet
facet normal 0.00000 1.00000 0.00000
outer loop
vertex -0.08000 1.61000 0.13856
vertex -0.03500 1.61000 0.13856
vertex -0.05194 1.61000 0.10338
endloop
endfacet
facet normal 0.00000 -1.00000 0.00000
outer loop
vertex -0.08000 1.79000 0.13856
vertex -0.07377 1.79000 0.13075
vertex -0.07000 1.79000 0.13856
endloop
endfacet
facet normal -0.88745 -0.17256 -0.42738
outer loop
vertex -0.11500 1.61000 0.00000
vertex -0.13194 1.61000 0.03518
vertex -0.15377 1.79000 0.00782
endloop
endfacet
facet normal -0.88745 -0.17256 -0.42738
outer loop
vertex -0.11500 1.61000 0.00000
vertex -0.15377 1.79000 0.00782
vertex -0.15000 1.79000 0.00000
endloop
endfacet
facet normal 0.00000 1.00000 0.00000
outer loop
vertex -0.16000 1.61000 0.00000
vertex -0.13194 1.61000 0.03518
vertex -0.11500 1.61000 0.00000
endloop
endfacet
facet normal 0.00000 -1.00000 0.00000
outer loop
vertex -0.16000 1.79000 0.00000
vertex -0.15000 1.79000 0.00000
vertex -0.15377 1.79000 0.00782
endloop
endfacet
facet normal -0.21918 -0.17256 -0.96030
outer loop
vertex -0.13194 1.61000 0.03518
vertex -0.17001 1.61000 0.04387
vertex -0.16223 1.79000 0.00975
endloop
endfacet
facet normal -0.21918 -0.17256 -0.96030
outer loop
vertex -0.13194 1.61000 0.03518
vertex -0.16223 1.79000 0.00975
vertex -0.15377 1.79000 0.00782
endloop
endfacet
facet normal 0.00000 1.00000 0.00000
outer loop
vertex -0.16000 1.61000 0.00000
vertex -0.17001 1.61000 0.04387
vertex -0.13194 1.61000 0.03518
endloop
endfacet
facet normal 0.00000 -1.00000 0.00000
outer loop
vertex -0.16000 1.79000 0.00000
vertex -0.15377 1.79000 0.00782
vertex -0.16223 1.79000 0.00975
endloop
endfacet
facet normal 0.61414 -0.17256 -0.77010
outer loop
vertex -0.17001 1.61000 0.04387
vertex -0.20054 1.61000 0.01952
vertex -0.16901 1.79000 0.00434
endloop
endfacet
facet normal 0.61414 -0.17256 -0.77010
outer loop
vertex -0.17001 1.61000 0.04387
vertex -0.16901 1.79000 0.00434
vertex -0.16223 1.79000 0.00975
endloop
endfacet
facet normal 0.00000 1.00000 0.00000
outer loop
vertex -0.16000 1.61000 0.00000
vertex -0.20054 1.61000 0.01952
vertex -0.17001 1.61000 0.04387
endloop
endfacet
facet normal 0.00000 -1.00000 0.00000
outer loop
vertex -0.16000 1.79000 0.00000
vertex -0.16223 1.79000 0.00975
vertex -0.16901 1.79000 0.00434
endloop
endfacet
facet normal 0.98500 -0.17256 0.00000
outer loop
vertex -0.20054 1.61000 0.01952
vertex -0.20054 1.61000 -0.01952
vertex -0.16901 1.79000 -0.00434
endloop
endfacet
facet normal 0.98500 -0.17256 0.00000
outer loop
vertex -0.20054 1.61000 0.01952
vertex -0.16901 1.79000 -0.00434
vertex -0.16901 1.79000 0.00434
endloop
endfacet
facet normal 0.00000 1.00000 0.00000
outer loop
vertex -0.16000 1.61000 0.00000
vertex -0.20054 1.61000 -0.01952
vertex -0.20054 1.61000 0.01952
endloop
endfacet
facet normal 0.00000 -1.00000 0.00000
outer loop
vertex -0.16000 1.79000 0.00000
vertex -0.16901 1.79000 0.00434
vertex -0.16901 1.79000 -0.00434
endloop
endfacet
facet normal 0.61414 -0.17256 0.77010
outer loop
vertex -0.20054 1.61000 -0.01952
vertex -0.17001 1.61000 -0.04387
vertex -0.16223 1.79000 -0.00975
endloop
endfacet
facet normal 0.61414 -0.17256 0.77010
outer loop
vertex -0.20054 1.61000 -0.01952
vertex -0.16223 1.79000 -0.00975
vertex -0.16901 1.79000 -0.00434
endloop
endfacet
facet normal 0.00000 1.00000 0.00000
outer loop
vertex -0.16000 1.61000 0.00000
vertex -0.17001 1.61000 -0.04387
vertex -0.20054 1.61000 -0.01952
endloop
endfacet
facet normal 0.00000 -1.00000 0.00000
outer loop
vertex -0.16000 1.79000 0.00000
vertex -0.16901 1.79000 -0.00434
vertex -0.16223 1.79000 -0.00975
endloop
endfacet
facet normal -0.21918 -0.17256 0.96030
outer loop
vertex -0.17001 1.61000 -0.04387
vertex -0.13194 1.61000 -0.03518
vertex -0.15377 1.79000 -0.00782
endloop
endfacet
facet normal -0.21918 -0.17256 0.96030
outer loop
vertex -0.17001 1.61000 -0.04387
vertex -0.15377 1.79000 -0.00782
vertex -0.16223 1.79000 -0.00975
endloop
endfacet
facet normal 0.00000 1.00000 0.00000
outer loop
vertex -0.16000 1.61000 0.00000
vertex -0.13194 1.61000 -0.03518
vertex -0.17001 1.61000 -0.04387
endloop
endfacet
facet normal 0.00000 -1.00000 0.00000
outer loop
vertex -0.16000 1.79000 0.00000
vertex -0.16223 1.79000 -0.00975
vertex -0.15377 1.79000 -0.00782
endloop
endfacet
facet normal -0.88745 -0.17256 0.42738
outer loop
vertex -0.13194 1.61000 -0.03518
vertex -0.11500 1.61000 0.00000
vertex -0.15000 1.79000 0.00000
endloop
endfacet
facet normal -0.88745 -0.17256 0.42738
outer loop
vertex -0.13194 1.61000 -0.03518
vertex -0.15000 1.79000 0.00000
vertex -0.15377 1.79000 -0.00782
endloop
endfacet
facet normal 0.00000 1.00000 0.00000
outer loop
vertex -0.16000 1.61000 0.00000
vertex -0.11500 1.61000 0.00000
vertex -0.13194 1.61000 -0.03518
endloop
endfacet
facet normal 0.00000 -1.00000 0.00000
outer loop
vertex -0.16000 1.79000 0.00000
vertex -0.15377 1.79000 -0.00782
vertex -0.15000 1.79000 0.00000
endloop
endfacet
facet normal -0.88745 -0.17256 -0.42738
outer loop
vertex -0.03500 1.61000 -0.13856
vertex -0.05194 1.61000 -0.10338
vertex -0.07377 1.79000 -0.13075
endloop
endfacet
facet normal -0.88745 -0.17256 -0.42738
outer loop
vertex -0.03500 1.61000 -0.13856
vertex -0.07377 1.79000 -0.13075
vertex -0.07000 1.79000 -0.13856
endloop
endfacet
facet normal 0.00000 1.00000 0.00000
outer loop
vertex -0.08000 1.61000 -0.13856
vertex -0.05194 1.61000 -0.10338
vertex -0.03500 1.61000 -0.13856
endloop
endfacet
facet normal 0.00000 -1.00000 0.00000
outer loop
vertex -0.08000 1.79000 -0.13856
vertex -0.07000 1.79000 -0.13856
vertex -0.07377 1.79000 -0.13075
endloop
endfacet
facet normal -0.21918 -0.17256 -0.96030
outer loop
vertex -0.05194 1.61000 -0.10338
vertex -0.09001 1.61000 -0.09469
vertex -0.08223 1.79000 -0.12881
endloop
endfacet
facet normal -0.21918 -0.17256 -0.96030
outer loop
vertex -0.05194 1.61000 -0.10338
vertex -0.08223 1.79000 -0.12881
vertex -0.07377 1.79000 -0.13075
endloop
endfacet
facet normal 0.00000 1.00000 0.00000
outer loop
vertex -0.08000 1.61000 -0.13856
vertex -0.09001 1.61000 -0.09469
vertex -0.05194 1.61000 -0.10338
endloop
endfacet
facet normal 0.00000 -1.00000 0.00000
outer loop
vertex -0.08000 1.79000 -0.13856
vertex -0.07377 1.79000 -0.13075
vertex -0.08223 1.79000 -0.12881
endloop
endfacet
facet normal 0.61414 -0.17256 -0.77010
outer loop
vertex -0.09001 1.61000 -0.09469
vertex -0.12054 1.61000 -0.11904
vertex -0.08901 1.79000 -0.13423
endloop
endfacet
facet normal 0.61414 -0.17256 -0.77010
outer loop
vertex -0.09001 1.61000 -0.09469
vertex -0.08901 1.79000 -0.13423
vertex -0.08223 1.79000 -0.12881
endloop
endfacet
facet normal 0.00000 1.00000 0.00000
outer loop
vertex -0.08000 1.61000 -0.13856
vertex -0.12054 1.61000 -0.11904
vertex -0.09001 1.61000 -0.09469
endloop
endfacet
facet normal 0.00000 -1.00000 0.00000
outer loop
vertex -0.08000 1.79000 -0.13856
vertex -0.08223 1.79000 -0.12881
vertex -0.08901 1.79000 -0.13423
endloop
endfacet
facet normal 0.98500 -0.17256 0.00000
outer loop
vertex -0.12054 1.61000 -0.11904
vertex -0.12054 1.61000 -0.15809
vertex -0.08901 1.79000 -0.14290
endloop
endfacet
facet normal 0.98500 -0.17256 0.00000
outer loop
vertex -0.12054 1.61000 -0.11904
vertex -0.08901 1.79000 -0.14290
vertex -0.08901 1.79000 -0.13423
endloop
endfacet
facet normal 0.00000 1.00000 0.00000
outer loop
vertex -0.08000 1.61000 -0.13856
vertex -0.12054 1.61000 -0.15809
vertex -0.12054 1.61000 -0.11904
endloop
endfacet
facet normal 0.00000 -1.00000 0.00000
outer loop
vertex -0.08000 1.79000 -0.13856
vertex -0.08901 1.79000 -0.13423
vertex -0.08901 1.79000 -0.14290
endloop
endfacet
facet normal 0.61414 -0.17256 0.77010
outer loop
vertex -0.12054 1.61000 -0.15809
vertex -0.09001 1.61000 -0.18244
vertex -0.08223 1.79000 -0.14831
endloop
endfacet
facet normal 0.61414 -0.17256 0.77010
outer loop
vertex -0.12054 1.61000 -0.15809
vertex -0.08223 1.79000 -0.14831
vertex -0.08901 1.79000 -0.14290
endloop
endfacet
facet normal 0.00000 1.00000 0.00000
outer loop
vertex -0.08000 1.61000 -0.13856
vertex -0.09001 1.61000 -0.18244
vertex -0.12054 1.61000 -0.15809
endloop
endfacet
facet normal 0.00000 -1.00000 0.00000
outer loop
vertex -0.08000 1.79000 -0.13856
vertex -0.08901 1.79000 -0.14290
vertex -0.08223 1.79000 -0.14831
endloop
endfacet
facet normal -0.21918 -0.17256 0.96030
outer loop
vertex -0.09001 1.61000 -0.18244
vertex -0.05194 1.61000 -0.17375
vertex -0.07377 1.79000 -0.14638
endloop
endfacet
facet normal -0.21918 -0.17256 0.96030
outer loop
vertex -0.09001 1.61000 -0.18244
vertex -0.07377 1.79000 -0.14638
vertex -0.08223 1.79000 -0.14831
endloop
endfacet
facet normal 0.00000 1.00000 0.00000
outer loop
vertex -0.08000 1.61000 -0.13856
vertex -0.05194 1.61000 -0.17375
vertex -0.09001 1.61000 -0.18244
endloop
endfacet
facet normal 0.00000 -1.00000 0.00000
outer loop
vertex -0.08000 1.79000 -0.13856
vertex -0.08223 1.79000 -0.14831
vertex -0.07377 1.79000 -0.14638
endloop
endfacet
facet normal -0.88745 -0.17256 0.42738
outer loop
vertex -0.05194 1.61000 -0.17375
vertex -0.03500 1.61000 -0.13856
vertex -0.07000 1.79000 -0.13856
endloop
endfacet
facet normal -0.88745 -0.17256 0.42738
outer loop
vertex -0.05194 1.61000 -0.17375
vertex -0.07000 1.79000 -0.13856
vertex -0.07377 1.79000 -0.14638
endloop
endfacet
facet normal 0.00000 1.00000 0.00000
outer loop
vertex -0.08000 1.61000 -0.13856
vertex -0.03500 1.61000 -0.13856
vertex -0.05194 1.61000 -0.17375
endloop
endfacet
facet normal 0.00000 -1.00000 0.00000
outer loop
vertex -0.08000 1.79000 -0.13856
vertex -0.07377 1.79000 -0.14638
vertex -0.07000 1.79000 -0.13856
endloop
endfacet
facet normal -0.88745 -0.17256 -0.42738
outer loop
vertex 0.12500 1.61000 -0.13856
vertex 0.10806 1.61000 -0.10338
vertex 0.08623 1.79000 -0.13075
endloop
endfacet
facet normal -0.88745 -0.17256 -0.42738
outer loop
vertex 0.12500 1.61000 -0.13856
vertex 0.08623 1.79000 -0.13075
vertex 0.09000 1.79000 -0.13856
endloop
endfacet
facet normal 0.00000 1.00000 0.00000
outer loop
vertex 0.08000 1.61000 -0.13856
vertex 0.10806 1.61000 -0.10338
vertex 0.12500 1.61000 -0.13856
endloop
endfacet
facet normal 0.00000 -1.00000 0.00000
outer loop
vertex 0.08000 1.79000 -0.13856
vertex 0.09000 1.79000 -0.13856
vertex 0.08623 1.79000 -0.13075
endloop
endfacet
facet normal -0.21918 -0.17256 -0.96030
outer loop
vertex 0.10806 1.61000 -0.10338
vertex 0.06999 1.61000 -0.09469
vertex 0.07777 1.79000 -0.12881
endloop
endfacet
facet normal -0.21918 -0.17256 -0.96030
outer loop
vertex 0.10806 1.61000 -0.10338
vertex 0.07777 1.79000 -0.12881
vertex 0.08623 1.79000 -0.13075
endloop
endfacet
facet normal 0.00000 1.00000 0.00000
outer loop
vertex 0.08000 1.61000 -0.13856
vertex 0.06999 1.61000 -0.09469
vertex 0.10806 1.61000 -0.10338
endloop
endfacet
facet normal 0.00000 -1.00000 0.00000
outer loop
vertex 0.08000 1.79000 -0.13856
vertex 0.08623 1.79000 -0.13075
vertex 0.07777 1.79000 -0.12881
endloop
endfacet
facet normal 0.61414 -0.17256 -0.77010
outer loop
vertex 0.06999 1.61000 -0.09469
vertex 0.03946 1.61000 -0.11904
vertex 0.07099 1.79000 -0.13423
endloop
endfacet
facet normal 0.61414 -0.17256 -0.77010
outer loop
vertex 0.06999 1.61000 -0.09469
vertex 0.07099 1.79000 -0.13423
vertex 0.07777 1.79000 -0.12881
endloop
endfacet
facet normal 0.00000 1.00000 0.00000
outer loop
vertex 0.08000 1.61000 -0.13856
vertex 0.03946 1.61000 -0.11904
vertex 0.06999 1.61000 -0.09469
endloop
endfacet
facet normal 0.00000 -1.00000 0.00000
outer loop
vertex 0.08000 1.79000 -0.13856
vertex 0.07777 1.79000 -0.12881
vertex 0.07099 1.79000 -0.13423
endloop
endfacet
facet normal 0.98500 -0.17256 0.00000
outer loop
vertex 0.03946 1.61000 -0.11904
vertex 0.03946 1.61000 -0.15809
vertex 0.07099 1.79000 -0.14290
endloop
endfacet
facet normal 0.98500 -0.17256 0.00000
outer loop
vertex 0.03946 1.61000 -0.11904
vertex 0.07099 1.79000 -0.14290
vertex 0.07099 1.79000 -0.13423
endloop
endfacet
facet normal 0.00000 1.00000 0.00000
outer loop
vertex 0.08000 1.61000 -0.13856
vertex 0.03946 1.61000 -0.15809
vertex 0.03946 1.61000 -0.11904
endloop
endfacet
facet normal 0.00000 -1.00000 0.00000
outer loop
vertex 0.08000 1.79000 -0.13856
vertex 0.07099 1.79000 -0.13423
vertex 0.07099 1.79000 -0.14290
endloop
endfacet
facet normal 0.61414 -0.17256 0.77010
outer loop
vertex 0.03946 1.61000 -0.15809
vertex 0.06999 1.61000 -0.18244
vertex 0.07777 1.79000 -0.14831
endloop
endfacet
facet normal 0.61414 -0.17256 0.77010
outer loop
vertex 0.03946 1.61000 -0.15809
vertex 0.07777 1.79000 -0.14831
vertex 0.07099 1.79000 -0.14290
endloop
endfacet
facet normal 0.00000 1.00000 0.00000
outer loop
vertex 0.08000 1.61000 -0.13856
vertex 0.06999 1.61000 -0.18244
vertex 0.03946 1.61000 -0.15809
endloop
endfacet
facet normal 0.00000 -1.00000 0.00000
outer loop
vertex 0.08000 1.79000 -0.13856
vertex 0.07099 1.79000 -0.14290
vertex 0.07777 1.79000 -0.14831
endloop
endfacet
facet normal -0.21918 -0.17256 0.96030
outer loop
vertex 0.06999 1.61000 -0.18244
vertex 0.10806 1.61000 -0.17375
vertex 0.08623 1.79000 -0.14638
endloop
endfacet
facet normal -0.21918 -0.17256 0.96030
outer loop
vertex 0.06999 1.61000 -0.18244
vertex 0.08623 1.79000 -0.14638
vertex 0.07777 1.79000 -0.14831
endloop
endfacet
facet normal 0.00000 1.00000 0.00000
outer loop
vertex 0.08000 1.61000 -0.13856
vertex 0.10806 1.61000 -0.17375
vertex 0.06999 1.61000 -0.18244
endloop
endfacet
facet normal 0.00000 -1.00000 0.00000
outer loop
vertex 0.08000 1.79000 -0.13856
vertex 0.07777 1.79000 -0.14831
vertex 0.08623 1.79000 -0.14638
endloop
endfacet
facet normal -0.88745 -0.17256 0.42738
outer loop
vertex 0.10806 1.61000 -0.17375
vertex 0.12500 1.61000 -0.13856
vertex 0.09000 1.79000 -0.13856
endloop
endfacet
facet normal -0.88745 -0.17256 0.42738
outer loop
vertex 0.10806 1.61000 -0.17375
vertex 0.09000 1.79000 -0.13856
vertex 0.08623 1.79000 -0.14638
endloop
endfacet
facet normal 0.00000 1.00000 0.00000
outer loop
vertex 0.08000 1.61000 -0.13856
vertex 0.12500 1.61000 -0.13856
vertex 0.10806 1.61000 -0.17375
endloop
endfacet
facet normal 0.00000 -1.00000 0.00000
outer loop
vertex 0.08000 1.79000 -0.13856
vertex 0.08623 1.79000 -0.14638
vertex 0.09000 1.79000 -0.13856
endloop
endfacet
facet normal -0.92388 0.00000 -0.38268
outer loop
vertex 0.41500 0.62000 0.00000
vertex 0.40768 0.62000 0.01768
vertex 0.40768 1.44000 0.01768
endloop
endfacet
facet normal -0.92388 0.00000 -0.38268
outer loop
vertex 0.41500 0.62000 0.00000
vertex 0.40768 1.44000 0.01768
vertex 0.41500 1.44000 0.00000
endloop
endfacet
facet normal 0.00000 1.00000 0.00000
outer loop
vertex 0.39000 0.62000 0.00000
vertex 0.40768 0.62000 0.01768
vertex 0.41500 0.62000 0.00000
endloop
endfacet
facet normal 0.00000 -1.00000 0.00000
outer loop
vertex 0.39000 1.44000 0.00000
vertex 0.41500 1.44000 0.00000
vertex 0.40768 1.44000 0.01768
endloop
endfacet
facet normal -0.38268 0.00000 -0.92388
outer loop
vertex 0.40768 0.62000 0.01768
vertex 0.39000 0.62000 0.02500
vertex 0.39000 1.44000 0.02500
endloop
endfacet
facet normal -0.38268 0.00000 -0.92388
outer loop
vertex 0.40768 0.62000 0.01768
vertex 0.39000 1.44000 0.02500
vertex 0.40768 1.44000 0.01768
endloop
endfacet
facet normal 0.00000 1.00000 0.00000
outer loop
vertex 0.39000 0.62000 0.00000
vertex 0.39000 0.62000 0.02500
vertex 0.40768 0.62000 0.01768
endloop
endfacet
facet normal 0.00000 -1.00000 0.00000
outer loop
vertex 0.39000 1.44000 0.00000
vertex 0.40768 1.44000 0.01768
vertex 0.39000 1.44000 0.02500
endloop
endfacet
facet normal 0.38268 0.00000 -0.92388
outer loop
vertex 0.39000 0.62000 0.02500
vertex 0.37232 0.62000 0.01768
vertex 0.37232 1.44000 0.01768
endloop
endfacet
facet normal 0.38268 0.00000 -0.92388
outer loop
vertex 0.39000 0.62000 0.02500
vertex 0.37232 1.44000 0.01768
vertex 0.39000 1.44000 0.02500
endloop
endfacet
facet normal 0.00000 1.00000 0.00000
outer loop
vertex 0.39000 0.62000 0.00000
vertex 0.37232 0.62000 0.01768
vertex 0.39000 0.62000 0.02500
endloop
endfacet
facet normal 0.00000 -1.00000 0.00000
outer loop
vertex 0.39000 1.44000 0.00000
vertex 0.39000 1.44000 0.02500
vertex 0.37232 1.44000 0.01768
endloop
endfacet
facet normal 0.92388 0.00000 -0.38268
outer loop
vertex 0.37232 0.62000 0.01768
vertex 0.36500 0.62000 0.00000
vertex 0.36500 1.44000 0.00000
endloop
endfacet
facet normal 0.92388 0.00000 -0.38268
outer loop
vertex 0.37232 0.62000 0.01768
vertex 0.36500 1.44000 0.00000
vertex 0.37232 1.44000 0.01768
endloop
endfacet
facet normal 0.00000 1.00000 0.00000
outer loop
vertex 0.39000 0.62000 0.00000
vertex 0.36500 0.62000 0.00000
vertex 0.37232 0.62000 0.01768
endloop
endfacet
facet normal 0.00000 -1.00000 0.00000
outer loop
vertex 0.39000 1.44000 0.00000
vertex 0.37232 1.44000 0.01768
vertex 0.36500 1.44000 0.00000
endloop
endfacet
facet normal 0.92388 0.00000 0.38268
outer loop
vertex 0.36500 0.62000 0.00000
vertex 0.37232 0.62000 -0.01768
vertex 0.37232 1.44000 -0.01768
endloop
endfacet
facet normal 0.92388 0.00000 0.38268
outer loop
vertex 0.36500 0.62000 0.00000
vertex 0.37232 1.44000 -0.01768
vertex 0.36500 1.44000 0.00000
endloop
endfacet
facet normal 0.00000 1.00000 0.00000
outer loop
vertex 0.39000 0.62000 0.00000
vertex 0.37232 0.62000 -0.01768
vertex 0.36500 0.62000 0.00000
endloop
endfacet
facet normal 0.00000 -1.00000 0.00000
outer loop
vertex 0.39000 1.44000 0.00000
vertex 0.36500 1.44000 0.00000
vertex 0.37232 1.44000 -0.01768
endloop
endfacet
facet normal 0.38268 0.00000 0.92388
outer loop
vertex 0.37232 0.62000 -0.01768
vertex 0.39000 0.62000 -0.02500
vertex 0.39000 1.44000 -0.02500
endloop
endfacet
facet normal 0.38268 0.00000 0.92388
outer loop
vertex 0.37232 0.62000 -0.01768
vertex 0.39000 1.44000 -0.02500
vertex 0.37232 1.44000 -0.01768
endloop
endfacet
facet normal 0.00000 1.00000 0.00000
outer loop
vertex 0.39000 0.62000 0.00000
vertex 0.39000 0.62000 -0.02500
vertex 0.37232 0.62000 -0.01768
endloop
endfacet
facet normal 0.00000 -1.00000 0.00000
outer loop
vertex 0.39000 1.44000 0.00000
vertex 0.37232 1.44000 -0.01768
vertex 0.39000 1.44000 -0.02500
endloop
endfacet
facet normal -0.38268 0.00000 0.92388
outer loop
vertex 0.39000 0.62000 -0.02500
vertex 0.40768 0.62000 -0.01768
vertex 0.40768 1.44000 -0.01768
endloop
endfacet
facet normal -0.38268 0.00000 0.92388
outer loop
vertex 0.39000 0.62000 -0.02500
vertex 0.40768 1.44000 -0.01768
vertex 0.39000 1.44000 -0.02500
endloop
endfacet
facet normal 0.00000 1.00000 0.00000
outer loop
vertex 0.39000 0.62000 0.00000
vertex 0.40768 0.62000 -0.01768
vertex 0.39000 0.62000 -0.02500
endloop
endfacet
facet normal 0.00000 -1.00000 0.00000
outer loop
vertex 0.39000 1.44000 0.00000
vertex 0.39000 1.44000 -0.02500
vertex 0.40768 1.44000 -0.01768
endloop
endfacet
facet normal -0.92388 0.00000 0.38268
outer loop
vertex 0.40768 0.62000 -0.01768
vertex 0.41500 0.62000 -0.00000
vertex 0.41500 1.44000 -0.00000
endloop
endfacet
facet normal -0.92388 0.00000 0.38268
outer loop
vertex 0.40768 0.62000 -0.01768
vertex 0.41500 1.44000 -0.00000
vertex 0.40768 1.44000 -0.01768
endloop
endfacet
facet normal 0.00000 1.00000 0.00000
outer loop
vertex 0.39000 0.62000 0.00000
vertex 0.41500 0.62000 -0.00000
vertex 0.40768 0.62000 -0.01768
endloop
endfacet
facet normal 0.00000 -1.00000 0.00000
outer loop
vertex 0.39000 1.44000 0.00000
vertex 0.40768 1.44000 -0.01768
vertex 0.41500 1.44000 -0.00000
endloop
endfacet
facet normal -0.37269 0.92796 0.00000
outer loop
vertex 0.39000 1.40000 0.00000
vertex 0.39000 1.40000 0.00000
vertex 0.42329 1.41337 0.02418
endloop
endfacet
facet normal -0.30747 0.94630 -0.09990
outer loop
vertex 0.39000 1.40000 0.00000
vertex 0.42329 1.41337 0.02418
vertex 0.43114 1.41337 0.00000
endloop
endfacet
facet normal -0.72462 0.68915 0.00000
outer loop
vertex 0.39000 1.40000 0.00000
vertex 0.39000 1.40000 0.00000
vertex 0.40271 1.41337 0.03913
endloop
endfacet
facet normal -0.19003 0.94630 -0.26155
outer loop
vertex 0.39000 1.40000 0.00000
vertex 0.40271 1.41337 0.03913
vertex 0.42329 1.41337 0.02418
endloop
endfacet
facet normal -0.72462 -0.68915 0.00000
outer loop
vertex 0.39000 1.40000 0.00000
vertex 0.39000 1.40000 0.00000
vertex 0.37729 1.41337 0.03913
endloop
endfacet
facet normal 0.00000 0.94630 -0.32329
outer loop
vertex 0.39000 1.40000 0.00000
vertex 0.37729 1.41337 0.03913
vertex 0.40271 1.41337 0.03913
endloop
endfacet
facet normal 0.37269 0.92796 0.00000
outer loop
vertex 0.39000 1.40000 0.00000
vertex 0.39000 1.40000 0.00000
vertex 0.35671 1.41337 0.02418
endloop
endfacet
facet normal 0.19003 0.94630 -0.26155
outer loop
vertex 0.39000 1.40000 0.00000
vertex 0.35671 1.41337 0.02418
vertex 0.37729 1.41337 0.03913
endloop
endfacet
facet normal 0.30902 0.95106 0.00000
outer loop
vertex 0.39000 1.40000 0.00000
vertex 0.39000 1.40000 0.00000
vertex 0.34886 1.41337 0.00000
endloop
endfacet
facet normal 0.30747 0.94630 -0.09990
outer loop
vertex 0.39000 1.40000 0.00000
vertex 0.34886 1.41337 0.00000
vertex 0.35671 1.41337 0.02418
endloop
endfacet
facet normal 0.37269 0.92796 0.00000
outer loop
vertex 0.39000 1.40000 0.00000
vertex 0.39000 1.40000 -0.00000
vertex 0.35671 1.41337 -0.02418
endloop
endfacet
facet normal 0.30747 0.94630 0.09990
outer loop
vertex 0.39000 1.40000 0.00000
vertex 0.35671 1.41337 -0.02418
vertex 0.34886 1.41337 0.00000
endloop
endfacet
facet normal 0.72462 0.68915 0.00000
outer loop
vertex 0.39000 1.40000 -0.00000
vertex 0.39000 1.40000 -0.00000
vertex 0.37729 1.41337 -0.03913
endloop
endfacet
facet normal 0.19003 0.94630 0.26155
outer loop
vertex 0.39000 1.40000 -0.00000
vertex 0.37729 1.41337 -0.03913
vertex 0.35671 1.41337 -0.02418
endloop
endfacet
facet normal 0.72462 -0.68915 0.00000
outer loop
vertex 0.39000 1.40000 -0.00000
vertex 0.39000 1.40000 -0.00000
vertex 0.40271 1.41337 -0.03913
endloop
endfacet
facet normal 0.00000 0.94630 0.32329
outer loop
vertex 0.39000 1.40000 -0.00000
vertex 0.40271 1.41337 -0.03913
vertex 0.37729 1.41337 -0.03913
endloop
endfacet
facet normal -0.37269 0.92796 0.00000
outer loop
vertex 0.39000 1.40000 -0.00000
vertex 0.39000 1.40000 -0.00000
vertex 0.42329 1.41337 -0.02418
endloop
endfacet
facet normal -0.19003 0.94630 0.26155
outer loop
vertex 0.39000 1.40000 -0.00000
vertex 0.42329 1.41337 -0.02418
vertex 0.40271 1.41337 -0.03913
endloop
endfacet
facet normal -0.30902 0.95106 0.00000
outer loop
vertex 0.39000 1.40000 -0.00000
vertex 0.39000 1.40000 -0.00000
vertex 0.43114 1.41337 -0.00000
endloop
endfacet
facet normal -0.30747 0.94630 0.09990
outer loop
vertex 0.39000 1.40000 -0.00000
vertex 0.43114 1.41337 -0.00000
vertex 0.42329 1.41337 -0.02418
endloop
endfacet
facet normal -0.78244 0.56847 -0.25423
outer loop
vertex 0.43114 1.41337 0.00000
vertex 0.42329 1.41337 0.02418
vertex 0.44386 1.44837 0.03913
endloop
endfacet
facet normal -0.78244 0.56847 -0.25423
outer loop
vertex 0.43114 1.41337 0.00000
vertex 0.44386 1.44837 0.03913
vertex 0.45657 1.44837 0.00000
endloop
endfacet
facet normal -0.48357 0.56847 -0.66558
outer loop
vertex 0.42329 1.41337 0.02418
vertex 0.40271 1.41337 0.03913
vertex 0.41057 1.44837 0.06332
endloop
endfacet
facet normal -0.48357 0.56847 -0.66558
outer loop
vertex 0.42329 1.41337 0.02418
vertex 0.41057 1.44837 0.06332
vertex 0.44386 1.44837 0.03913
endloop
endfacet
facet normal -0.00000 0.56847 -0.82270
outer loop
vertex 0.40271 1.41337 0.03913
vertex 0.37729 1.41337 0.03913
vertex 0.36943 1.44837 0.06332
endloop
endfacet
facet normal -0.00000 0.56847 -0.82270
outer loop
vertex 0.40271 1.41337 0.03913
vertex 0.36943 1.44837 0.06332
vertex 0.41057 1.44837 0.06332
endloop
endfacet
facet normal 0.48357 0.56847 -0.66558
outer loop
vertex 0.37729 1.41337 0.03913
vertex 0.35671 1.41337 0.02418
vertex 0.33614 1.44837 0.03913
endloop
endfacet
facet normal 0.48357 0.56847 -0.66558
outer loop
vertex 0.37729 1.41337 0.03913
vertex 0.33614 1.44837 0.03913
vertex 0.36943 1.44837 0.06332
endloop
endfacet
facet normal 0.78244 0.56847 -0.25423
outer loop
vertex 0.35671 1.41337 0.02418
vertex 0.34886 1.41337 0.00000
vertex 0.32343 1.44837 0.00000
endloop
endfacet
facet normal 0.78244 0.56847 -0.25423
outer loop
vertex 0.35671 1.41337 0.02418
vertex 0.32343 1.44837 0.00000
vertex 0.33614 1.44837 0.03913
endloop
endfacet
facet normal 0.78244 0.56847 0.25423
outer loop
vertex 0.34886 1.41337 0.00000
vertex 0.35671 1.41337 -0.02418
vertex 0.33614 1.44837 -0.03913
endloop
endfacet
facet normal 0.78244 0.56847 0.25423
outer loop
vertex 0.34886 1.41337 0.00000
vertex 0.33614 1.44837 -0.03913
vertex 0.32343 1.44837 0.00000
endloop
endfacet
facet normal 0.48357 0.56847 0.66558
outer loop
vertex 0.35671 1.41337 -0.02418
vertex 0.37729 1.41337 -0.03913
vertex 0.36943 1.44837 -0.06332
endloop
endfacet
facet normal 0.48357 0.56847 0.66558
outer loop
vertex 0.35671 1.41337 -0.02418
vertex 0.36943 1.44837 -0.06332
vertex 0.33614 1.44837 -0.03913
endloop
endfacet
facet normal 0.00000 0.56847 0.82270
outer loop
vertex 0.37729 1.41337 -0.03913
vertex 0.40271 1.41337 -0.03913
vertex 0.41057 1.44837 -0.06332
endloop
endfacet
facet normal 0.00000 0.56847 0.82270
outer loop
vertex 0.37729 1.41337 -0.03913
vertex 0.41057 1.44837 -0.06332
vertex 0.36943 1.44837 -0.06332
endloop
endfacet
facet normal -0.48357 0.56847 0.66558
outer loop
vertex 0.40271 1.41337 -0.03913
vertex 0.42329 1.41337 -0.02418
vertex 0.44386 1.44837 -0.03913
endloop
endfacet
facet normal -0.48357 0.56847 0.66558
outer loop
vertex 0.40271 1.41337 -0.03913
vertex 0.44386 1.44837 -0.03913
vertex 0.41057 1.44837 -0.06332
endloop
endfacet
facet normal -0.78244 0.56847 0.25423
outer loop
vertex 0.42329 1.41337 -0.02418
vertex 0.43114 1.41337 -0.00000
vertex 0.45657 1.44837 -0.00000
endloop
endfacet
facet normal -0.78244 0.56847 0.25423
outer loop
vertex 0.42329 1.41337 -0.02418
vertex 0.45657 1.44837 -0.00000
vertex 0.44386 1.44837 -0.03913
endloop
endfacet
facet normal -0.95106 0.00000 -0.30902
outer loop
vertex 0.45657 1.44837 0.00000
vertex 0.44386 1.44837 0.03913
vertex 0.44386 1.49163 0.03913
endloop
endfacet
facet normal -0.95106 0.00000 -0.30902
outer loop
vertex 0.45657 1.44837 0.00000
vertex 0.44386 1.49163 0.03913
vertex 0.45657 1.49163 0.00000
endloop
endfacet
facet normal -0.58779 0.00000 -0.80902
outer loop
vertex 0.44386 1.44837 0.03913
vertex 0.41057 1.44837 0.06332
vertex 0.41057 1.49163 0.06332
endloop
endfacet
facet normal -0.58779 0.00000 -0.80902
outer loop
vertex 0.44386 1.44837 0.03913
vertex 0.41057 1.49163 0.06332
vertex 0.44386 1.49163 0.03913
endloop
endfacet
facet normal -0.00000 0.00000 -1.00000
outer loop
vertex 0.41057 1.44837 0.06332
vertex 0.36943 1.44837 0.06332
vertex 0.36943 1.49163 0.06332
endloop
endfacet
facet normal -0.00000 0.00000 -1.00000
outer loop
vertex 0.41057 1.44837 0.06332
vertex 0.36943 1.49163 0.06332
vertex 0.41057 1.49163 0.06332
endloop
endfacet
facet normal 0.58779 0.00000 -0.80902
outer loop
vertex 0.36943 1.44837 0.06332
vertex 0.33614 1.44837 0.03913
vertex 0.33614 1.49163 0.03913
endloop
endfacet
facet normal 0.58779 0.00000 -0.80902
outer loop
vertex 0.36943 1.44837 0.06332
vertex 0.33614 1.49163 0.03913
vertex 0.36943 1.49163 0.06332
endloop
endfacet
facet normal 0.95106 0.00000 -0.30902
outer loop
vertex 0.33614 1.44837 0.03913
vertex 0.32343 1.44837 0.00000
vertex 0.32343 1.49163 0.00000
endloop
endfacet
facet normal 0.95106 0.00000 -0.30902
outer loop
vertex 0.33614 1.44837 0.03913
vertex 0.32343 1.49163 0.00000
vertex 0.33614 1.49163 0.03913
endloop
endfacet
facet normal 0.95106 0.00000 0.30902
outer loop
vertex 0.32343 1.44837 0.00000
vertex 0.33614 1.44837 -0.03913
vertex 0.33614 1.49163 -0.03913
endloop
endfacet
facet normal 0.95106 0.00000 0.30902
outer loop
vertex 0.32343 1.44837 0.00000
vertex 0.33614 1.49163 -0.03913
vertex 0.32343 1.49163 0.00000
endloop
endfacet
facet normal 0.58779 0.00000 0.80902
outer loop
vertex 0.33614 1.44837 -0.03913
vertex 0.36943 1.44837 -0.06332
vertex 0.36943 1.49163 -0.06332
endloop
endfacet
facet normal 0.58779 0.00000 0.80902
outer loop
vertex 0.33614 1.44837 -0.03913
vertex 0.36943 1.49163 -0.06332
vertex 0.33614 1.49163 -0.03913
endloop
endfacet
facet normal 0.00000 0.00000 1.00000
outer loop
vertex 0.36943 1.44837 -0.06332
vertex 0.41057 1.44837 -0.06332
vertex 0.41057 1.49163 -0.06332
endloop
endfacet
facet normal 0.00000 0.00000 1.00000
outer loop
vertex 0.36943 1.44837 -0.06332
vertex 0.41057 1.49163 -0.06332
vertex 0.36943 1.49163 -0.06332
endloop
endfacet
facet normal -0.58779 0.00000 0.80902
outer loop
vertex 0.41057 1.44837 -0.06332
vertex 0.44386 1.44837 -0.03913
vertex 0.44386 1.49163 -0.03913
endloop
endfacet
facet normal -0.58779 0.00000 0.80902
outer loop
vertex 0.41057 1.44837 -0.06332
vertex 0.44386 1.49163 -0.03913
vertex 0.41057 1.49163 -0.06332
endloop
endfacet
facet normal -0.95106 0.00000 0.30902
outer loop
vertex 0.44386 1.44837 -0.03913
vertex 0.45657 1.44837 -0.00000
vertex 0.45657 1.49163 -0.00000
endloop
endfacet
facet normal -0.95106 0.00000 0.30902
outer loop
vertex 0.44386 1.44837 -0.03913
vertex 0.45657 1.49163 -0.00000
vertex 0.44386 1.49163 -0.03913
endloop
endfacet
facet normal -0.78244 -0.56847 -0.25423
outer loop
vertex 0.45657 1.49163 0.00000
vertex 0.44386 1.49163 0.03913
vertex 0.42329 1.52663 0.02418
endloop
endfacet
facet normal -0.78244 -0.56847 -0.25423
outer loop
vertex 0.45657 1.49163 0.00000
vertex 0.42329 1.52663 0.02418
vertex 0.43114 1.52663 0.00000
endloop
endfacet
facet normal -0.48357 -0.56847 -0.66558
outer loop
vertex 0.44386 1.49163 0.03913
vertex 0.41057 1.49163 0.06332
vertex 0.40271 1.52663 0.03913
endloop
endfacet
facet normal -0.48357 -0.56847 -0.66558
outer loop
vertex 0.44386 1.49163 0.03913
vertex 0.40271 1.52663 0.03913
vertex 0.42329 1.52663 0.02418
endloop
endfacet
facet normal -0.00000 -0.56847 -0.82270
outer loop
vertex 0.41057 1.49163 0.06332
vertex 0.36943 1.49163 0.06332
vertex 0.37729 1.52663 0.03913
endloop
endfacet
facet normal -0.00000 -0.56847 -0.82270
outer loop
vertex 0.41057 1.49163 0.06332
vertex 0.37729 1.52663 0.03913
vertex 0.40271 1.52663 0.03913
endloop
endfacet
facet normal 0.48357 -0.56847 -0.66558
outer loop
vertex 0.36943 1.49163 0.06332
vertex 0.33614 1.49163 0.03913
vertex 0.35671 1.52663 0.02418
endloop
endfacet
facet normal 0.48357 -0.56847 -0.66558
outer loop
vertex 0.36943 1.49163 0.06332
vertex 0.35671 1.52663 0.02418
vertex 0.37729 1.52663 0.03913
endloop
endfacet
facet normal 0.78244 -0.56847 -0.25423
outer loop
vertex 0.33614 1.49163 0.03913
vertex 0.32343 1.49163 0.00000
vertex 0.34886 1.52663 0.00000
endloop
endfacet
facet normal 0.78244 -0.56847 -0.25423
outer loop
vertex 0.33614 1.49163 0.03913
vertex 0.34886 1.52663 0.00000
vertex 0.35671 1.52663 0.02418
endloop
endfacet
facet normal 0.78244 -0.56847 0.25423
outer loop
vertex 0.32343 1.49163 0.00000
vertex 0.33614 1.49163 -0.03913
vertex 0.35671 1.52663 -0.02418
endloop
endfacet
facet normal 0.78244 -0.56847 0.25423
outer loop
vertex 0.32343 1.49163 0.00000
vertex 0.35671 1.52663 -0.02418
vertex 0.34886 1.52663 0.00000
endloop
endfacet
facet normal 0.48357 -0.56847 0.66558
outer loop
vertex 0.33614 1.49163 -0.03913
vertex 0.36943 1.49163 -0.06332
vertex 0.37729 1.52663 -0.03913
endloop
endfacet
facet normal 0.48357 -0.56847 0.66558
outer loop
vertex 0.33614 1.49163 -0.03913
vertex 0.37729 1.52663 -0.03913
vertex 0.35671 1.52663 -0.02418
endloop
endfacet
facet normal 0.00000 -0.56847 0.82270
outer loop
vertex 0.36943 1.49163 -0.06332
vertex 0.41057 1.49163 -0.06332
vertex 0.40271 1.52663 -0.03913
endloop
endfacet
facet normal 0.00000 -0.56847 0.82270
outer loop
vertex 0.36943 1.49163 -0.06332
vertex 0.40271 1.52663 -0.03913
vertex 0.37729 1.52663 -0.03913
endloop
endfacet
facet normal -0.48357 -0.56847 0.66558
outer loop
vertex 0.41057 1.49163 -0.06332
vertex 0.44386 1.49163 -0.03913
vertex 0.42329 1.52663 -0.02418
endloop
endfacet
facet normal -0.48357 -0.56847 0.66558
outer loop
vertex 0.41057 1.49163 -0.06332
vertex 0.42329 1.52663 -0.02418
vertex 0.40271 1.52663 -0.03913
endloop
endfacet
facet normal -0.78244 -0.56847 0.25423
outer loop
vertex 0.44386 1.49163 -0.03913
vertex 0.45657 1.49163 -0.00000
vertex 0.43114 1.52663 -0.00000
endloop
endfacet
facet normal -0.78244 -0.56847 0.25423
outer loop
vertex 0.44386 1.49163 -0.03913
vertex 0.43114 1.52663 -0.00000
vertex 0.42329 1.52663 -0.02418
endloop
endfacet
facet normal -0.30747 -0.94630 -0.09990
outer loop
vertex 0.43114 1.52663 0.00000
vertex 0.42329 1.52663 0.02418
vertex 0.39000 1.54000 0.00000
endloop
endfacet
facet normal -0.30902 -0.95106 0.00000
outer loop
vertex 0.43114 1.52663 0.00000
vertex 0.39000 1.54000 0.00000
vertex 0.39000 1.54000 0.00000
endloop
endfacet
facet normal -0.19003 -0.94630 -0.26155
outer loop
vertex 0.42329 1.52663 0.02418
vertex 0.40271 1.52663 0.03913
vertex 0.39000 1.54000 0.00000
endloop
endfacet
facet normal 0.00000 0.00000 0.00000
outer loop
vertex 0.42329 1.52663 0.02418
vertex 0.39000 1.54000 0.00000
vertex 0.39000 1.54000 0.00000
endloop
endfacet
facet normal -0.00000 -0.94630 -0.32329
outer loop
vertex 0.40271 1.52663 0.03913
vertex 0.37729 1.52663 0.03913
vertex 0.39000 1.54000 0.00000
endloop
endfacet
facet normal 0.00000 0.00000 0.00000
outer loop
vertex 0.40271 1.52663 0.03913
vertex 0.39000 1.54000 0.00000
vertex 0.39000 1.54000 0.00000
endloop
endfacet
facet normal 0.19003 -0.94630 -0.26155
outer loop
vertex 0.37729 1.52663 0.03913
vertex 0.35671 1.52663 0.02418
vertex 0.39000 1.54000 0.00000
endloop
endfacet
facet normal 0.70711 -0.70711 0.00000
outer loop
vertex 0.37729 1.52663 0.03913
vertex 0.39000 1.54000 0.00000
vertex 0.39000 1.54000 0.00000
endloop
endfacet
facet normal 0.30747 -0.94630 -0.09990
outer loop
vertex 0.35671 1.52663 0.02418
vertex 0.34886 1.52663 0.00000
vertex 0.39000 1.54000 0.00000
endloop
endfacet
facet normal 0.44721 -0.89443 0.00000
outer loop
vertex 0.35671 1.52663 0.02418
vertex 0.39000 1.54000 0.00000
vertex 0.39000 1.54000 0.00000
endloop
endfacet
facet normal 0.30747 -0.94630 0.09990
outer loop
vertex 0.34886 1.52663 0.00000
vertex 0.35671 1.52663 -0.02418
vertex 0.39000 1.54000 -0.00000
endloop
endfacet
facet normal 0.30902 -0.95106 0.00000
outer loop
vertex 0.34886 1.52663 0.00000
vertex 0.39000 1.54000 -0.00000
vertex 0.39000 1.54000 0.00000
endloop
endfacet
facet normal 0.19003 -0.94630 0.26155
outer loop
vertex 0.35671 1.52663 -0.02418
vertex 0.37729 1.52663 -0.03913
vertex 0.39000 1.54000 -0.00000
endloop
endfacet
facet normal 0.00000 0.00000 0.00000
outer loop
vertex 0.35671 1.52663 -0.02418
vertex 0.39000 1.54000 -0.00000
vertex 0.39000 1.54000 -0.00000
endloop
endfacet
facet normal 0.00000 -0.94630 0.32329
outer loop
vertex 0.37729 1.52663 -0.03913
vertex 0.40271 1.52663 -0.03913
vertex 0.39000 1.54000 -0.00000
endloop
endfacet
facet normal 0.00000 0.00000 0.00000
outer loop
vertex 0.37729 1.52663 -0.03913
vertex 0.39000 1.54000 -0.00000
vertex 0.39000 1.54000 -0.00000
endloop
endfacet
facet normal -0.19003 -0.94630 0.26155
outer loop
vertex 0.40271 1.52663 -0.03913
vertex 0.42329 1.52663 -0.02418
vertex 0.39000 1.54000 -0.00000
endloop
endfacet
facet normal -0.70711 -0.70711 0.00000
outer loop
vertex 0.40271 1.52663 -0.03913
vertex 0.39000 1.54000 -0.00000
vertex 0.39000 1.54000 -0.00000
endloop
endfacet
facet normal -0.30747 -0.94630 0.09990
outer loop
vertex 0.42329 1.52663 -0.02418
vertex 0.43114 1.52663 -0.00000
vertex 0.39000 1.54000 -0.00000
endloop
endfacet
facet normal -0.44721 -0.89443 0.00000
outer loop
vertex 0.42329 1.52663 -0.02418
vertex 0.39000 1.54000 -0.00000
vertex 0.39000 1.54000 -0.00000
endloop
endfacet
endsolid queen
