solid queen
facet normal -0.98769 0.00000 -0.15643
outer loop
vertex 0.31000 0.00000 0.00000
vertex 0.29483 0.00000 0.09580
vertex 0.29483 0.10000 0.09580
endloop
endfacet
facet normal -0.98769 0.00000 -0.15643
outer loop
vertex 0.31000 0.00000 0.00000
vertex 0.29483 0.10000 0.09580
vertex 0.31000 0.10000 0.00000
endloop
endfacet
facet normal 0.00000 1.00000 0.00000
outer loop
vertex 0.00000 0.00000 0.00000
vertex 0.29483 0.00000 0.09580
vertex 0.31000 0.00000 0.00000
endloop
endfacet
facet normal 0.00000 -1.00000 0.00000
outer loop
vertex 0.00000 0.10000 0.00000
vertex 0.31000 0.10000 0.00000
vertex 0.29483 0.10000 0.09580
endloop
endfacet
facet normal -0.89101 0.00000 -0.45399
outer loop
vertex 0.29483 0.00000 0.09580
vertex 0.25080 0.00000 0.18221
vertex 0.25080 0.10000 0.18221
endloop
endfacet
facet normal -0.89101 0.00000 -0.45399
outer loop
vertex 0.29483 0.00000 0.09580
vertex 0.25080 0.10000 0.18221
vertex 0.29483 0.10000 0.09580
endloop
endfacet
facet normal 0.00000 1.00000 0.00000
outer loop
vertex 0.00000 0.00000 0.00000
vertex 0.25080 0.00000 0.18221
vertex 0.29483 0.00000 0.09580
endloop
endfacet
facet normal 0.00000 -1.00000 0.00000
outer loop
vertex 0.00000 0.10000 0.00000
vertex 0.29483 0.10000 0.09580
vertex 0.25080 0.10000 0.18221
endloop
endfacet
facet normal -0.70711 0.00000 -0.70711
outer loop
vertex 0.25080 0.00000 0.18221
vertex 0.18221 0.00000 0.25080
vertex 0.18221 0.10000 0.25080
endloop
endfacet
facet normal -0.70711 0.00000 -0.70711
outer loop
vertex 0.25080 0.00000 0.18221
vertex 0.18221 0.10000 0.25080
vertex 0.25080 0.10000 0.18221
endloop
endfacet
facet normal 0.00000 1.00000 0.00000
outer loop
vertex 0.00000 0.00000 0.00000
vertex 0.18221 0.00000 0.25080
vertex 0.25080 0.00000 0.18221
endloop
endfacet
facet normal 0.00000 -1.00000 0.00000
outer loop
vertex 0.00000 0.10000 0.00000
vertex 0.25080 0.10000 0.18221
vertex 0.18221 0.10000 0.25080
endloop
endfacet
facet normal -0.45399 0.00000 -0.89101
outer loop
vertex 0.18221 0.00000 0.25080
vertex 0.09580 0.00000 0.29483
vertex 0.09580 0.10000 0.29483
endloop
endfacet
facet normal -0.45399 0.00000 -0.89101
outer loop
vertex 0.18221 0.00000 0.25080
vertex 0.09580 0.10000 0.29483
vertex 0.18221 0.10000 0.25080
endloop
endfacet
facet normal 0.00000 1.00000 0.00000
outer loop
vertex 0.00000 0.00000 0.00000
vertex 0.09580 0.00000 0.29483
vertex 0.18221 0.00000 0.25080
endloop
endfacet
facet normal 0.00000 -1.00000 0.00000
outer loop
vertex 0.00000 0.10000 0.00000
vertex 0.18221 0.10000 0.25080
vertex 0.09580 0.10000 0.29483
endloop
endfacet
facet normal -0.15643 0.00000 -0.98769
outer loop
vertex 0.09580 0.00000 0.29483
vertex 0.00000 0.00000 0.31000
vertex 0.00000 0.10000 0.31000
endloop
endfacet
facet normal -0.15643 0.00000 -0.98769
outer loop
vertex 0.09580 0.00000 0.29483
vertex 0.00000 0.10000 0.31000
vertex 0.09580 0.10000 0.29483
endloop
endfacet
facet normal 0.00000 1.00000 0.00000
outer loop
vertex 0.00000 0.00000 0.00000
vertex 0.00000 0.00000 0.31000
vertex 0.09580 0.00000 0.29483
endloop
endfacet
facet normal 0.00000 -1.00000 0.00000
outer loop
vertex 0.00000 0.10000 0.00000
vertex 0.09580 0.10000 0.29483
vertex 0.00000 0.10000 0.31000
endloop
endfacet
facet normal 0.15643 0.00000 -0.98769
outer loop
vertex 0.00000 0.00000 0.31000
vertex -0.09580 0.00000 0.29483
vertex -0.09580 0.10000 0.29483
endloop
endfacet
facet normal 0.15643 0.00000 -0.98769
outer loop
vertex 0.00000 0.00000 0.31000
vertex -0.09580 0.10000 0.29483
vertex 0.00000 0.10000 0.31000
endloop
endfacet
facet normal 0.00000 1.00000 0.00000
outer loop
vertex 0.00000 0.00000 0.00000
vertex -0.09580 0.00000 0.29483
vertex 0.00000 0.00000 0.31000
endloop
endfacet
facet normal 0.00000 -1.00000 0.00000
outer loop
vertex 0.00000 0.10000 0.00000
vertex 0.00000 0.10000 0.31000
vertex -0.09580 0.10000 0.29483
endloop
endfacet
facet normal 0.45399 0.00000 -0.89101
outer loop
vertex -0.09580 0.00000 0.29483
vertex -0.18221 0.00000 0.25080
vertex -0.18221 0.10000 0.25080
endloop
endfacet
facet normal 0.45399 0.00000 -0.89101
outer loop
vertex -0.09580 0.00000 0.29483
vertex -0.18221 0.10000 0.25080
vertex -0.09580 0.10000 0.29483
endloop
endfacet
facet normal 0.00000 1.00000 0.00000
outer loop
vertex 0.00000 0.00000 0.00000
vertex -0.18221 0.00000 0.25080
vertex -0.09580 0.00000 0.29483
endloop
endfacet
facet normal 0.00000 -1.00000 0.00000
outer loop
vertex 0.00000 0.10000 0.00000
vertex -0.09580 0.10000 0.29483
vertex -0.18221 0.10000 0.25080
endloop
endfacet
facet normal 0.70711 0.00000 -0.70711
outer loop
vertex -0.18221 0.00000 0.25080
vertex -0.25080 0.00000 0.18221
vertex -0.25080 0.10000 0.18221
endloop
endfacet
facet normal 0.70711 0.00000 -0.70711
outer loop
vertex -0.18221 0.00000 0.25080
vertex -0.25080 0.10000 0.18221
vertex -0.18221 0.10000 0.25080
endloop
endfacet
facet normal 0.00000 1.00000 0.00000
outer loop
vertex 0.00000 0.00000 0.00000
vertex -0.25080 0.00000 0.18221
vertex -0.18221 0.00000 0.25080
endloop
endfacet
facet normal 0.00000 -1.00000 0.00000
outer loop
vertex 0.00000 0.10000 0.00000
vertex -0.18221 0.10000 0.25080
vertex -0.25080 0.10000 0.18221
endloop
endfacet
facet normal 0.89101 0.00000 -0.45399
outer loop
vertex -0.25080 0.00000 0.18221
vertex -0.29483 0.00000 0.09580
vertex -0.29483 0.10000 0.09580
endloop
endfacet
facet normal 0.89101 0.00000 -0.45399
outer loop
vertex -0.25080 0.00000 0.18221
vertex -0.29483 0.10000 0.09580
vertex -0.25080 0.10000 0.18221
endloop
endfacet
facet normal 0.00000 1.00000 0.00000
outer loop
vertex 0.00000 0.00000 0.00000
vertex -0.29483 0.00000 0.09580
vertex -0.25080 0.00000 0.18221
endloop
endfacet
facet normal 0.00000 -1.00000 0.00000
outer loop
vertex 0.00000 0.10000 0.00000
vertex -0.25080 0.10000 0.18221
vertex -0.29483 0.10000 0.09580
endloop
endfacet
facet normal 0.98769 0.00000 -0.15643
outer loop
vertex -0.29483 0.00000 0.09580
vertex -0.31000 0.00000 0.00000
vertex -0.31000 0.10000 0.00000
endloop
endfacet
facet normal 0.98769 0.00000 -0.15643
outer loop
vertex -0.29483 0.00000 0.09580
vertex -0.31000 0.10000 0.00000
vertex -0.29483 0.10000 0.09580
endloop
endfacet
facet normal 0.00000 1.00000 0.00000
outer loop
vertex 0.00000 0.00000 0.00000
vertex -0.31000 0.00000 0.00000
vertex -0.29483 0.00000 0.09580
endloop
endfacet
facet normal 0.00000 -1.00000 0.00000
outer loop
vertex 0.00000 0.10000 0.00000
vertex -0.29483 0.10000 0.09580
vertex -0.31000 0.10000 0.00000
endloop
endfacet
facet normal 0.98769 0.00000 0.15643
outer loop
vertex -0.31000 0.00000 0.00000
vertex -0.29483 0.00000 -0.09580
vertex -0.29483 0.10000 -0.09580
endloop
endfacet
facet normal 0.98769 0.00000 0.15643
outer loop
vertex -0.31000 0.00000 0.00000
vertex -0.29483 0.10000 -0.09580
vertex -0.31000 0.10000 0.00000
endloop
endfacet
facet normal 0.00000 1.00000 0.00000
outer loop
vertex 0.00000 0.00000 0.00000
vertex -0.29483 0.00000 -0.09580
vertex -0.31000 0.00000 0.00000
endloop
endfacet
facet normal 0.00000 -1.00000 0.00000
outer loop
vertex 0.00000 0.10000 0.00000
vertex -0.31000 0.10000 0.00000
vertex -0.29483 0.10000 -0.09580
endloop
endfacet
facet normal 0.89101 0.00000 0.45399
outer loop
vertex -0.29483 0.00000 -0.09580
vertex -0.25080 0.00000 -0.18221
vertex -0.25080 0.10000 -0.18221
endloop
endfacet
facet normal 0.89101 0.00000 0.45399
outer loop
vertex -0.29483 0.00000 -0.09580
vertex -0.25080 0.10000 -0.18221
vertex -0.29483 0.10000 -0.09580
endloop
endfacet
facet normal 0.00000 1.00000 0.00000
outer loop
vertex 0.00000 0.00000 0.00000
vertex -0.25080 0.00000 -0.18221
vertex -0.29483 0.00000 -0.09580
endloop
endfacet
facet normal 0.00000 -1.00000 0.00000
outer loop
vertex 0.00000 0.10000 0.00000
vertex -0.29483 0.10000 -0.09580
vertex -0.25080 0.10000 -0.18221
endloop
endfacet
facet normal 0.70711 0.00000 0.70711
outer loop
vertex -0.25080 0.00000 -0.18221
vertex -0.18221 0.00000 -0.25080
vertex -0.18221 0.10000 -0.25080
endloop
endfacet
facet normal 0.70711 0.00000 0.70711
outer loop
vertex -0.25080 0.00000 -0.18221
vertex -0.18221 0.10000 -0.25080
vertex -0.25080 0.10000 -0.18221
endloop
endfacet
facet normal 0.00000 1.00000 0.00000
outer loop
vertex 0.00000 0.00000 0.00000
vertex -0.18221 0.00000 -0.25080
vertex -0.25080 0.00000 -0.18221
endloop
endfacet
facet normal 0.00000 -1.00000 0.00000
outer loop
vertex 0.00000 0.10000 0.00000
vertex -0.25080 0.10000 -0.18221
vertex -0.18221 0.10000 -0.25080
endloop
endfacet
facet normal 0.45399 0.00000 0.89101
outer loop
vertex -0.18221 0.00000 -0.25080
vertex -0.09580 0.00000 -0.29483
vertex -0.09580 0.10000 -0.29483
endloop
endfacet
facet normal 0.45399 0.00000 0.89101
outer loop
vertex -0.18221 0.00000 -0.25080
vertex -0.09580 0.10000 -0.29483
vertex -0.18221 0.10000 -0.25080
endloop
endfacet
facet normal 0.00000 1.00000 0.00000
outer loop
vertex 0.00000 0.00000 0.00000
vertex -0.09580 0.00000 -0.29483
vertex -0.18221 0.00000 -0.25080
endloop
endfacet
facet normal 0.00000 -1.00000 0.00000
outer loop
vertex 0.00000 0.10000 0.00000
vertex -0.18221 0.10000 -0.25080
vertex -0.09580 0.10000 -0.29483
endloop
endfacet
facet normal 0.15643 0.00000 0.98769
outer loop
vertex -0.09580 0.00000 -0.29483
vertex -0.00000 0.00000 -0.31000
vertex -0.00000 0.10000 -0.31000
endloop
endfacet
facet normal 0.15643 0.00000 0.98769
outer loop
vertex -0.09580 0.00000 -0.29483
vertex -0.00000 0.10000 -0.31000
vertex -0.09580 0.10000 -0.29483
endloop
endfacet
facet normal 0.00000 1.00000 0.00000
outer loop
vertex 0.00000 0.00000 0.00000
vertex -0.00000 0.00000 -0.31000
vertex -0.09580 0.00000 -0.29483
endloop
endfacet
facet normal 0.00000 -1.00000 0.00000
outer loop
vertex 0.00000 0.10000 0.00000
vertex -0.09580 0.10000 -0.29483
vertex -0.00000 0.10000 -0.31000
endloop
endfacet
facet normal -0.15643 0.00000 0.98769
outer loop
vertex -0.00000 0.00000 -0.31000
vertex 0.09580 0.00000 -0.29483
vertex 0.09580 0.10000 -0.29483
endloop
endfacet
facet normal -0.15643 0.00000 0.98769
outer loop
vertex -0.00000 0.00000 -0.31000
vertex 0.09580 0.10000 -0.29483
vertex -0.00000 0.10000 -0.31000
endloop
endfacet
facet normal 0.00000 1.00000 0.00000
outer loop
vertex 0.00000 0.00000 0.00000
vertex 0.09580 0.00000 -0.29483
vertex -0.00000 0.00000 -0.31000
endloop
endfacet
facet normal 0.00000 -1.00000 0.00000
outer loop
vertex 0.00000 0.10000 0.00000
vertex -0.00000 0.10000 -0.31000
vertex 0.09580 0.10000 -0.29483
endloop
endfacet
facet normal -0.45399 0.00000 0.89101
outer loop
vertex 0.09580 0.00000 -0.29483
vertex 0.18221 0.00000 -0.25080
vertex 0.18221 0.10000 -0.25080
endloop
endfacet
facet normal -0.45399 0.00000 0.89101
outer loop
vertex 0.09580 0.00000 -0.29483
vertex 0.18221 0.10000 -0.25080
vertex 0.09580 0.10000 -0.29483
endloop
endfacet
facet normal 0.00000 1.00000 0.00000
outer loop
vertex 0.00000 0.00000 0.00000
vertex 0.18221 0.00000 -0.25080
vertex 0.09580 0.00000 -0.29483
endloop
endfacet
facet normal 0.00000 -1.00000 0.00000
outer loop
vertex 0.00000 0.10000 0.00000
vertex 0.09580 0.10000 -0.29483
vertex 0.18221 0.10000 -0.25080
endloop
endfacet
facet normal -0.70711 0.00000 0.70711
outer loop
vertex 0.18221 0.00000 -0.25080
vertex 0.25080 0.00000 -0.18221
vertex 0.25080 0.10000 -0.18221
endloop
endfacet
facet normal -0.70711 0.00000 0.70711
outer loop
vertex 0.18221 0.00000 -0.25080
vertex 0.25080 0.10000 -0.18221
vertex 0.18221 0.10000 -0.25080
endloop
endfacet
facet normal 0.00000 1.00000 0.00000
outer loop
vertex 0.00000 0.00000 0.00000
vertex 0.25080 0.00000 -0.18221
vertex 0.18221 0.00000 -0.25080
endloop
endfacet
facet normal 0.00000 -1.00000 0.00000
outer loop
vertex 0.00000 0.10000 0.00000
vertex 0.18221 0.10000 -0.25080
vertex 0.25080 0.10000 -0.18221
endloop
endfacet
facet normal -0.89101 0.00000 0.45399
outer loop
vertex 0.25080 0.00000 -0.18221
vertex 0.29483 0.00000 -0.09580
vertex 0.29483 0.10000 -0.09580
endloop
endfacet
facet normal -0.89101 0.00000 0.45399
outer loop
vertex 0.25080 0.00000 -0.18221
vertex 0.29483 0.10000 -0.09580
vertex 0.25080 0.10000 -0.18221
endloop
endfacet
facet normal 0.00000 1.00000 0.00000
outer loop
vertex 0.00000 0.00000 0.00000
vertex 0.29483 0.00000 -0.09580
vertex 0.25080 0.00000 -0.18221
endloop
endfacet
facet normal 0.00000 -1.00000 0.00000
outer loop
vertex 0.00000 0.10000 0.00000
vertex 0.25080 0.10000 -0.18221
vertex 0.29483 0.10000 -0.09580
endloop
endfacet
facet normal -0.98769 0.00000 0.15643
outer loop
vertex 0.29483 0.00000 -0.09580
vertex 0.31000 0.00000 -0.00000
vertex 0.31000 0.10000 -0.00000
endloop
endfacet
facet normal -0.98769 0.00000 0.15643
outer loop
vertex 0.29483 0.00000 -0.09580
vertex 0.31000 0.10000 -0.00000
vertex 0.29483 0.10000 -0.09580
endloop
endfacet
facet normal 0.00000 1.00000 0.00000
outer loop
vertex 0.00000 0.00000 0.00000
vertex 0.31000 0.00000 -0.00000
vertex 0.29483 0.00000 -0.09580
endloop
endfacet
facet normal 0.00000 -1.00000 0.00000
outer loop
vertex 0.00000 0.10000 0.00000
vertex 0.29483 0.10000 -0.09580
vertex 0.31000 0.10000 -0.00000
endloop
endfacet
facet normal -0.97960 0.04844 -0.19501
outer loop
vertex -0.03641 0.14859 0.00000
vertex -0.04189 0.14870 0.02755
vertex -0.02586 0.48845 0.03138
endloop
endfacet
facet normal -0.97960 0.04844 -0.19501
outer loop
vertex -0.03641 0.14859 0.00000
vertex -0.02586 0.48845 0.03138
vertex -0.01962 0.48833 0.00000
endloop
endfacet
facet normal 0.02000 0.99980 -0.00000
outer loop
vertex -0.10840 0.15003 0.00000
vertex -0.04189 0.14870 0.02755
vertex -0.03641 0.14859 0.00000
endloop
endfacet
facet normal -0.02000 -0.99980 -0.00000
outer loop
vertex -0.10160 0.48997 0.00000
vertex -0.01962 0.48833 0.00000
vertex -0.02586 0.48845 0.03138
endloop
endfacet
facet normal -0.83038 0.04545 -0.55534
outer loop
vertex -0.04189 0.14870 0.02755
vertex -0.05750 0.14902 0.05091
vertex -0.04363 0.48881 0.05798
endloop
endfacet
facet normal -0.83038 0.04545 -0.55534
outer loop
vertex -0.04189 0.14870 0.02755
vertex -0.04363 0.48881 0.05798
vertex -0.02586 0.48845 0.03138
endloop
endfacet
facet normal 0.02000 0.99980 0.00000
outer loop
vertex -0.10840 0.15003 0.00000
vertex -0.05750 0.14902 0.05091
vertex -0.04189 0.14870 0.02755
endloop
endfacet
facet normal -0.02000 -0.99980 0.00000
outer loop
vertex -0.10160 0.48997 0.00000
vertex -0.02586 0.48845 0.03138
vertex -0.04363 0.48881 0.05798
endloop
endfacet
facet normal -0.55465 0.03993 -0.83112
outer loop
vertex -0.05750 0.14902 0.05091
vertex -0.08085 0.14948 0.06652
vertex -0.07023 0.48934 0.07576
endloop
endfacet
facet normal -0.55465 0.03993 -0.83112
outer loop
vertex -0.05750 0.14902 0.05091
vertex -0.07023 0.48934 0.07576
vertex -0.04363 0.48881 0.05798
endloop
endfacet
facet normal 0.02000 0.99980 -0.00000
outer loop
vertex -0.10840 0.15003 0.00000
vertex -0.08085 0.14948 0.06652
vertex -0.05750 0.14902 0.05091
endloop
endfacet
facet normal -0.02000 -0.99980 -0.00000
outer loop
vertex -0.10160 0.48997 0.00000
vertex -0.04363 0.48881 0.05798
vertex -0.07023 0.48934 0.07576
endloop
endfacet
facet normal -0.19439 0.03273 -0.98038
outer loop
vertex -0.08085 0.14948 0.06652
vertex -0.10840 0.15003 0.07200
vertex -0.10160 0.48997 0.08200
endloop
endfacet
facet normal -0.19439 0.03273 -0.98038
outer loop
vertex -0.08085 0.14948 0.06652
vertex -0.10160 0.48997 0.08200
vertex -0.07023 0.48934 0.07576
endloop
endfacet
facet normal 0.02000 0.99980 0.00000
outer loop
vertex -0.10840 0.15003 0.00000
vertex -0.10840 0.15003 0.07200
vertex -0.08085 0.14948 0.06652
endloop
endfacet
facet normal -0.02000 -0.99980 0.00000
outer loop
vertex -0.10160 0.48997 0.00000
vertex -0.07023 0.48934 0.07576
vertex -0.10160 0.48997 0.08200
endloop
endfacet
facet normal 0.19555 0.02493 -0.98038
outer loop
vertex -0.10840 0.15003 0.07200
vertex -0.13595 0.15059 0.06652
vertex -0.13297 0.49059 0.07576
endloop
endfacet
facet normal 0.19555 0.02493 -0.98038
outer loop
vertex -0.10840 0.15003 0.07200
vertex -0.13297 0.49059 0.07576
vertex -0.10160 0.48997 0.08200
endloop
endfacet
facet normal 0.02000 0.99980 0.00000
outer loop
vertex -0.10840 0.15003 0.00000
vertex -0.13595 0.15059 0.06652
vertex -0.10840 0.15003 0.07200
endloop
endfacet
facet normal -0.02000 -0.99980 0.00000
outer loop
vertex -0.10160 0.48997 0.00000
vertex -0.10160 0.48997 0.08200
vertex -0.13297 0.49059 0.07576
endloop
endfacet
facet normal 0.55580 0.01772 -0.83112
outer loop
vertex -0.13595 0.15059 0.06652
vertex -0.15930 0.15105 0.05091
vertex -0.15957 0.49113 0.05798
endloop
endfacet
facet normal 0.55580 0.01772 -0.83112
outer loop
vertex -0.13595 0.15059 0.06652
vertex -0.15957 0.49113 0.05798
vertex -0.13297 0.49059 0.07576
endloop
endfacet
facet normal 0.02000 0.99980 0.00000
outer loop
vertex -0.10840 0.15003 0.00000
vertex -0.15930 0.15105 0.05091
vertex -0.13595 0.15059 0.06652
endloop
endfacet
facet normal -0.02000 -0.99980 0.00000
outer loop
vertex -0.10160 0.48997 0.00000
vertex -0.13297 0.49059 0.07576
vertex -0.15957 0.49113 0.05798
endloop
endfacet
facet normal 0.83153 0.01221 -0.55534
outer loop
vertex -0.15930 0.15105 0.05091
vertex -0.17491 0.15136 0.02755
vertex -0.17734 0.49148 0.03138
endloop
endfacet
facet normal 0.83153 0.01221 -0.55534
outer loop
vertex -0.15930 0.15105 0.05091
vertex -0.17734 0.49148 0.03138
vertex -0.15957 0.49113 0.05798
endloop
endfacet
facet normal 0.02000 0.99980 -0.00000
outer loop
vertex -0.10840 0.15003 0.00000
vertex -0.17491 0.15136 0.02755
vertex -0.15930 0.15105 0.05091
endloop
endfacet
facet normal -0.02000 -0.99980 -0.00000
outer loop
vertex -0.10160 0.48997 0.00000
vertex -0.15957 0.49113 0.05798
vertex -0.17734 0.49148 0.03138
endloop
endfacet
facet normal 0.98076 0.00922 -0.19501
outer loop
vertex -0.17491 0.15136 0.02755
vertex -0.18039 0.15147 0.00000
vertex -0.18358 0.49161 0.00000
endloop
endfacet
facet normal 0.98076 0.00922 -0.19501
outer loop
vertex -0.17491 0.15136 0.02755
vertex -0.18358 0.49161 0.00000
vertex -0.17734 0.49148 0.03138
endloop
endfacet
facet normal 0.02000 0.99980 0.00000
outer loop
vertex -0.10840 0.15003 0.00000
vertex -0.18039 0.15147 0.00000
vertex -0.17491 0.15136 0.02755
endloop
endfacet
facet normal -0.02000 -0.99980 0.00000
outer loop
vertex -0.10160 0.48997 0.00000
vertex -0.17734 0.49148 0.03138
vertex -0.18358 0.49161 0.00000
endloop
endfacet
facet normal 0.98076 0.00922 0.19501
outer loop
vertex -0.18039 0.15147 0.00000
vertex -0.17491 0.15136 -0.02755
vertex -0.17734 0.49148 -0.03138
endloop
endfacet
facet normal 0.98076 0.00922 0.19501
outer loop
vertex -0.18039 0.15147 0.00000
vertex -0.17734 0.49148 -0.03138
vertex -0.18358 0.49161 0.00000
endloop
endfacet
facet normal 0.02000 0.99980 -0.00000
outer loop
vertex -0.10840 0.15003 0.00000
vertex -0.17491 0.15136 -0.02755
vertex -0.18039 0.15147 0.00000
endloop
endfacet
facet normal -0.02000 -0.99980 -0.00000
outer loop
vertex -0.10160 0.48997 0.00000
vertex -0.18358 0.49161 0.00000
vertex -0.17734 0.49148 -0.03138
endloop
endfacet
facet normal 0.83153 0.01221 0.55534
outer loop
vertex -0.17491 0.15136 -0.02755
vertex -0.15930 0.15105 -0.05091
vertex -0.15957 0.49113 -0.05798
endloop
endfacet
facet normal 0.83153 0.01221 0.55534
outer loop
vertex -0.17491 0.15136 -0.02755
vertex -0.15957 0.49113 -0.05798
vertex -0.17734 0.49148 -0.03138
endloop
endfacet
facet normal 0.02000 0.99980 0.00000
outer loop
vertex -0.10840 0.15003 0.00000
vertex -0.15930 0.15105 -0.05091
vertex -0.17491 0.15136 -0.02755
endloop
endfacet
facet normal -0.02000 -0.99980 0.00000
outer loop
vertex -0.10160 0.48997 0.00000
vertex -0.17734 0.49148 -0.03138
vertex -0.15957 0.49113 -0.05798
endloop
endfacet
facet normal 0.55580 0.01772 0.83112
outer loop
vertex -0.15930 0.15105 -0.05091
vertex -0.13595 0.15059 -0.06652
vertex -0.13297 0.49059 -0.07576
endloop
endfacet
facet normal 0.55580 0.01772 0.83112
outer loop
vertex -0.15930 0.15105 -0.05091
vertex -0.13297 0.49059 -0.07576
vertex -0.15957 0.49113 -0.05798
endloop
endfacet
facet normal 0.02000 0.99980 -0.00000
outer loop
vertex -0.10840 0.15003 0.00000
vertex -0.13595 0.15059 -0.06652
vertex -0.15930 0.15105 -0.05091
endloop
endfacet
facet normal -0.02000 -0.99980 -0.00000
outer loop
vertex -0.10160 0.48997 0.00000
vertex -0.15957 0.49113 -0.05798
vertex -0.13297 0.49059 -0.07576
endloop
endfacet
facet normal 0.19555 0.02493 0.98038
outer loop
vertex -0.13595 0.15059 -0.06652
vertex -0.10840 0.15003 -0.07200
vertex -0.10160 0.48997 -0.08200
endloop
endfacet
facet normal 0.19555 0.02493 0.98038
outer loop
vertex -0.13595 0.15059 -0.06652
vertex -0.10160 0.48997 -0.08200
vertex -0.13297 0.49059 -0.07576
endloop
endfacet
facet normal 0.02000 0.99980 -0.00000
outer loop
vertex -0.10840 0.15003 0.00000
vertex -0.10840 0.15003 -0.07200
vertex -0.13595 0.15059 -0.06652
endloop
endfacet
facet normal -0.02000 -0.99980 0.00000
outer loop
vertex -0.10160 0.48997 0.00000
vertex -0.13297 0.49059 -0.07576
vertex -0.10160 0.48997 -0.08200
endloop
endfacet
facet normal -0.19439 0.03273 0.98038
outer loop
vertex -0.10840 0.15003 -0.07200
vertex -0.08085 0.14948 -0.06652
vertex -0.07023 0.48934 -0.07576
endloop
endfacet
facet normal -0.19439 0.03273 0.98038
outer loop
vertex -0.10840 0.15003 -0.07200
vertex -0.07023 0.48934 -0.07576
vertex -0.10160 0.48997 -0.08200
endloop
endfacet
facet normal 0.02000 0.99980 -0.00000
outer loop
vertex -0.10840 0.15003 0.00000
vertex -0.08085 0.14948 -0.06652
vertex -0.10840 0.15003 -0.07200
endloop
endfacet
facet normal -0.02000 -0.99980 0.00000
outer loop
vertex -0.10160 0.48997 0.00000
vertex -0.10160 0.48997 -0.08200
vertex -0.07023 0.48934 -0.07576
endloop
endfacet
facet normal -0.55465 0.03993 0.83112
outer loop
vertex -0.08085 0.14948 -0.06652
vertex -0.05750 0.14902 -0.05091
vertex -0.04363 0.48881 -0.05798
endloop
endfacet
facet normal -0.55465 0.03993 0.83112
outer loop
vertex -0.08085 0.14948 -0.06652
vertex -0.04363 0.48881 -0.05798
vertex -0.07023 0.48934 -0.07576
endloop
endfacet
facet normal 0.02000 0.99980 0.00000
outer loop
vertex -0.10840 0.15003 0.00000
vertex -0.05750 0.14902 -0.05091
vertex -0.08085 0.14948 -0.06652
endloop
endfacet
facet normal -0.02000 -0.99980 0.00000
outer loop
vertex -0.10160 0.48997 0.00000
vertex -0.07023 0.48934 -0.07576
vertex -0.04363 0.48881 -0.05798
endloop
endfacet
facet normal -0.83038 0.04545 0.55534
outer loop
vertex -0.05750 0.14902 -0.05091
vertex -0.04189 0.14870 -0.02755
vertex -0.02586 0.48845 -0.03138
endloop
endfacet
facet normal -0.83038 0.04545 0.55534
outer loop
vertex -0.05750 0.14902 -0.05091
vertex -0.02586 0.48845 -0.03138
vertex -0.04363 0.48881 -0.05798
endloop
endfacet
facet normal 0.02000 0.99980 -0.00000
outer loop
vertex -0.10840 0.15003 0.00000
vertex -0.04189 0.14870 -0.02755
vertex -0.05750 0.14902 -0.05091
endloop
endfacet
facet normal -0.02000 -0.99980 -0.00000
outer loop
vertex -0.10160 0.48997 0.00000
vertex -0.04363 0.48881 -0.05798
vertex -0.02586 0.48845 -0.03138
endloop
endfacet
facet normal -0.97960 0.04844 0.19501
outer loop
vertex -0.04189 0.14870 -0.02755
vertex -0.03641 0.14859 -0.00000
vertex -0.01962 0.48833 -0.00000
endloop
endfacet
facet normal -0.97960 0.04844 0.19501
outer loop
vertex -0.04189 0.14870 -0.02755
vertex -0.01962 0.48833 -0.00000
vertex -0.02586 0.48845 -0.03138
endloop
endfacet
facet normal 0.02000 0.99980 0.00000
outer loop
vertex -0.10840 0.15003 0.00000
vertex -0.03641 0.14859 -0.00000
vertex -0.04189 0.14870 -0.02755
endloop
endfacet
facet normal -0.02000 -0.99980 0.00000
outer loop
vertex -0.10160 0.48997 0.00000
vertex -0.02586 0.48845 -0.03138
vertex -0.01962 0.48833 -0.00000
endloop
endfacet
facet normal -0.98076 0.00922 -0.19501
outer loop
vertex 0.18039 0.15147 0.00000
vertex 0.17491 0.15136 0.02755
vertex 0.17734 0.49148 0.03138
endloop
endfacet
facet normal -0.98076 0.00922 -0.19501
outer loop
vertex 0.18039 0.15147 0.00000
vertex 0.17734 0.49148 0.03138
vertex 0.18358 0.49161 0.00000
endloop
endfacet
facet normal -0.02000 0.99980 0.00000
outer loop
vertex 0.10840 0.15003 0.00000
vertex 0.17491 0.15136 0.02755
vertex 0.18039 0.15147 0.00000
endloop
endfacet
facet normal 0.02000 -0.99980 0.00000
outer loop
vertex 0.10160 0.48997 0.00000
vertex 0.18358 0.49161 0.00000
vertex 0.17734 0.49148 0.03138
endloop
endfacet
facet normal -0.83153 0.01221 -0.55534
outer loop
vertex 0.17491 0.15136 0.02755
vertex 0.15930 0.15105 0.05091
vertex 0.15957 0.49113 0.05798
endloop
endfacet
facet normal -0.83153 0.01221 -0.55534
outer loop
vertex 0.17491 0.15136 0.02755
vertex 0.15957 0.49113 0.05798
vertex 0.17734 0.49148 0.03138
endloop
endfacet
facet normal -0.02000 0.99980 -0.00000
outer loop
vertex 0.10840 0.15003 0.00000
vertex 0.15930 0.15105 0.05091
vertex 0.17491 0.15136 0.02755
endloop
endfacet
facet normal 0.02000 -0.99980 -0.00000
outer loop
vertex 0.10160 0.48997 0.00000
vertex 0.17734 0.49148 0.03138
vertex 0.15957 0.49113 0.05798
endloop
endfacet
facet normal -0.55580 0.01772 -0.83112
outer loop
vertex 0.15930 0.15105 0.05091
vertex 0.13595 0.15059 0.06652
vertex 0.13297 0.49059 0.07576
endloop
endfacet
facet normal -0.55580 0.01772 -0.83112
outer loop
vertex 0.15930 0.15105 0.05091
vertex 0.13297 0.49059 0.07576
vertex 0.15957 0.49113 0.05798
endloop
endfacet
facet normal -0.02000 0.99980 0.00000
outer loop
vertex 0.10840 0.15003 0.00000
vertex 0.13595 0.15059 0.06652
vertex 0.15930 0.15105 0.05091
endloop
endfacet
facet normal 0.02000 -0.99980 0.00000
outer loop
vertex 0.10160 0.48997 0.00000
vertex 0.15957 0.49113 0.05798
vertex 0.13297 0.49059 0.07576
endloop
endfacet
facet normal -0.19555 0.02493 -0.98038
outer loop
vertex 0.13595 0.15059 0.06652
vertex 0.10840 0.15003 0.07200
vertex 0.10160 0.48997 0.08200
endloop
endfacet
facet normal -0.19555 0.02493 -0.98038
outer loop
vertex 0.13595 0.15059 0.06652
vertex 0.10160 0.48997 0.08200
vertex 0.13297 0.49059 0.07576
endloop
endfacet
facet normal -0.02000 0.99980 0.00000
outer loop
vertex 0.10840 0.15003 0.00000
vertex 0.10840 0.15003 0.07200
vertex 0.13595 0.15059 0.06652
endloop
endfacet
facet normal 0.02000 -0.99980 0.00000
outer loop
vertex 0.10160 0.48997 0.00000
vertex 0.13297 0.49059 0.07576
vertex 0.10160 0.48997 0.08200
endloop
endfacet
facet normal 0.19439 0.03273 -0.98038
outer loop
vertex 0.10840 0.15003 0.07200
vertex 0.08085 0.14948 0.06652
vertex 0.07023 0.48934 0.07576
endloop
endfacet
facet normal 0.19439 0.03273 -0.98038
outer loop
vertex 0.10840 0.15003 0.07200
vertex 0.07023 0.48934 0.07576
vertex 0.10160 0.48997 0.08200
endloop
endfacet
facet normal -0.02000 0.99980 0.00000
outer loop
vertex 0.10840 0.15003 0.00000
vertex 0.08085 0.14948 0.06652
vertex 0.10840 0.15003 0.07200
endloop
endfacet
facet normal 0.02000 -0.99980 0.00000
outer loop
vertex 0.10160 0.48997 0.00000
vertex 0.10160 0.48997 0.08200
vertex 0.07023 0.48934 0.07576
endloop
endfacet
facet normal 0.55465 0.03993 -0.83112
outer loop
vertex 0.08085 0.14948 0.06652
vertex 0.05750 0.14902 0.05091
vertex 0.04363 0.48881 0.05798
endloop
endfacet
facet normal 0.55465 0.03993 -0.83112
outer loop
vertex 0.08085 0.14948 0.06652
vertex 0.04363 0.48881 0.05798
vertex 0.07023 0.48934 0.07576
endloop
endfacet
facet normal -0.02000 0.99980 -0.00000
outer loop
vertex 0.10840 0.15003 0.00000
vertex 0.05750 0.14902 0.05091
vertex 0.08085 0.14948 0.06652
endloop
endfacet
facet normal 0.02000 -0.99980 -0.00000
outer loop
vertex 0.10160 0.48997 0.00000
vertex 0.07023 0.48934 0.07576
vertex 0.04363 0.48881 0.05798
endloop
endfacet
facet normal 0.83038 0.04545 -0.55534
outer loop
vertex 0.05750 0.14902 0.05091
vertex 0.04189 0.14870 0.02755
vertex 0.02586 0.48845 0.03138
endloop
endfacet
facet normal 0.83038 0.04545 -0.55534
outer loop
vertex 0.05750 0.14902 0.05091
vertex 0.02586 0.48845 0.03138
vertex 0.04363 0.48881 0.05798
endloop
endfacet
facet normal -0.02000 0.99980 0.00000
outer loop
vertex 0.10840 0.15003 0.00000
vertex 0.04189 0.14870 0.02755
vertex 0.05750 0.14902 0.05091
endloop
endfacet
facet normal 0.02000 -0.99980 0.00000
outer loop
vertex 0.10160 0.48997 0.00000
vertex 0.04363 0.48881 0.05798
vertex 0.02586 0.48845 0.03138
endloop
endfacet
facet normal 0.97960 0.04844 -0.19501
outer loop
vertex 0.04189 0.14870 0.02755
vertex 0.03641 0.14859 0.00000
vertex 0.01962 0.48833 0.00000
endloop
endfacet
facet normal 0.97960 0.04844 -0.19501
outer loop
vertex 0.04189 0.14870 0.02755
vertex 0.01962 0.48833 0.00000
vertex 0.02586 0.48845 0.03138
endloop
endfacet
facet normal -0.02000 0.99980 -0.00000
outer loop
vertex 0.10840 0.15003 0.00000
vertex 0.03641 0.14859 0.00000
vertex 0.04189 0.14870 0.02755
endloop
endfacet
facet normal 0.02000 -0.99980 -0.00000
outer loop
vertex 0.10160 0.48997 0.00000
vertex 0.02586 0.48845 0.03138
vertex 0.01962 0.48833 0.00000
endloop
endfacet
facet normal 0.97960 0.04844 0.19501
outer loop
vertex 0.03641 0.14859 0.00000
vertex 0.04189 0.14870 -0.02755
vertex 0.02586 0.48845 -0.03138
endloop
endfacet
facet normal 0.97960 0.04844 0.19501
outer loop
vertex 0.03641 0.14859 0.00000
vertex 0.02586 0.48845 -0.03138
vertex 0.01962 0.48833 0.00000
endloop
endfacet
facet normal -0.02000 0.99980 0.00000
outer loop
vertex 0.10840 0.15003 0.00000
vertex 0.04189 0.14870 -0.02755
vertex 0.03641 0.14859 0.00000
endloop
endfacet
facet normal 0.02000 -0.99980 0.00000
outer loop
vertex 0.10160 0.48997 0.00000
vertex 0.01962 0.48833 0.00000
vertex 0.02586 0.48845 -0.03138
endloop
endfacet
facet normal 0.83038 0.04545 0.55534
outer loop
vertex 0.04189 0.14870 -0.02755
vertex 0.05750 0.14902 -0.05091
vertex 0.04363 0.48881 -0.05798
endloop
endfacet
facet normal 0.83038 0.04545 0.55534
outer loop
vertex 0.04189 0.14870 -0.02755
vertex 0.04363 0.48881 -0.05798
vertex 0.02586 0.48845 -0.03138
endloop
endfacet
facet normal -0.02000 0.99980 -0.00000
outer loop
vertex 0.10840 0.15003 0.00000
vertex 0.05750 0.14902 -0.05091
vertex 0.04189 0.14870 -0.02755
endloop
endfacet
facet normal 0.02000 -0.99980 -0.00000
outer loop
vertex 0.10160 0.48997 0.00000
vertex 0.02586 0.48845 -0.03138
vertex 0.04363 0.48881 -0.05798
endloop
endfacet
facet normal 0.55465 0.03993 0.83112
outer loop
vertex 0.05750 0.14902 -0.05091
vertex 0.08085 0.14948 -0.06652
vertex 0.07023 0.48934 -0.07576
endloop
endfacet
facet normal 0.55465 0.03993 0.83112
outer loop
vertex 0.05750 0.14902 -0.05091
vertex 0.07023 0.48934 -0.07576
vertex 0.04363 0.48881 -0.05798
endloop
endfacet
facet normal -0.02000 0.99980 0.00000
outer loop
vertex 0.10840 0.15003 0.00000
vertex 0.08085 0.14948 -0.06652
vertex 0.05750 0.14902 -0.05091
endloop
endfacet
facet normal 0.02000 -0.99980 0.00000
outer loop
vertex 0.10160 0.48997 0.00000
vertex 0.04363 0.48881 -0.05798
vertex 0.07023 0.48934 -0.07576
endloop
endfacet
facet normal 0.19439 0.03273 0.98038
outer loop
vertex 0.08085 0.14948 -0.06652
vertex 0.10840 0.15003 -0.07200
vertex 0.10160 0.48997 -0.08200
endloop
endfacet
facet normal 0.19439 0.03273 0.98038
outer loop
vertex 0.08085 0.14948 -0.06652
vertex 0.10160 0.48997 -0.08200
vertex 0.07023 0.48934 -0.07576
endloop
endfacet
facet normal -0.02000 0.99980 0.00000
outer loop
vertex 0.10840 0.15003 0.00000
vertex 0.10840 0.15003 -0.07200
vertex 0.08085 0.14948 -0.06652
endloop
endfacet
facet normal 0.02000 -0.99980 -0.00000
outer loop
vertex 0.10160 0.48997 0.00000
vertex 0.07023 0.48934 -0.07576
vertex 0.10160 0.48997 -0.08200
endloop
endfacet
facet normal -0.19555 0.02493 0.98038
outer loop
vertex 0.10840 0.15003 -0.07200
vertex 0.13595 0.15059 -0.06652
vertex 0.13297 0.49059 -0.07576
endloop
endfacet
facet normal -0.19555 0.02493 0.98038
outer loop
vertex 0.10840 0.15003 -0.07200
vertex 0.13297 0.49059 -0.07576
vertex 0.10160 0.48997 -0.08200
endloop
endfacet
facet normal -0.02000 0.99980 0.00000
outer loop
vertex 0.10840 0.15003 0.00000
vertex 0.13595 0.15059 -0.06652
vertex 0.10840 0.15003 -0.07200
endloop
endfacet
facet normal 0.02000 -0.99980 -0.00000
outer loop
vertex 0.10160 0.48997 0.00000
vertex 0.10160 0.48997 -0.08200
vertex 0.13297 0.49059 -0.07576
endloop
endfacet
facet normal -0.55580 0.01772 0.83112
outer loop
vertex 0.13595 0.15059 -0.06652
vertex 0.15930 0.15105 -0.05091
vertex 0.15957 0.49113 -0.05798
endloop
endfacet
facet normal -0.55580 0.01772 0.83112
outer loop
vertex 0.13595 0.15059 -0.06652
vertex 0.15957 0.49113 -0.05798
vertex 0.13297 0.49059 -0.07576
endloop
endfacet
facet normal -0.02000 0.99980 -0.00000
outer loop
vertex 0.10840 0.15003 0.00000
vertex 0.15930 0.15105 -0.05091
vertex 0.13595 0.15059 -0.06652
endloop
endfacet
facet normal 0.02000 -0.99980 -0.00000
outer loop
vertex 0.10160 0.48997 0.00000
vertex 0.13297 0.49059 -0.07576
vertex 0.15957 0.49113 -0.05798
endloop
endfacet
facet normal -0.83153 0.01221 0.55534
outer loop
vertex 0.15930 0.15105 -0.05091
vertex 0.17491 0.15136 -0.02755
vertex 0.17734 0.49148 -0.03138
endloop
endfacet
facet normal -0.83153 0.01221 0.55534
outer loop
vertex 0.15930 0.15105 -0.05091
vertex 0.17734 0.49148 -0.03138
vertex 0.15957 0.49113 -0.05798
endloop
endfacet
facet normal -0.02000 0.99980 0.00000
outer loop
vertex 0.10840 0.15003 0.00000
vertex 0.17491 0.15136 -0.02755
vertex 0.15930 0.15105 -0.05091
endloop
endfacet
facet normal 0.02000 -0.99980 0.00000
outer loop
vertex 0.10160 0.48997 0.00000
vertex 0.15957 0.49113 -0.05798
vertex 0.17734 0.49148 -0.03138
endloop
endfacet
facet normal -0.98076 0.00922 0.19501
outer loop
vertex 0.17491 0.15136 -0.02755
vertex 0.18039 0.15147 -0.00000
vertex 0.18358 0.49161 -0.00000
endloop
endfacet
facet normal -0.98076 0.00922 0.19501
outer loop
vertex 0.17491 0.15136 -0.02755
vertex 0.18358 0.49161 -0.00000
vertex 0.17734 0.49148 -0.03138
endloop
endfacet
facet normal -0.02000 0.99980 -0.00000
outer loop
vertex 0.10840 0.15003 0.00000
vertex 0.18039 0.15147 -0.00000
vertex 0.17491 0.15136 -0.02755
endloop
endfacet
facet normal 0.02000 -0.99980 -0.00000
outer loop
vertex 0.10160 0.48997 0.00000
vertex 0.17734 0.49148 -0.03138
vertex 0.18358 0.49161 -0.00000
endloop
endfacet
facet normal -0.98038 0.03023 -0.19480
outer loop
vertex -0.01478 0.46220 0.00000
vertex -0.02132 0.46204 0.03291
vertex -0.01227 0.80237 0.04018
endloop
endfacet
facet normal -0.98038 0.03023 -0.19480
outer loop
vertex -0.01478 0.46220 0.00000
vertex -0.01227 0.80237 0.04018
vertex -0.00428 0.80257 0.00000
endloop
endfacet
facet normal -0.02500 0.99969 0.00000
outer loop
vertex -0.10075 0.46005 0.00000
vertex -0.02132 0.46204 0.03291
vertex -0.01478 0.46220 0.00000
endloop
endfacet
facet normal 0.02500 -0.99969 -0.00000
outer loop
vertex -0.10925 0.79995 0.00000
vertex -0.00428 0.80257 0.00000
vertex -0.01227 0.80237 0.04018
endloop
endfacet
facet normal -0.83133 0.03396 -0.55474
outer loop
vertex -0.02132 0.46204 0.03291
vertex -0.03996 0.46157 0.06081
vertex -0.03503 0.80180 0.07425
endloop
endfacet
facet normal -0.83133 0.03396 -0.55474
outer loop
vertex -0.02132 0.46204 0.03291
vertex -0.03503 0.80180 0.07425
vertex -0.01227 0.80237 0.04018
endloop
endfacet
facet normal -0.02500 0.99969 0.00000
outer loop
vertex -0.10075 0.46005 0.00000
vertex -0.03996 0.46157 0.06081
vertex -0.02132 0.46204 0.03291
endloop
endfacet
facet normal 0.02500 -0.99969 0.00000
outer loop
vertex -0.10925 0.79995 0.00000
vertex -0.01227 0.80237 0.04018
vertex -0.03503 0.80180 0.07425
endloop
endfacet
facet normal -0.55593 0.04084 -0.83022
outer loop
vertex -0.03996 0.46157 0.06081
vertex -0.06785 0.46088 0.07945
vertex -0.06908 0.80095 0.09701
endloop
endfacet
facet normal -0.55593 0.04084 -0.83022
outer loop
vertex -0.03996 0.46157 0.06081
vertex -0.06908 0.80095 0.09701
vertex -0.03503 0.80180 0.07425
endloop
endfacet
facet normal -0.02500 0.99969 0.00000
outer loop
vertex -0.10075 0.46005 0.00000
vertex -0.06785 0.46088 0.07945
vertex -0.03996 0.46157 0.06081
endloop
endfacet
facet normal 0.02500 -0.99969 -0.00000
outer loop
vertex -0.10925 0.79995 0.00000
vertex -0.03503 0.80180 0.07425
vertex -0.06908 0.80095 0.09701
endloop
endfacet
facet normal -0.19611 0.04984 -0.97932
outer loop
vertex -0.06785 0.46088 0.07945
vertex -0.10075 0.46005 0.08600
vertex -0.10925 0.79995 0.10500
endloop
endfacet
facet normal -0.19611 0.04984 -0.97932
outer loop
vertex -0.06785 0.46088 0.07945
vertex -0.10925 0.79995 0.10500
vertex -0.06908 0.80095 0.09701
endloop
endfacet
facet normal -0.02500 0.99969 0.00000
outer loop
vertex -0.10075 0.46005 0.00000
vertex -0.10075 0.46005 0.08600
vertex -0.06785 0.46088 0.07945
endloop
endfacet
facet normal 0.02500 -0.99969 0.00000
outer loop
vertex -0.10925 0.79995 0.00000
vertex -0.06908 0.80095 0.09701
vertex -0.10925 0.79995 0.10500
endloop
endfacet
facet normal 0.19337 0.05958 -0.97932
outer loop
vertex -0.10075 0.46005 0.08600
vertex -0.13365 0.45923 0.07945
vertex -0.14942 0.79894 0.09701
endloop
endfacet
facet normal 0.19337 0.05958 -0.97932
outer loop
vertex -0.10075 0.46005 0.08600
vertex -0.14942 0.79894 0.09701
vertex -0.10925 0.79995 0.10500
endloop
endfacet
facet normal -0.02500 0.99969 0.00000
outer loop
vertex -0.10075 0.46005 0.00000
vertex -0.13365 0.45923 0.07945
vertex -0.10075 0.46005 0.08600
endloop
endfacet
facet normal 0.02500 -0.99969 0.00000
outer loop
vertex -0.10925 0.79995 0.00000
vertex -0.10925 0.79995 0.10500
vertex -0.14942 0.79894 0.09701
endloop
endfacet
facet normal 0.55320 0.06858 -0.83022
outer loop
vertex -0.13365 0.45923 0.07945
vertex -0.16154 0.45853 0.06081
vertex -0.18347 0.79809 0.07425
endloop
endfacet
facet normal 0.55320 0.06858 -0.83022
outer loop
vertex -0.13365 0.45923 0.07945
vertex -0.18347 0.79809 0.07425
vertex -0.14942 0.79894 0.09701
endloop
endfacet
facet normal -0.02500 0.99969 0.00000
outer loop
vertex -0.10075 0.46005 0.00000
vertex -0.16154 0.45853 0.06081
vertex -0.13365 0.45923 0.07945
endloop
endfacet
facet normal 0.02500 -0.99969 0.00000
outer loop
vertex -0.10925 0.79995 0.00000
vertex -0.14942 0.79894 0.09701
vertex -0.18347 0.79809 0.07425
endloop
endfacet
facet normal 0.82860 0.07546 -0.55474
outer loop
vertex -0.16154 0.45853 0.06081
vertex -0.18018 0.45807 0.03291
vertex -0.20623 0.79752 0.04018
endloop
endfacet
facet normal 0.82860 0.07546 -0.55474
outer loop
vertex -0.16154 0.45853 0.06081
vertex -0.20623 0.79752 0.04018
vertex -0.18347 0.79809 0.07425
endloop
endfacet
facet normal -0.02500 0.99969 -0.00000
outer loop
vertex -0.10075 0.46005 0.00000
vertex -0.18018 0.45807 0.03291
vertex -0.16154 0.45853 0.06081
endloop
endfacet
facet normal 0.02500 -0.99969 -0.00000
outer loop
vertex -0.10925 0.79995 0.00000
vertex -0.18347 0.79809 0.07425
vertex -0.20623 0.79752 0.04018
endloop
endfacet
facet normal 0.97764 0.07919 -0.19480
outer loop
vertex -0.18018 0.45807 0.03291
vertex -0.18672 0.45790 0.00000
vertex -0.21422 0.79732 0.00000
endloop
endfacet
facet normal 0.97764 0.07919 -0.19480
outer loop
vertex -0.18018 0.45807 0.03291
vertex -0.21422 0.79732 0.00000
vertex -0.20623 0.79752 0.04018
endloop
endfacet
facet normal -0.02500 0.99969 -0.00000
outer loop
vertex -0.10075 0.46005 0.00000
vertex -0.18672 0.45790 0.00000
vertex -0.18018 0.45807 0.03291
endloop
endfacet
facet normal 0.02500 -0.99969 0.00000
outer loop
vertex -0.10925 0.79995 0.00000
vertex -0.20623 0.79752 0.04018
vertex -0.21422 0.79732 0.00000
endloop
endfacet
facet normal 0.97764 0.07919 0.19480
outer loop
vertex -0.18672 0.45790 0.00000
vertex -0.18018 0.45807 -0.03291
vertex -0.20623 0.79752 -0.04018
endloop
endfacet
facet normal 0.97764 0.07919 0.19480
outer loop
vertex -0.18672 0.45790 0.00000
vertex -0.20623 0.79752 -0.04018
vertex -0.21422 0.79732 0.00000
endloop
endfacet
facet normal -0.02500 0.99969 0.00000
outer loop
vertex -0.10075 0.46005 0.00000
vertex -0.18018 0.45807 -0.03291
vertex -0.18672 0.45790 0.00000
endloop
endfacet
facet normal 0.02500 -0.99969 -0.00000
outer loop
vertex -0.10925 0.79995 0.00000
vertex -0.21422 0.79732 0.00000
vertex -0.20623 0.79752 -0.04018
endloop
endfacet
facet normal 0.82860 0.07546 0.55474
outer loop
vertex -0.18018 0.45807 -0.03291
vertex -0.16154 0.45853 -0.06081
vertex -0.18347 0.79809 -0.07425
endloop
endfacet
facet normal 0.82860 0.07546 0.55474
outer loop
vertex -0.18018 0.45807 -0.03291
vertex -0.18347 0.79809 -0.07425
vertex -0.20623 0.79752 -0.04018
endloop
endfacet
facet normal -0.02500 0.99969 0.00000
outer loop
vertex -0.10075 0.46005 0.00000
vertex -0.16154 0.45853 -0.06081
vertex -0.18018 0.45807 -0.03291
endloop
endfacet
facet normal 0.02500 -0.99969 0.00000
outer loop
vertex -0.10925 0.79995 0.00000
vertex -0.20623 0.79752 -0.04018
vertex -0.18347 0.79809 -0.07425
endloop
endfacet
facet normal 0.55320 0.06858 0.83022
outer loop
vertex -0.16154 0.45853 -0.06081
vertex -0.13365 0.45923 -0.07945
vertex -0.14942 0.79894 -0.09701
endloop
endfacet
facet normal 0.55320 0.06858 0.83022
outer loop
vertex -0.16154 0.45853 -0.06081
vertex -0.14942 0.79894 -0.09701
vertex -0.18347 0.79809 -0.07425
endloop
endfacet
facet normal -0.02500 0.99969 0.00000
outer loop
vertex -0.10075 0.46005 0.00000
vertex -0.13365 0.45923 -0.07945
vertex -0.16154 0.45853 -0.06081
endloop
endfacet
facet normal 0.02500 -0.99969 -0.00000
outer loop
vertex -0.10925 0.79995 0.00000
vertex -0.18347 0.79809 -0.07425
vertex -0.14942 0.79894 -0.09701
endloop
endfacet
facet normal 0.19337 0.05958 0.97932
outer loop
vertex -0.13365 0.45923 -0.07945
vertex -0.10075 0.46005 -0.08600
vertex -0.10925 0.79995 -0.10500
endloop
endfacet
facet normal 0.19337 0.05958 0.97932
outer loop
vertex -0.13365 0.45923 -0.07945
vertex -0.10925 0.79995 -0.10500
vertex -0.14942 0.79894 -0.09701
endloop
endfacet
facet normal -0.02500 0.99969 0.00000
outer loop
vertex -0.10075 0.46005 0.00000
vertex -0.10075 0.46005 -0.08600
vertex -0.13365 0.45923 -0.07945
endloop
endfacet
facet normal 0.02500 -0.99969 -0.00000
outer loop
vertex -0.10925 0.79995 0.00000
vertex -0.14942 0.79894 -0.09701
vertex -0.10925 0.79995 -0.10500
endloop
endfacet
facet normal -0.19611 0.04984 0.97932
outer loop
vertex -0.10075 0.46005 -0.08600
vertex -0.06785 0.46088 -0.07945
vertex -0.06908 0.80095 -0.09701
endloop
endfacet
facet normal -0.19611 0.04984 0.97932
outer loop
vertex -0.10075 0.46005 -0.08600
vertex -0.06908 0.80095 -0.09701
vertex -0.10925 0.79995 -0.10500
endloop
endfacet
facet normal -0.02500 0.99969 0.00000
outer loop
vertex -0.10075 0.46005 0.00000
vertex -0.06785 0.46088 -0.07945
vertex -0.10075 0.46005 -0.08600
endloop
endfacet
facet normal 0.02500 -0.99969 -0.00000
outer loop
vertex -0.10925 0.79995 0.00000
vertex -0.10925 0.79995 -0.10500
vertex -0.06908 0.80095 -0.09701
endloop
endfacet
facet normal -0.55593 0.04084 0.83022
outer loop
vertex -0.06785 0.46088 -0.07945
vertex -0.03996 0.46157 -0.06081
vertex -0.03503 0.80180 -0.07425
endloop
endfacet
facet normal -0.55593 0.04084 0.83022
outer loop
vertex -0.06785 0.46088 -0.07945
vertex -0.03503 0.80180 -0.07425
vertex -0.06908 0.80095 -0.09701
endloop
endfacet
facet normal -0.02500 0.99969 -0.00000
outer loop
vertex -0.10075 0.46005 0.00000
vertex -0.03996 0.46157 -0.06081
vertex -0.06785 0.46088 -0.07945
endloop
endfacet
facet normal 0.02500 -0.99969 0.00000
outer loop
vertex -0.10925 0.79995 0.00000
vertex -0.06908 0.80095 -0.09701
vertex -0.03503 0.80180 -0.07425
endloop
endfacet
facet normal -0.83133 0.03396 0.55474
outer loop
vertex -0.03996 0.46157 -0.06081
vertex -0.02132 0.46204 -0.03291
vertex -0.01227 0.80237 -0.04018
endloop
endfacet
facet normal -0.83133 0.03396 0.55474
outer loop
vertex -0.03996 0.46157 -0.06081
vertex -0.01227 0.80237 -0.04018
vertex -0.03503 0.80180 -0.07425
endloop
endfacet
facet normal -0.02500 0.99969 -0.00000
outer loop
vertex -0.10075 0.46005 0.00000
vertex -0.02132 0.46204 -0.03291
vertex -0.03996 0.46157 -0.06081
endloop
endfacet
facet normal 0.02500 -0.99969 -0.00000
outer loop
vertex -0.10925 0.79995 0.00000
vertex -0.03503 0.80180 -0.07425
vertex -0.01227 0.80237 -0.04018
endloop
endfacet
facet normal -0.98038 0.03023 0.19480
outer loop
vertex -0.02132 0.46204 -0.03291
vertex -0.01478 0.46220 -0.00000
vertex -0.00428 0.80257 -0.00000
endloop
endfacet
facet normal -0.98038 0.03023 0.19480
outer loop
vertex -0.02132 0.46204 -0.03291
vertex -0.00428 0.80257 -0.00000
vertex -0.01227 0.80237 -0.04018
endloop
endfacet
facet normal -0.02500 0.99969 -0.00000
outer loop
vertex -0.10075 0.46005 0.00000
vertex -0.01478 0.46220 -0.00000
vertex -0.02132 0.46204 -0.03291
endloop
endfacet
facet normal 0.02500 -0.99969 0.00000
outer loop
vertex -0.10925 0.79995 0.00000
vertex -0.01227 0.80237 -0.04018
vertex -0.00428 0.80257 -0.00000
endloop
endfacet
facet normal -0.97764 0.07919 -0.19480
outer loop
vertex 0.18672 0.45790 0.00000
vertex 0.18018 0.45807 0.03291
vertex 0.20623 0.79752 0.04018
endloop
endfacet
facet normal -0.97764 0.07919 -0.19480
outer loop
vertex 0.18672 0.45790 0.00000
vertex 0.20623 0.79752 0.04018
vertex 0.21422 0.79732 0.00000
endloop
endfacet
facet normal 0.02500 0.99969 -0.00000
outer loop
vertex 0.10075 0.46005 0.00000
vertex 0.18018 0.45807 0.03291
vertex 0.18672 0.45790 0.00000
endloop
endfacet
facet normal -0.02500 -0.99969 0.00000
outer loop
vertex 0.10925 0.79995 0.00000
vertex 0.21422 0.79732 0.00000
vertex 0.20623 0.79752 0.04018
endloop
endfacet
facet normal -0.82860 0.07546 -0.55474
outer loop
vertex 0.18018 0.45807 0.03291
vertex 0.16154 0.45853 0.06081
vertex 0.18347 0.79809 0.07425
endloop
endfacet
facet normal -0.82860 0.07546 -0.55474
outer loop
vertex 0.18018 0.45807 0.03291
vertex 0.18347 0.79809 0.07425
vertex 0.20623 0.79752 0.04018
endloop
endfacet
facet normal 0.02500 0.99969 -0.00000
outer loop
vertex 0.10075 0.46005 0.00000
vertex 0.16154 0.45853 0.06081
vertex 0.18018 0.45807 0.03291
endloop
endfacet
facet normal -0.02500 -0.99969 -0.00000
outer loop
vertex 0.10925 0.79995 0.00000
vertex 0.20623 0.79752 0.04018
vertex 0.18347 0.79809 0.07425
endloop
endfacet
facet normal -0.55320 0.06858 -0.83022
outer loop
vertex 0.16154 0.45853 0.06081
vertex 0.13365 0.45923 0.07945
vertex 0.14942 0.79894 0.09701
endloop
endfacet
facet normal -0.55320 0.06858 -0.83022
outer loop
vertex 0.16154 0.45853 0.06081
vertex 0.14942 0.79894 0.09701
vertex 0.18347 0.79809 0.07425
endloop
endfacet
facet normal 0.02500 0.99969 -0.00000
outer loop
vertex 0.10075 0.46005 0.00000
vertex 0.13365 0.45923 0.07945
vertex 0.16154 0.45853 0.06081
endloop
endfacet
facet normal -0.02500 -0.99969 0.00000
outer loop
vertex 0.10925 0.79995 0.00000
vertex 0.18347 0.79809 0.07425
vertex 0.14942 0.79894 0.09701
endloop
endfacet
facet normal -0.19337 0.05958 -0.97932
outer loop
vertex 0.13365 0.45923 0.07945
vertex 0.10075 0.46005 0.08600
vertex 0.10925 0.79995 0.10500
endloop
endfacet
facet normal -0.19337 0.05958 -0.97932
outer loop
vertex 0.13365 0.45923 0.07945
vertex 0.10925 0.79995 0.10500
vertex 0.14942 0.79894 0.09701
endloop
endfacet
facet normal 0.02500 0.99969 0.00000
outer loop
vertex 0.10075 0.46005 0.00000
vertex 0.10075 0.46005 0.08600
vertex 0.13365 0.45923 0.07945
endloop
endfacet
facet normal -0.02500 -0.99969 0.00000
outer loop
vertex 0.10925 0.79995 0.00000
vertex 0.14942 0.79894 0.09701
vertex 0.10925 0.79995 0.10500
endloop
endfacet
facet normal 0.19611 0.04984 -0.97932
outer loop
vertex 0.10075 0.46005 0.08600
vertex 0.06785 0.46088 0.07945
vertex 0.06908 0.80095 0.09701
endloop
endfacet
facet normal 0.19611 0.04984 -0.97932
outer loop
vertex 0.10075 0.46005 0.08600
vertex 0.06908 0.80095 0.09701
vertex 0.10925 0.79995 0.10500
endloop
endfacet
facet normal 0.02500 0.99969 0.00000
outer loop
vertex 0.10075 0.46005 0.00000
vertex 0.06785 0.46088 0.07945
vertex 0.10075 0.46005 0.08600
endloop
endfacet
facet normal -0.02500 -0.99969 0.00000
outer loop
vertex 0.10925 0.79995 0.00000
vertex 0.10925 0.79995 0.10500
vertex 0.06908 0.80095 0.09701
endloop
endfacet
facet normal 0.55593 0.04084 -0.83022
outer loop
vertex 0.06785 0.46088 0.07945
vertex 0.03996 0.46157 0.06081
vertex 0.03503 0.80180 0.07425
endloop
endfacet
facet normal 0.55593 0.04084 -0.83022
outer loop
vertex 0.06785 0.46088 0.07945
vertex 0.03503 0.80180 0.07425
vertex 0.06908 0.80095 0.09701
endloop
endfacet
facet normal 0.02500 0.99969 0.00000
outer loop
vertex 0.10075 0.46005 0.00000
vertex 0.03996 0.46157 0.06081
vertex 0.06785 0.46088 0.07945
endloop
endfacet
facet normal -0.02500 -0.99969 -0.00000
outer loop
vertex 0.10925 0.79995 0.00000
vertex 0.06908 0.80095 0.09701
vertex 0.03503 0.80180 0.07425
endloop
endfacet
facet normal 0.83133 0.03396 -0.55474
outer loop
vertex 0.03996 0.46157 0.06081
vertex 0.02132 0.46204 0.03291
vertex 0.01227 0.80237 0.04018
endloop
endfacet
facet normal 0.83133 0.03396 -0.55474
outer loop
vertex 0.03996 0.46157 0.06081
vertex 0.01227 0.80237 0.04018
vertex 0.03503 0.80180 0.07425
endloop
endfacet
facet normal 0.02500 0.99969 0.00000
outer loop
vertex 0.10075 0.46005 0.00000
vertex 0.02132 0.46204 0.03291
vertex 0.03996 0.46157 0.06081
endloop
endfacet
facet normal -0.02500 -0.99969 0.00000
outer loop
vertex 0.10925 0.79995 0.00000
vertex 0.03503 0.80180 0.07425
vertex 0.01227 0.80237 0.04018
endloop
endfacet
facet normal 0.98038 0.03023 -0.19480
outer loop
vertex 0.02132 0.46204 0.03291
vertex 0.01478 0.46220 0.00000
vertex 0.00428 0.80257 0.00000
endloop
endfacet
facet normal 0.98038 0.03023 -0.19480
outer loop
vertex 0.02132 0.46204 0.03291
vertex 0.00428 0.80257 0.00000
vertex 0.01227 0.80237 0.04018
endloop
endfacet
facet normal 0.02500 0.99969 0.00000
outer loop
vertex 0.10075 0.46005 0.00000
vertex 0.01478 0.46220 0.00000
vertex 0.02132 0.46204 0.03291
endloop
endfacet
facet normal -0.02500 -0.99969 -0.00000
outer loop
vertex 0.10925 0.79995 0.00000
vertex 0.01227 0.80237 0.04018
vertex 0.00428 0.80257 0.00000
endloop
endfacet
facet normal 0.98038 0.03023 0.19480
outer loop
vertex 0.01478 0.46220 0.00000
vertex 0.02132 0.46204 -0.03291
vertex 0.01227 0.80237 -0.04018
endloop
endfacet
facet normal 0.98038 0.03023 0.19480
outer loop
vertex 0.01478 0.46220 0.00000
vertex 0.01227 0.80237 -0.04018
vertex 0.00428 0.80257 0.00000
endloop
endfacet
facet normal 0.02500 0.99969 -0.00000
outer loop
vertex 0.10075 0.46005 0.00000
vertex 0.02132 0.46204 -0.03291
vertex 0.01478 0.46220 0.00000
endloop
endfacet
facet normal -0.02500 -0.99969 0.00000
outer loop
vertex 0.10925 0.79995 0.00000
vertex 0.00428 0.80257 0.00000
vertex 0.01227 0.80237 -0.04018
endloop
endfacet
facet normal 0.83133 0.03396 0.55474
outer loop
vertex 0.02132 0.46204 -0.03291
vertex 0.03996 0.46157 -0.06081
vertex 0.03503 0.80180 -0.07425
endloop
endfacet
facet normal 0.83133 0.03396 0.55474
outer loop
vertex 0.02132 0.46204 -0.03291
vertex 0.03503 0.80180 -0.07425
vertex 0.01227 0.80237 -0.04018
endloop
endfacet
facet normal 0.02500 0.99969 -0.00000
outer loop
vertex 0.10075 0.46005 0.00000
vertex 0.03996 0.46157 -0.06081
vertex 0.02132 0.46204 -0.03291
endloop
endfacet
facet normal -0.02500 -0.99969 -0.00000
outer loop
vertex 0.10925 0.79995 0.00000
vertex 0.01227 0.80237 -0.04018
vertex 0.03503 0.80180 -0.07425
endloop
endfacet
facet normal 0.55593 0.04084 0.83022
outer loop
vertex 0.03996 0.46157 -0.06081
vertex 0.06785 0.46088 -0.07945
vertex 0.06908 0.80095 -0.09701
endloop
endfacet
facet normal 0.55593 0.04084 0.83022
outer loop
vertex 0.03996 0.46157 -0.06081
vertex 0.06908 0.80095 -0.09701
vertex 0.03503 0.80180 -0.07425
endloop
endfacet
facet normal 0.02500 0.99969 -0.00000
outer loop
vertex 0.10075 0.46005 0.00000
vertex 0.06785 0.46088 -0.07945
vertex 0.03996 0.46157 -0.06081
endloop
endfacet
facet normal -0.02500 -0.99969 0.00000
outer loop
vertex 0.10925 0.79995 0.00000
vertex 0.03503 0.80180 -0.07425
vertex 0.06908 0.80095 -0.09701
endloop
endfacet
facet normal 0.19611 0.04984 0.97932
outer loop
vertex 0.06785 0.46088 -0.07945
vertex 0.10075 0.46005 -0.08600
vertex 0.10925 0.79995 -0.10500
endloop
endfacet
facet normal 0.19611 0.04984 0.97932
outer loop
vertex 0.06785 0.46088 -0.07945
vertex 0.10925 0.79995 -0.10500
vertex 0.06908 0.80095 -0.09701
endloop
endfacet
facet normal 0.02500 0.99969 -0.00000
outer loop
vertex 0.10075 0.46005 0.00000
vertex 0.10075 0.46005 -0.08600
vertex 0.06785 0.46088 -0.07945
endloop
endfacet
facet normal -0.02500 -0.99969 0.00000
outer loop
vertex 0.10925 0.79995 0.00000
vertex 0.06908 0.80095 -0.09701
vertex 0.10925 0.79995 -0.10500
endloop
endfacet
facet normal -0.19337 0.05958 0.97932
outer loop
vertex 0.10075 0.46005 -0.08600
vertex 0.13365 0.45923 -0.07945
vertex 0.14942 0.79894 -0.09701
endloop
endfacet
facet normal -0.19337 0.05958 0.97932
outer loop
vertex 0.10075 0.46005 -0.08600
vertex 0.14942 0.79894 -0.09701
vertex 0.10925 0.79995 -0.10500
endloop
endfacet
facet normal 0.02500 0.99969 -0.00000
outer loop
vertex 0.10075 0.46005 0.00000
vertex 0.13365 0.45923 -0.07945
vertex 0.10075 0.46005 -0.08600
endloop
endfacet
facet normal -0.02500 -0.99969 0.00000
outer loop
vertex 0.10925 0.79995 0.00000
vertex 0.10925 0.79995 -0.10500
vertex 0.14942 0.79894 -0.09701
endloop
endfacet
facet normal -0.55320 0.06858 0.83022
outer loop
vertex 0.13365 0.45923 -0.07945
vertex 0.16154 0.45853 -0.06081
vertex 0.18347 0.79809 -0.07425
endloop
endfacet
facet normal -0.55320 0.06858 0.83022
outer loop
vertex 0.13365 0.45923 -0.07945
vertex 0.18347 0.79809 -0.07425
vertex 0.14942 0.79894 -0.09701
endloop
endfacet
facet normal 0.02500 0.99969 0.00000
outer loop
vertex 0.10075 0.46005 0.00000
vertex 0.16154 0.45853 -0.06081
vertex 0.13365 0.45923 -0.07945
endloop
endfacet
facet normal -0.02500 -0.99969 -0.00000
outer loop
vertex 0.10925 0.79995 0.00000
vertex 0.14942 0.79894 -0.09701
vertex 0.18347 0.79809 -0.07425
endloop
endfacet
facet normal -0.82860 0.07546 0.55474
outer loop
vertex 0.16154 0.45853 -0.06081
vertex 0.18018 0.45807 -0.03291
vertex 0.20623 0.79752 -0.04018
endloop
endfacet
facet normal -0.82860 0.07546 0.55474
outer loop
vertex 0.16154 0.45853 -0.06081
vertex 0.20623 0.79752 -0.04018
vertex 0.18347 0.79809 -0.07425
endloop
endfacet
facet normal 0.02500 0.99969 0.00000
outer loop
vertex 0.10075 0.46005 0.00000
vertex 0.18018 0.45807 -0.03291
vertex 0.16154 0.45853 -0.06081
endloop
endfacet
facet normal -0.02500 -0.99969 0.00000
outer loop
vertex 0.10925 0.79995 0.00000
vertex 0.18347 0.79809 -0.07425
vertex 0.20623 0.79752 -0.04018
endloop
endfacet
facet normal -0.97764 0.07919 0.19480
outer loop
vertex 0.18018 0.45807 -0.03291
vertex 0.18672 0.45790 -0.00000
vertex 0.21422 0.79732 -0.00000
endloop
endfacet
facet normal -0.97764 0.07919 0.19480
outer loop
vertex 0.18018 0.45807 -0.03291
vertex 0.21422 0.79732 -0.00000
vertex 0.20623 0.79752 -0.04018
endloop
endfacet
facet normal 0.02500 0.99969 0.00000
outer loop
vertex 0.10075 0.46005 0.00000
vertex 0.18672 0.45790 -0.00000
vertex 0.18018 0.45807 -0.03291
endloop
endfacet
facet normal -0.02500 -0.99969 -0.00000
outer loop
vertex 0.10925 0.79995 0.00000
vertex 0.20623 0.79752 -0.04018
vertex 0.21422 0.79732 -0.00000
endloop
endfacet
facet normal -0.98025 0.12253 -0.15526
outer loop
vertex 0.18000 0.78000 0.00000
vertex 0.17119 0.78000 0.05562
vertex 0.19021 0.94000 0.06180
endloop
endfacet
facet normal -0.98025 0.12253 -0.15526
outer loop
vertex 0.18000 0.78000 0.00000
vertex 0.19021 0.94000 0.06180
vertex 0.20000 0.94000 0.00000
endloop
endfacet
facet normal 0.00000 1.00000 0.00000
outer loop
vertex 0.00000 0.78000 0.00000
vertex 0.17119 0.78000 0.05562
vertex 0.18000 0.78000 0.00000
endloop
endfacet
facet normal 0.00000 -1.00000 0.00000
outer loop
vertex 0.00000 0.94000 0.00000
vertex 0.20000 0.94000 0.00000
vertex 0.19021 0.94000 0.06180
endloop
endfacet
facet normal -0.88429 0.12253 -0.45057
outer loop
vertex 0.17119 0.78000 0.05562
vertex 0.14562 0.78000 0.10580
vertex 0.16180 0.94000 0.11756
endloop
endfacet
facet normal -0.88429 0.12253 -0.45057
outer loop
vertex 0.17119 0.78000 0.05562
vertex 0.16180 0.94000 0.11756
vertex 0.19021 0.94000 0.06180
endloop
endfacet
facet normal 0.00000 1.00000 0.00000
outer loop
vertex 0.00000 0.78000 0.00000
vertex 0.14562 0.78000 0.10580
vertex 0.17119 0.78000 0.05562
endloop
endfacet
facet normal 0.00000 -1.00000 0.00000
outer loop
vertex 0.00000 0.94000 0.00000
vertex 0.19021 0.94000 0.06180
vertex 0.16180 0.94000 0.11756
endloop
endfacet
facet normal -0.70178 0.12253 -0.70178
outer loop
vertex 0.14562 0.78000 0.10580
vertex 0.10580 0.78000 0.14562
vertex 0.11756 0.94000 0.16180
endloop
endfacet
facet normal -0.70178 0.12253 -0.70178
outer loop
vertex 0.14562 0.78000 0.10580
vertex 0.11756 0.94000 0.16180
vertex 0.16180 0.94000 0.11756
endloop
endfacet
facet normal 0.00000 1.00000 0.00000
outer loop
vertex 0.00000 0.78000 0.00000
vertex 0.10580 0.78000 0.14562
vertex 0.14562 0.78000 0.10580
endloop
endfacet
facet normal 0.00000 -1.00000 0.00000
outer loop
vertex 0.00000 0.94000 0.00000
vertex 0.16180 0.94000 0.11756
vertex 0.11756 0.94000 0.16180
endloop
endfacet
facet normal -0.45057 0.12253 -0.88429
outer loop
vertex 0.10580 0.78000 0.14562
vertex 0.05562 0.78000 0.17119
vertex 0.06180 0.94000 0.19021
endloop
endfacet
facet normal -0.45057 0.12253 -0.88429
outer loop
vertex 0.10580 0.78000 0.14562
vertex 0.06180 0.94000 0.19021
vertex 0.11756 0.94000 0.16180
endloop
endfacet
facet normal 0.00000 1.00000 0.00000
outer loop
vertex 0.00000 0.78000 0.00000
vertex 0.05562 0.78000 0.17119
vertex 0.10580 0.78000 0.14562
endloop
endfacet
facet normal 0.00000 -1.00000 0.00000
outer loop
vertex 0.00000 0.94000 0.00000
vertex 0.11756 0.94000 0.16180
vertex 0.06180 0.94000 0.19021
endloop
endfacet
facet normal -0.15526 0.12253 -0.98025
outer loop
vertex 0.05562 0.78000 0.17119
vertex 0.00000 0.78000 0.18000
vertex 0.00000 0.94000 0.20000
endloop
endfacet
facet normal -0.15526 0.12253 -0.98025
outer loop
vertex 0.05562 0.78000 0.17119
vertex 0.00000 0.94000 0.20000
vertex 0.06180 0.94000 0.19021
endloop
endfacet
facet normal 0.00000 1.00000 0.00000
outer loop
vertex 0.00000 0.78000 0.00000
vertex 0.00000 0.78000 0.18000
vertex 0.05562 0.78000 0.17119
endloop
endfacet
facet normal 0.00000 -1.00000 0.00000
outer loop
vertex 0.00000 0.94000 0.00000
vertex 0.06180 0.94000 0.19021
vertex 0.00000 0.94000 0.20000
endloop
endfacet
facet normal 0.15526 0.12253 -0.98025
outer loop
vertex 0.00000 0.78000 0.18000
vertex -0.05562 0.78000 0.17119
vertex -0.06180 0.94000 0.19021
endloop
endfacet
facet normal 0.15526 0.12253 -0.98025
outer loop
vertex 0.00000 0.78000 0.18000
vertex -0.06180 0.94000 0.19021
vertex 0.00000 0.94000 0.20000
endloop
endfacet
facet normal 0.00000 1.00000 0.00000
outer loop
vertex 0.00000 0.78000 0.00000
vertex -0.05562 0.78000 0.17119
vertex 0.00000 0.78000 0.18000
endloop
endfacet
facet normal 0.00000 -1.00000 0.00000
outer loop
vertex 0.00000 0.94000 0.00000
vertex 0.00000 0.94000 0.20000
vertex -0.06180 0.94000 0.19021
endloop
endfacet
facet normal 0.45057 0.12253 -0.88429
outer loop
vertex -0.05562 0.78000 0.17119
vertex -0.10580 0.78000 0.14562
vertex -0.11756 0.94000 0.16180
endloop
endfacet
facet normal 0.45057 0.12253 -0.88429
outer loop
vertex -0.05562 0.78000 0.17119
vertex -0.11756 0.94000 0.16180
vertex -0.06180 0.94000 0.19021
endloop
endfacet
facet normal 0.00000 1.00000 0.00000
outer loop
vertex 0.00000 0.78000 0.00000
vertex -0.10580 0.78000 0.14562
vertex -0.05562 0.78000 0.17119
endloop
endfacet
facet normal 0.00000 -1.00000 0.00000
outer loop
vertex 0.00000 0.94000 0.00000
vertex -0.06180 0.94000 0.19021
vertex -0.11756 0.94000 0.16180
endloop
endfacet
facet normal 0.70178 0.12253 -0.70178
outer loop
vertex -0.10580 0.78000 0.14562
vertex -0.14562 0.78000 0.10580
vertex -0.16180 0.94000 0.11756
endloop
endfacet
facet normal 0.70178 0.12253 -0.70178
outer loop
vertex -0.10580 0.78000 0.14562
vertex -0.16180 0.94000 0.11756
vertex -0.11756 0.94000 0.16180
endloop
endfacet
facet normal 0.00000 1.00000 0.00000
outer loop
vertex 0.00000 0.78000 0.00000
vertex -0.14562 0.78000 0.10580
vertex -0.10580 0.78000 0.14562
endloop
endfacet
facet normal 0.00000 -1.00000 0.00000
outer loop
vertex 0.00000 0.94000 0.00000
vertex -0.11756 0.94000 0.16180
vertex -0.16180 0.94000 0.11756
endloop
endfacet
facet normal 0.88429 0.12253 -0.45057
outer loop
vertex -0.14562 0.78000 0.10580
vertex -0.17119 0.78000 0.05562
vertex -0.19021 0.94000 0.06180
endloop
endfacet
facet normal 0.88429 0.12253 -0.45057
outer loop
vertex -0.14562 0.78000 0.10580
vertex -0.19021 0.94000 0.06180
vertex -0.16180 0.94000 0.11756
endloop
endfacet
facet normal 0.00000 1.00000 0.00000
outer loop
vertex 0.00000 0.78000 0.00000
vertex -0.17119 0.78000 0.05562
vertex -0.14562 0.78000 0.10580
endloop
endfacet
facet normal 0.00000 -1.00000 0.00000
outer loop
vertex 0.00000 0.94000 0.00000
vertex -0.16180 0.94000 0.11756
vertex -0.19021 0.94000 0.06180
endloop
endfacet
facet normal 0.98025 0.12253 -0.15526
outer loop
vertex -0.17119 0.78000 0.05562
vertex -0.18000 0.78000 0.00000
vertex -0.20000 0.94000 0.00000
endloop
endfacet
facet normal 0.98025 0.12253 -0.15526
outer loop
vertex -0.17119 0.78000 0.05562
vertex -0.20000 0.94000 0.00000
vertex -0.19021 0.94000 0.06180
endloop
endfacet
facet normal 0.00000 1.00000 0.00000
outer loop
vertex 0.00000 0.78000 0.00000
vertex -0.18000 0.78000 0.00000
vertex -0.17119 0.78000 0.05562
endloop
endfacet
facet normal 0.00000 -1.00000 0.00000
outer loop
vertex 0.00000 0.94000 0.00000
vertex -0.19021 0.94000 0.06180
vertex -0.20000 0.94000 0.00000
endloop
endfacet
facet normal 0.98025 0.12253 0.15526
outer loop
vertex -0.18000 0.78000 0.00000
vertex -0.17119 0.78000 -0.05562
vertex -0.19021 0.94000 -0.06180
endloop
endfacet
facet normal 0.98025 0.12253 0.15526
outer loop
vertex -0.18000 0.78000 0.00000
vertex -0.19021 0.94000 -0.06180
vertex -0.20000 0.94000 0.00000
endloop
endfacet
facet normal 0.00000 1.00000 0.00000
outer loop
vertex 0.00000 0.78000 0.00000
vertex -0.17119 0.78000 -0.05562
vertex -0.18000 0.78000 0.00000
endloop
endfacet
facet normal 0.00000 -1.00000 0.00000
outer loop
vertex 0.00000 0.94000 0.00000
vertex -0.20000 0.94000 0.00000
vertex -0.19021 0.94000 -0.06180
endloop
endfacet
facet normal 0.88429 0.12253 0.45057
outer loop
vertex -0.17119 0.78000 -0.05562
vertex -0.14562 0.78000 -0.10580
vertex -0.16180 0.94000 -0.11756
endloop
endfacet
facet normal 0.88429 0.12253 0.45057
outer loop
vertex -0.17119 0.78000 -0.05562
vertex -0.16180 0.94000 -0.11756
vertex -0.19021 0.94000 -0.06180
endloop
endfacet
facet normal 0.00000 1.00000 0.00000
outer loop
vertex 0.00000 0.78000 0.00000
vertex -0.14562 0.78000 -0.10580
vertex -0.17119 0.78000 -0.05562
endloop
endfacet
facet normal 0.00000 -1.00000 0.00000
outer loop
vertex 0.00000 0.94000 0.00000
vertex -0.19021 0.94000 -0.06180
vertex -0.16180 0.94000 -0.11756
endloop
endfacet
facet normal 0.70178 0.12253 0.70178
outer loop
vertex -0.14562 0.78000 -0.10580
vertex -0.10580 0.78000 -0.14562
vertex -0.11756 0.94000 -0.16180
endloop
endfacet
facet normal 0.70178 0.12253 0.70178
outer loop
vertex -0.14562 0.78000 -0.10580
vertex -0.11756 0.94000 -0.16180
vertex -0.16180 0.94000 -0.11756
endloop
endfacet
facet normal 0.00000 1.00000 0.00000
outer loop
vertex 0.00000 0.78000 0.00000
vertex -0.10580 0.78000 -0.14562
vertex -0.14562 0.78000 -0.10580
endloop
endfacet
facet normal 0.00000 -1.00000 0.00000
outer loop
vertex 0.00000 0.94000 0.00000
vertex -0.16180 0.94000 -0.11756
vertex -0.11756 0.94000 -0.16180
endloop
endfacet
facet normal 0.45057 0.12253 0.88429
outer loop
vertex -0.10580 0.78000 -0.14562
vertex -0.05562 0.78000 -0.17119
vertex -0.06180 0.94000 -0.19021
endloop
endfacet
facet normal 0.45057 0.12253 0.88429
outer loop
vertex -0.10580 0.78000 -0.14562
vertex -0.06180 0.94000 -0.19021
vertex -0.11756 0.94000 -0.16180
endloop
endfacet
facet normal 0.00000 1.00000 0.00000
outer loop
vertex 0.00000 0.78000 0.00000
vertex -0.05562 0.78000 -0.17119
vertex -0.10580 0.78000 -0.14562
endloop
endfacet
facet normal 0.00000 -1.00000 0.00000
outer loop
vertex 0.00000 0.94000 0.00000
vertex -0.11756 0.94000 -0.16180
vertex -0.06180 0.94000 -0.19021
endloop
endfacet
facet normal 0.15526 0.12253 0.98025
outer loop
vertex -0.05562 0.78000 -0.17119
vertex -0.00000 0.78000 -0.18000
vertex -0.00000 0.94000 -0.20000
endloop
endfacet
facet normal 0.15526 0.12253 0.98025
outer loop
vertex -0.05562 0.78000 -0.17119
vertex -0.00000 0.94000 -0.20000
vertex -0.06180 0.94000 -0.19021
endloop
endfacet
facet normal 0.00000 1.00000 0.00000
outer loop
vertex 0.00000 0.78000 0.00000
vertex -0.00000 0.78000 -0.18000
vertex -0.05562 0.78000 -0.17119
endloop
endfacet
facet normal 0.00000 -1.00000 0.00000
outer loop
vertex 0.00000 0.94000 0.00000
vertex -0.06180 0.94000 -0.19021
vertex -0.00000 0.94000 -0.20000
endloop
endfacet
facet normal -0.15526 0.12253 0.98025
outer loop
vertex -0.00000 0.78000 -0.18000
vertex 0.05562 0.78000 -0.17119
vertex 0.06180 0.94000 -0.19021
endloop
endfacet
facet normal -0.15526 0.12253 0.98025
outer loop
vertex -0.00000 0.78000 -0.18000
vertex 0.06180 0.94000 -0.19021
vertex -0.00000 0.94000 -0.20000
endloop
endfacet
facet normal 0.00000 1.00000 0.00000
outer loop
vertex 0.00000 0.78000 0.00000
vertex 0.05562 0.78000 -0.17119
vertex -0.00000 0.78000 -0.18000
endloop
endfacet
facet normal 0.00000 -1.00000 0.00000
outer loop
vertex 0.00000 0.94000 0.00000
vertex -0.00000 0.94000 -0.20000
vertex 0.06180 0.94000 -0.19021
endloop
endfacet
facet normal -0.45057 0.12253 0.88429
outer loop
vertex 0.05562 0.78000 -0.17119
vertex 0.10580 0.78000 -0.14562
vertex 0.11756 0.94000 -0.16180
endloop
endfacet
facet normal -0.45057 0.12253 0.88429
outer loop
vertex 0.05562 0.78000 -0.17119
vertex 0.11756 0.94000 -0.16180
vertex 0.06180 0.94000 -0.19021
endloop
endfacet
facet normal 0.00000 1.00000 0.00000
outer loop
vertex 0.00000 0.78000 0.00000
vertex 0.10580 0.78000 -0.14562
vertex 0.05562 0.78000 -0.17119
endloop
endfacet
facet normal 0.00000 -1.00000 0.00000
outer loop
vertex 0.00000 0.94000 0.00000
vertex 0.06180 0.94000 -0.19021
vertex 0.11756 0.94000 -0.16180
endloop
endfacet
facet normal -0.70178 0.12253 0.70178
outer loop
vertex 0.10580 0.78000 -0.14562
vertex 0.14562 0.78000 -0.10580
vertex 0.16180 0.94000 -0.11756
endloop
endfacet
facet normal -0.70178 0.12253 0.70178
outer loop
vertex 0.10580 0.78000 -0.14562
vertex 0.16180 0.94000 -0.11756
vertex 0.11756 0.94000 -0.16180
endloop
endfacet
facet normal 0.00000 1.00000 0.00000
outer loop
vertex 0.00000 0.78000 0.00000
vertex 0.14562 0.78000 -0.10580
vertex 0.10580 0.78000 -0.14562
endloop
endfacet
facet normal 0.00000 -1.00000 0.00000
outer loop
vertex 0.00000 0.94000 0.00000
vertex 0.11756 0.94000 -0.16180
vertex 0.16180 0.94000 -0.11756
endloop
endfacet
facet normal -0.88429 0.12253 0.45057
outer loop
vertex 0.14562 0.78000 -0.10580
vertex 0.17119 0.78000 -0.05562
vertex 0.19021 0.94000 -0.06180
endloop
endfacet
facet normal -0.88429 0.12253 0.45057
outer loop
vertex 0.14562 0.78000 -0.10580
vertex 0.19021 0.94000 -0.06180
vertex 0.16180 0.94000 -0.11756
endloop
endfacet
facet normal 0.00000 1.00000 0.00000
outer loop
vertex 0.00000 0.78000 0.00000
vertex 0.17119 0.78000 -0.05562
vertex 0.14562 0.78000 -0.10580
endloop
endfacet
facet normal 0.00000 -1.00000 0.00000
outer loop
vertex 0.00000 0.94000 0.00000
vertex 0.16180 0.94000 -0.11756
vertex 0.19021 0.94000 -0.06180
endloop
endfacet
facet normal -0.98025 0.12253 0.15526
outer loop
vertex 0.17119 0.78000 -0.05562
vertex 0.18000 0.78000 -0.00000
vertex 0.20000 0.94000 -0.00000
endloop
endfacet
facet normal -0.98025 0.12253 0.15526
outer loop
vertex 0.17119 0.78000 -0.05562
vertex 0.20000 0.94000 -0.00000
vertex 0.19021 0.94000 -0.06180
endloop
endfacet
facet normal 0.00000 1.00000 0.00000
outer loop
vertex 0.00000 0.78000 0.00000
vertex 0.18000 0.78000 -0.00000
vertex 0.17119 0.78000 -0.05562
endloop
endfacet
facet normal 0.00000 -1.00000 0.00000
outer loop
vertex 0.00000 0.94000 0.00000
vertex 0.19021 0.94000 -0.06180
vertex 0.20000 0.94000 -0.00000
endloop
endfacet
facet normal -0.97572 0.15523 -0.15454
outer loop
vertex 0.18000 0.92000 0.00000
vertex 0.17119 0.92000 0.05562
vertex 0.20448 1.14000 0.06644
endloop
endfacet
facet normal -0.97572 0.15523 -0.15454
outer loop
vertex 0.18000 0.92000 0.00000
vertex 0.20448 1.14000 0.06644
vertex 0.21500 1.14000 0.00000
endloop
endfacet
facet normal 0.00000 1.00000 0.00000
outer loop
vertex 0.00000 0.92000 0.00000
vertex 0.17119 0.92000 0.05562
vertex 0.18000 0.92000 0.00000
endloop
endfacet
facet normal 0.00000 -1.00000 0.00000
outer loop
vertex 0.00000 1.14000 0.00000
vertex 0.21500 1.14000 0.00000
vertex 0.20448 1.14000 0.06644
endloop
endfacet
facet normal -0.88021 0.15523 -0.44849
outer loop
vertex 0.17119 0.92000 0.05562
vertex 0.14562 0.92000 0.10580
vertex 0.17394 1.14000 0.12637
endloop
endfacet
facet normal -0.88021 0.15523 -0.44849
outer loop
vertex 0.17119 0.92000 0.05562
vertex 0.17394 1.14000 0.12637
vertex 0.20448 1.14000 0.06644
endloop
endfacet
facet normal 0.00000 1.00000 0.00000
outer loop
vertex 0.00000 0.92000 0.00000
vertex 0.14562 0.92000 0.10580
vertex 0.17119 0.92000 0.05562
endloop
endfacet
facet normal 0.00000 -1.00000 0.00000
outer loop
vertex 0.00000 1.14000 0.00000
vertex 0.20448 1.14000 0.06644
vertex 0.17394 1.14000 0.12637
endloop
endfacet
facet normal -0.69854 0.15523 -0.69854
outer loop
vertex 0.14562 0.92000 0.10580
vertex 0.10580 0.92000 0.14562
vertex 0.12637 1.14000 0.17394
endloop
endfacet
facet normal -0.69854 0.15523 -0.69854
outer loop
vertex 0.14562 0.92000 0.10580
vertex 0.12637 1.14000 0.17394
vertex 0.17394 1.14000 0.12637
endloop
endfacet
facet normal 0.00000 1.00000 0.00000
outer loop
vertex 0.00000 0.92000 0.00000
vertex 0.10580 0.92000 0.14562
vertex 0.14562 0.92000 0.10580
endloop
endfacet
facet normal 0.00000 -1.00000 0.00000
outer loop
vertex 0.00000 1.14000 0.00000
vertex 0.17394 1.14000 0.12637
vertex 0.12637 1.14000 0.17394
endloop
endfacet
facet normal -0.44849 0.15523 -0.88021
outer loop
vertex 0.10580 0.92000 0.14562
vertex 0.05562 0.92000 0.17119
vertex 0.06644 1.14000 0.20448
endloop
endfacet
facet normal -0.44849 0.15523 -0.88021
outer loop
vertex 0.10580 0.92000 0.14562
vertex 0.06644 1.14000 0.20448
vertex 0.12637 1.14000 0.17394
endloop
endfacet
facet normal 0.00000 1.00000 0.00000
outer loop
vertex 0.00000 0.92000 0.00000
vertex 0.05562 0.92000 0.17119
vertex 0.10580 0.92000 0.14562
endloop
endfacet
facet normal 0.00000 -1.00000 0.00000
outer loop
vertex 0.00000 1.14000 0.00000
vertex 0.12637 1.14000 0.17394
vertex 0.06644 1.14000 0.20448
endloop
endfacet
facet normal -0.15454 0.15523 -0.97572
outer loop
vertex 0.05562 0.92000 0.17119
vertex 0.00000 0.92000 0.18000
vertex 0.00000 1.14000 0.21500
endloop
endfacet
facet normal -0.15454 0.15523 -0.97572
outer loop
vertex 0.05562 0.92000 0.17119
vertex 0.00000 1.14000 0.21500
vertex 0.06644 1.14000 0.20448
endloop
endfacet
facet normal 0.00000 1.00000 0.00000
outer loop
vertex 0.00000 0.92000 0.00000
vertex 0.00000 0.92000 0.18000
vertex 0.05562 0.92000 0.17119
endloop
endfacet
facet normal 0.00000 -1.00000 0.00000
outer loop
vertex 0.00000 1.14000 0.00000
vertex 0.06644 1.14000 0.20448
vertex 0.00000 1.14000 0.21500
endloop
endfacet
facet normal 0.15454 0.15523 -0.97572
outer loop
vertex 0.00000 0.92000 0.18000
vertex -0.05562 0.92000 0.17119
vertex -0.06644 1.14000 0.20448
endloop
endfacet
facet normal 0.15454 0.15523 -0.97572
outer loop
vertex 0.00000 0.92000 0.18000
vertex -0.06644 1.14000 0.20448
vertex 0.00000 1.14000 0.21500
endloop
endfacet
facet normal 0.00000 1.00000 0.00000
outer loop
vertex 0.00000 0.92000 0.00000
vertex -0.05562 0.92000 0.17119
vertex 0.00000 0.92000 0.18000
endloop
endfacet
facet normal 0.00000 -1.00000 0.00000
outer loop
vertex 0.00000 1.14000 0.00000
vertex 0.00000 1.14000 0.21500
vertex -0.06644 1.14000 0.20448
endloop
endfacet
facet normal 0.44849 0.15523 -0.88021
outer loop
vertex -0.05562 0.92000 0.17119
vertex -0.10580 0.92000 0.14562
vertex -0.12637 1.14000 0.17394
endloop
endfacet
facet normal 0.44849 0.15523 -0.88021
outer loop
vertex -0.05562 0.92000 0.17119
vertex -0.12637 1.14000 0.17394
vertex -0.06644 1.14000 0.20448
endloop
endfacet
facet normal 0.00000 1.00000 0.00000
outer loop
vertex 0.00000 0.92000 0.00000
vertex -0.10580 0.92000 0.14562
vertex -0.05562 0.92000 0.17119
endloop
endfacet
facet normal 0.00000 -1.00000 0.00000
outer loop
vertex 0.00000 1.14000 0.00000
vertex -0.06644 1.14000 0.20448
vertex -0.12637 1.14000 0.17394
endloop
endfacet
facet normal 0.69854 0.15523 -0.69854
outer loop
vertex -0.10580 0.92000 0.14562
vertex -0.14562 0.92000 0.10580
vertex -0.17394 1.14000 0.12637
endloop
endfacet
facet normal 0.69854 0.15523 -0.69854
outer loop
vertex -0.10580 0.92000 0.14562
vertex -0.17394 1.14000 0.12637
vertex -0.12637 1.14000 0.17394
endloop
endfacet
facet normal 0.00000 1.00000 0.00000
outer loop
vertex 0.00000 0.92000 0.00000
vertex -0.14562 0.92000 0.10580
vertex -0.10580 0.92000 0.14562
endloop
endfacet
facet normal 0.00000 -1.00000 0.00000
outer loop
vertex 0.00000 1.14000 0.00000
vertex -0.12637 1.14000 0.17394
vertex -0.17394 1.14000 0.12637
endloop
endfacet
facet normal 0.88021 0.15523 -0.44849
outer loop
vertex -0.14562 0.92000 0.10580
vertex -0.17119 0.92000 0.05562
vertex -0.20448 1.14000 0.06644
endloop
endfacet
facet normal 0.88021 0.15523 -0.44849
outer loop
vertex -0.14562 0.92000 0.10580
vertex -0.20448 1.14000 0.06644
vertex -0.17394 1.14000 0.12637
endloop
endfacet
facet normal 0.00000 1.00000 0.00000
outer loop
vertex 0.00000 0.92000 0.00000
vertex -0.17119 0.92000 0.05562
vertex -0.14562 0.92000 0.10580
endloop
endfacet
facet normal 0.00000 -1.00000 0.00000
outer loop
vertex 0.00000 1.14000 0.00000
vertex -0.17394 1.14000 0.12637
vertex -0.20448 1.14000 0.06644
endloop
endfacet
facet normal 0.97572 0.15523 -0.15454
outer loop
vertex -0.17119 0.92000 0.05562
vertex -0.18000 0.92000 0.00000
vertex -0.21500 1.14000 0.00000
endloop
endfacet
facet normal 0.97572 0.15523 -0.15454
outer loop
vertex -0.17119 0.92000 0.05562
vertex -0.21500 1.14000 0.00000
vertex -0.20448 1.14000 0.06644
endloop
endfacet
facet normal 0.00000 1.00000 0.00000
outer loop
vertex 0.00000 0.92000 0.00000
vertex -0.18000 0.92000 0.00000
vertex -0.17119 0.92000 0.05562
endloop
endfacet
facet normal 0.00000 -1.00000 0.00000
outer loop
vertex 0.00000 1.14000 0.00000
vertex -0.20448 1.14000 0.06644
vertex -0.21500 1.14000 0.00000
endloop
endfacet
facet normal 0.97572 0.15523 0.15454
outer loop
vertex -0.18000 0.92000 0.00000
vertex -0.17119 0.92000 -0.05562
vertex -0.20448 1.14000 -0.06644
endloop
endfacet
facet normal 0.97572 0.15523 0.15454
outer loop
vertex -0.18000 0.92000 0.00000
vertex -0.20448 1.14000 -0.06644
vertex -0.21500 1.14000 0.00000
endloop
endfacet
facet normal 0.00000 1.00000 0.00000
outer loop
vertex 0.00000 0.92000 0.00000
vertex -0.17119 0.92000 -0.05562
vertex -0.18000 0.92000 0.00000
endloop
endfacet
facet normal 0.00000 -1.00000 0.00000
outer loop
vertex 0.00000 1.14000 0.00000
vertex -0.21500 1.14000 0.00000
vertex -0.20448 1.14000 -0.06644
endloop
endfacet
facet normal 0.88021 0.15523 0.44849
outer loop
vertex -0.17119 0.92000 -0.05562
vertex -0.14562 0.92000 -0.10580
vertex -0.17394 1.14000 -0.12637
endloop
endfacet
facet normal 0.88021 0.15523 0.44849
outer loop
vertex -0.17119 0.92000 -0.05562
vertex -0.17394 1.14000 -0.12637
vertex -0.20448 1.14000 -0.06644
endloop
endfacet
facet normal 0.00000 1.00000 0.00000
outer loop
vertex 0.00000 0.92000 0.00000
vertex -0.14562 0.92000 -0.10580
vertex -0.17119 0.92000 -0.05562
endloop
endfacet
facet normal 0.00000 -1.00000 0.00000
outer loop
vertex 0.00000 1.14000 0.00000
vertex -0.20448 1.14000 -0.06644
vertex -0.17394 1.14000 -0.12637
endloop
endfacet
facet normal 0.69854 0.15523 0.69854
outer loop
vertex -0.14562 0.92000 -0.10580
vertex -0.10580 0.92000 -0.14562
vertex -0.12637 1.14000 -0.17394
endloop
endfacet
facet normal 0.69854 0.15523 0.69854
outer loop
vertex -0.14562 0.92000 -0.10580
vertex -0.12637 1.14000 -0.17394
vertex -0.17394 1.14000 -0.12637
endloop
endfacet
facet normal 0.00000 1.00000 0.00000
outer loop
vertex 0.00000 0.92000 0.00000
vertex -0.10580 0.92000 -0.14562
vertex -0.14562 0.92000 -0.10580
endloop
endfacet
facet normal 0.00000 -1.00000 0.00000
outer loop
vertex 0.00000 1.14000 0.00000
vertex -0.17394 1.14000 -0.12637
vertex -0.12637 1.14000 -0.17394
endloop
endfacet
facet normal 0.44849 0.15523 0.88021
outer loop
vertex -0.10580 0.92000 -0.14562
vertex -0.05562 0.92000 -0.17119
vertex -0.06644 1.14000 -0.20448
endloop
endfacet
facet normal 0.44849 0.15523 0.88021
outer loop
vertex -0.10580 0.92000 -0.14562
vertex -0.06644 1.14000 -0.20448
vertex -0.12637 1.14000 -0.17394
endloop
endfacet
facet normal 0.00000 1.00000 0.00000
outer loop
vertex 0.00000 0.92000 0.00000
vertex -0.05562 0.92000 -0.17119
vertex -0.10580 0.92000 -0.14562
endloop
endfacet
facet normal 0.00000 -1.00000 0.00000
outer loop
vertex 0.00000 1.14000 0.00000
vertex -0.12637 1.14000 -0.17394
vertex -0.06644 1.14000 -0.20448
endloop
endfacet
facet normal 0.15454 0.15523 0.97572
outer loop
vertex -0.05562 0.92000 -0.17119
vertex -0.00000 0.92000 -0.18000
vertex -0.00000 1.14000 -0.21500
endloop
endfacet
facet normal 0.15454 0.15523 0.97572
outer loop
vertex -0.05562 0.92000 -0.17119
vertex -0.00000 1.14000 -0.21500
vertex -0.06644 1.14000 -0.20448
endloop
endfacet
facet normal 0.00000 1.00000 0.00000
outer loop
vertex 0.00000 0.92000 0.00000
vertex -0.00000 0.92000 -0.18000
vertex -0.05562 0.92000 -0.17119
endloop
endfacet
facet normal 0.00000 -1.00000 0.00000
outer loop
vertex 0.00000 1.14000 0.00000
vertex -0.06644 1.14000 -0.20448
vertex -0.00000 1.14000 -0.21500
endloop
endfacet
facet normal -0.15454 0.15523 0.97572
outer loop
vertex -0.00000 0.92000 -0.18000
vertex 0.05562 0.92000 -0.17119
vertex 0.06644 1.14000 -0.20448
endloop
endfacet
facet normal -0.15454 0.15523 0.97572
outer loop
vertex -0.00000 0.92000 -0.18000
vertex 0.06644 1.14000 -0.20448
vertex -0.00000 1.14000 -0.21500
endloop
endfacet
facet normal 0.00000 1.00000 0.00000
outer loop
vertex 0.00000 0.92000 0.00000
vertex 0.05562 0.92000 -0.17119
vertex -0.00000 0.92000 -0.18000
endloop
endfacet
facet normal 0.00000 -1.00000 0.00000
outer loop
vertex 0.00000 1.14000 0.00000
vertex -0.00000 1.14000 -0.21500
vertex 0.06644 1.14000 -0.20448
endloop
endfacet
facet normal -0.44849 0.15523 0.88021
outer loop
vertex 0.05562 0.92000 -0.17119
vertex 0.10580 0.92000 -0.14562
vertex 0.12637 1.14000 -0.17394
endloop
endfacet
facet normal -0.44849 0.15523 0.88021
outer loop
vertex 0.05562 0.92000 -0.17119
vertex 0.12637 1.14000 -0.17394
vertex 0.06644 1.14000 -0.20448
endloop
endfacet
facet normal 0.00000 1.00000 0.00000
outer loop
vertex 0.00000 0.92000 0.00000
vertex 0.10580 0.92000 -0.14562
vertex 0.05562 0.92000 -0.17119
endloop
endfacet
facet normal 0.00000 -1.00000 0.00000
outer loop
vertex 0.00000 1.14000 0.00000
vertex 0.06644 1.14000 -0.20448
vertex 0.12637 1.14000 -0.17394
endloop
endfacet
facet normal -0.69854 0.15523 0.69854
outer loop
vertex 0.10580 0.92000 -0.14562
vertex 0.14562 0.92000 -0.10580
vertex 0.17394 1.14000 -0.12637
endloop
endfacet
facet normal -0.69854 0.15523 0.69854
outer loop
vertex 0.10580 0.92000 -0.14562
vertex 0.17394 1.14000 -0.12637
vertex 0.12637 1.14000 -0.17394
endloop
endfacet
facet normal 0.00000 1.00000 0.00000
outer loop
vertex 0.00000 0.92000 0.00000
vertex 0.14562 0.92000 -0.10580
vertex 0.10580 0.92000 -0.14562
endloop
endfacet
facet normal 0.00000 -1.00000 0.00000
outer loop
vertex 0.00000 1.14000 0.00000
vertex 0.12637 1.14000 -0.17394
vertex 0.17394 1.14000 -0.12637
endloop
endfacet
facet normal -0.88021 0.15523 0.44849
outer loop
vertex 0.14562 0.92000 -0.10580
vertex 0.17119 0.92000 -0.05562
vertex 0.20448 1.14000 -0.06644
endloop
endfacet
facet normal -0.88021 0.15523 0.44849
outer loop
vertex 0.14562 0.92000 -0.10580
vertex 0.20448 1.14000 -0.06644
vertex 0.17394 1.14000 -0.12637
endloop
endfacet
facet normal 0.00000 1.00000 0.00000
outer loop
vertex 0.00000 0.92000 0.00000
vertex 0.17119 0.92000 -0.05562
vertex 0.14562 0.92000 -0.10580
endloop
endfacet
facet normal 0.00000 -1.00000 0.00000
outer loop
vertex 0.00000 1.14000 0.00000
vertex 0.17394 1.14000 -0.12637
vertex 0.20448 1.14000 -0.06644
endloop
endfacet
facet normal -0.97572 0.15523 0.15454
outer loop
vertex 0.17119 0.92000 -0.05562
vertex 0.18000 0.92000 -0.00000
vertex 0.21500 1.14000 -0.00000
endloop
endfacet
facet normal -0.97572 0.15523 0.15454
outer loop
vertex 0.17119 0.92000 -0.05562
vertex 0.21500 1.14000 -0.00000
vertex 0.20448 1.14000 -0.06644
endloop
endfacet
facet normal 0.00000 1.00000 0.00000
outer loop
vertex 0.00000 0.92000 0.00000
vertex 0.18000 0.92000 -0.00000
vertex 0.17119 0.92000 -0.05562
endloop
endfacet
facet normal 0.00000 -1.00000 0.00000
outer loop
vertex 0.00000 1.14000 0.00000
vertex 0.20448 1.14000 -0.06644
vertex 0.21500 1.14000 -0.00000
endloop
endfacet
facet normal -0.95889 0.23972 -0.15187
outer loop
vertex 0.21500 1.13000 0.00000
vertex 0.20448 1.13000 0.06644
vertex 0.27105 1.41000 0.08807
endloop
endfacet
facet normal -0.95889 0.23972 -0.15187
outer loop
vertex 0.21500 1.13000 0.00000
vertex 0.27105 1.41000 0.08807
vertex 0.28500 1.41000 0.00000
endloop
endfacet
facet normal 0.00000 1.00000 0.00000
outer loop
vertex 0.00000 1.13000 0.00000
vertex 0.20448 1.13000 0.06644
vertex 0.21500 1.13000 0.00000
endloop
endfacet
facet normal 0.00000 -1.00000 0.00000
outer loop
vertex 0.00000 1.41000 0.00000
vertex 0.28500 1.41000 0.00000
vertex 0.27105 1.41000 0.08807
endloop
endfacet
facet normal -0.86503 0.23972 -0.44075
outer loop
vertex 0.20448 1.13000 0.06644
vertex 0.17394 1.13000 0.12637
vertex 0.23057 1.41000 0.16752
endloop
endfacet
facet normal -0.86503 0.23972 -0.44075
outer loop
vertex 0.20448 1.13000 0.06644
vertex 0.23057 1.41000 0.16752
vertex 0.27105 1.41000 0.08807
endloop
endfacet
facet normal 0.00000 1.00000 0.00000
outer loop
vertex 0.00000 1.13000 0.00000
vertex 0.17394 1.13000 0.12637
vertex 0.20448 1.13000 0.06644
endloop
endfacet
facet normal 0.00000 -1.00000 0.00000
outer loop
vertex 0.00000 1.41000 0.00000
vertex 0.27105 1.41000 0.08807
vertex 0.23057 1.41000 0.16752
endloop
endfacet
facet normal -0.68649 0.23972 -0.68649
outer loop
vertex 0.17394 1.13000 0.12637
vertex 0.12637 1.13000 0.17394
vertex 0.16752 1.41000 0.23057
endloop
endfacet
facet normal -0.68649 0.23972 -0.68649
outer loop
vertex 0.17394 1.13000 0.12637
vertex 0.16752 1.41000 0.23057
vertex 0.23057 1.41000 0.16752
endloop
endfacet
facet normal 0.00000 1.00000 0.00000
outer loop
vertex 0.00000 1.13000 0.00000
vertex 0.12637 1.13000 0.17394
vertex 0.17394 1.13000 0.12637
endloop
endfacet
facet normal 0.00000 -1.00000 0.00000
outer loop
vertex 0.00000 1.41000 0.00000
vertex 0.23057 1.41000 0.16752
vertex 0.16752 1.41000 0.23057
endloop
endfacet
facet normal -0.44075 0.23972 -0.86503
outer loop
vertex 0.12637 1.13000 0.17394
vertex 0.06644 1.13000 0.20448
vertex 0.08807 1.41000 0.27105
endloop
endfacet
facet normal -0.44075 0.23972 -0.86503
outer loop
vertex 0.12637 1.13000 0.17394
vertex 0.08807 1.41000 0.27105
vertex 0.16752 1.41000 0.23057
endloop
endfacet
facet normal 0.00000 1.00000 0.00000
outer loop
vertex 0.00000 1.13000 0.00000
vertex 0.06644 1.13000 0.20448
vertex 0.12637 1.13000 0.17394
endloop
endfacet
facet normal 0.00000 -1.00000 0.00000
outer loop
vertex 0.00000 1.41000 0.00000
vertex 0.16752 1.41000 0.23057
vertex 0.08807 1.41000 0.27105
endloop
endfacet
facet normal -0.15187 0.23972 -0.95889
outer loop
vertex 0.06644 1.13000 0.20448
vertex 0.00000 1.13000 0.21500
vertex 0.00000 1.41000 0.28500
endloop
endfacet
facet normal -0.15187 0.23972 -0.95889
outer loop
vertex 0.06644 1.13000 0.20448
vertex 0.00000 1.41000 0.28500
vertex 0.08807 1.41000 0.27105
endloop
endfacet
facet normal 0.00000 1.00000 0.00000
outer loop
vertex 0.00000 1.13000 0.00000
vertex 0.00000 1.13000 0.21500
vertex 0.06644 1.13000 0.20448
endloop
endfacet
facet normal 0.00000 -1.00000 0.00000
outer loop
vertex 0.00000 1.41000 0.00000
vertex 0.08807 1.41000 0.27105
vertex 0.00000 1.41000 0.28500
endloop
endfacet
facet normal 0.15187 0.23972 -0.95889
outer loop
vertex 0.00000 1.13000 0.21500
vertex -0.06644 1.13000 0.20448
vertex -0.08807 1.41000 0.27105
endloop
endfacet
facet normal 0.15187 0.23972 -0.95889
outer loop
vertex 0.00000 1.13000 0.21500
vertex -0.08807 1.41000 0.27105
vertex 0.00000 1.41000 0.28500
endloop
endfacet
facet normal 0.00000 1.00000 0.00000
outer loop
vertex 0.00000 1.13000 0.00000
vertex -0.06644 1.13000 0.20448
vertex 0.00000 1.13000 0.21500
endloop
endfacet
facet normal 0.00000 -1.00000 0.00000
outer loop
vertex 0.00000 1.41000 0.00000
vertex 0.00000 1.41000 0.28500
vertex -0.08807 1.41000 0.27105
endloop
endfacet
facet normal 0.44075 0.23972 -0.86503
outer loop
vertex -0.06644 1.13000 0.20448
vertex -0.12637 1.13000 0.17394
vertex -0.16752 1.41000 0.23057
endloop
endfacet
facet normal 0.44075 0.23972 -0.86503
outer loop
vertex -0.06644 1.13000 0.20448
vertex -0.16752 1.41000 0.23057
vertex -0.08807 1.41000 0.27105
endloop
endfacet
facet normal 0.00000 1.00000 0.00000
outer loop
vertex 0.00000 1.13000 0.00000
vertex -0.12637 1.13000 0.17394
vertex -0.06644 1.13000 0.20448
endloop
endfacet
facet normal 0.00000 -1.00000 0.00000
outer loop
vertex 0.00000 1.41000 0.00000
vertex -0.08807 1.41000 0.27105
vertex -0.16752 1.41000 0.23057
endloop
endfacet
facet normal 0.68649 0.23972 -0.68649
outer loop
vertex -0.12637 1.13000 0.17394
vertex -0.17394 1.13000 0.12637
vertex -0.23057 1.41000 0.16752
endloop
endfacet
facet normal 0.68649 0.23972 -0.68649
outer loop
vertex -0.12637 1.13000 0.17394
vertex -0.23057 1.41000 0.16752
vertex -0.16752 1.41000 0.23057
endloop
endfacet
facet normal 0.00000 1.00000 0.00000
outer loop
vertex 0.00000 1.13000 0.00000
vertex -0.17394 1.13000 0.12637
vertex -0.12637 1.13000 0.17394
endloop
endfacet
facet normal 0.00000 -1.00000 0.00000
outer loop
vertex 0.00000 1.41000 0.00000
vertex -0.16752 1.41000 0.23057
vertex -0.23057 1.41000 0.16752
endloop
endfacet
facet normal 0.86503 0.23972 -0.44075
outer loop
vertex -0.17394 1.13000 0.12637
vertex -0.20448 1.13000 0.06644
vertex -0.27105 1.41000 0.08807
endloop
endfacet
facet normal 0.86503 0.23972 -0.44075
outer loop
vertex -0.17394 1.13000 0.12637
vertex -0.27105 1.41000 0.08807
vertex -0.23057 1.41000 0.16752
endloop
endfacet
facet normal 0.00000 1.00000 0.00000
outer loop
vertex 0.00000 1.13000 0.00000
vertex -0.20448 1.13000 0.06644
vertex -0.17394 1.13000 0.12637
endloop
endfacet
facet normal 0.00000 -1.00000 0.00000
outer loop
vertex 0.00000 1.41000 0.00000
vertex -0.23057 1.41000 0.16752
vertex -0.27105 1.41000 0.08807
endloop
endfacet
facet normal 0.95889 0.23972 -0.15187
outer loop
vertex -0.20448 1.13000 0.06644
vertex -0.21500 1.13000 0.00000
vertex -0.28500 1.41000 0.00000
endloop
endfacet
facet normal 0.95889 0.23972 -0.15187
outer loop
vertex -0.20448 1.13000 0.06644
vertex -0.28500 1.41000 0.00000
vertex -0.27105 1.41000 0.08807
endloop
endfacet
facet normal 0.00000 1.00000 0.00000
outer loop
vertex 0.00000 1.13000 0.00000
vertex -0.21500 1.13000 0.00000
vertex -0.20448 1.13000 0.06644
endloop
endfacet
facet normal 0.00000 -1.00000 0.00000
outer loop
vertex 0.00000 1.41000 0.00000
vertex -0.27105 1.41000 0.08807
vertex -0.28500 1.41000 0.00000
endloop
endfacet
facet normal 0.95889 0.23972 0.15187
outer loop
vertex -0.21500 1.13000 0.00000
vertex -0.20448 1.13000 -0.06644
vertex -0.27105 1.41000 -0.08807
endloop
endfacet
facet normal 0.95889 0.23972 0.15187
outer loop
vertex -0.21500 1.13000 0.00000
vertex -0.27105 1.41000 -0.08807
vertex -0.28500 1.41000 0.00000
endloop
endfacet
facet normal 0.00000 1.00000 0.00000
outer loop
vertex 0.00000 1.13000 0.00000
vertex -0.20448 1.13000 -0.06644
vertex -0.21500 1.13000 0.00000
endloop
endfacet
facet normal 0.00000 -1.00000 0.00000
outer loop
vertex 0.00000 1.41000 0.00000
vertex -0.28500 1.41000 0.00000
vertex -0.27105 1.41000 -0.08807
endloop
endfacet
facet normal 0.86503 0.23972 0.44075
outer loop
vertex -0.20448 1.13000 -0.06644
vertex -0.17394 1.13000 -0.12637
vertex -0.23057 1.41000 -0.16752
endloop
endfacet
facet normal 0.86503 0.23972 0.44075
outer loop
vertex -0.20448 1.13000 -0.06644
vertex -0.23057 1.41000 -0.16752
vertex -0.27105 1.41000 -0.08807
endloop
endfacet
facet normal 0.00000 1.00000 0.00000
outer loop
vertex 0.00000 1.13000 0.00000
vertex -0.17394 1.13000 -0.12637
vertex -0.20448 1.13000 -0.06644
endloop
endfacet
facet normal 0.00000 -1.00000 0.00000
outer loop
vertex 0.00000 1.41000 0.00000
vertex -0.27105 1.41000 -0.08807
vertex -0.23057 1.41000 -0.16752
endloop
endfacet
facet normal 0.68649 0.23972 0.68649
outer loop
vertex -0.17394 1.13000 -0.12637
vertex -0.12637 1.13000 -0.17394
vertex -0.16752 1.41000 -0.23057
endloop
endfacet
facet normal 0.68649 0.23972 0.68649
outer loop
vertex -0.17394 1.13000 -0.12637
vertex -0.16752 1.41000 -0.23057
vertex -0.23057 1.41000 -0.16752
endloop
endfacet
facet normal 0.00000 1.00000 0.00000
outer loop
vertex 0.00000 1.13000 0.00000
vertex -0.12637 1.13000 -0.17394
vertex -0.17394 1.13000 -0.12637
endloop
endfacet
facet normal 0.00000 -1.00000 0.00000
outer loop
vertex 0.00000 1.41000 0.00000
vertex -0.23057 1.41000 -0.16752
vertex -0.16752 1.41000 -0.23057
endloop
endfacet
facet normal 0.44075 0.23972 0.86503
outer loop
vertex -0.12637 1.13000 -0.17394
vertex -0.06644 1.13000 -0.20448
vertex -0.08807 1.41000 -0.27105
endloop
endfacet
facet normal 0.44075 0.23972 0.86503
outer loop
vertex -0.12637 1.13000 -0.17394
vertex -0.08807 1.41000 -0.27105
vertex -0.16752 1.41000 -0.23057
endloop
endfacet
facet normal 0.00000 1.00000 0.00000
outer loop
vertex 0.00000 1.13000 0.00000
vertex -0.06644 1.13000 -0.20448
vertex -0.12637 1.13000 -0.17394
endloop
endfacet
facet normal 0.00000 -1.00000 0.00000
outer loop
vertex 0.00000 1.41000 0.00000
vertex -0.16752 1.41000 -0.23057
vertex -0.08807 1.41000 -0.27105
endloop
endfacet
facet normal 0.15187 0.23972 0.95889
outer loop
vertex -0.06644 1.13000 -0.20448
vertex -0.00000 1.13000 -0.21500
vertex -0.00000 1.41000 -0.28500
endloop
endfacet
facet normal 0.15187 0.23972 0.95889
outer loop
vertex -0.06644 1.13000 -0.20448
vertex -0.00000 1.41000 -0.28500
vertex -0.08807 1.41000 -0.27105
endloop
endfacet
facet normal 0.00000 1.00000 0.00000
outer loop
vertex 0.00000 1.13000 0.00000
vertex -0.00000 1.13000 -0.21500
vertex -0.06644 1.13000 -0.20448
endloop
endfacet
facet normal 0.00000 -1.00000 0.00000
outer loop
vertex 0.00000 1.41000 0.00000
vertex -0.08807 1.41000 -0.27105
vertex -0.00000 1.41000 -0.28500
endloop
endfacet
facet normal -0.15187 0.23972 0.95889
outer loop
vertex -0.00000 1.13000 -0.21500
vertex 0.06644 1.13000 -0.20448
vertex 0.08807 1.41000 -0.27105
endloop
endfacet
facet normal -0.15187 0.23972 0.95889
outer loop
vertex -0.00000 1.13000 -0.21500
vertex 0.08807 1.41000 -0.27105
vertex -0.00000 1.41000 -0.28500
endloop
endfacet
facet normal 0.00000 1.00000 0.00000
outer loop
vertex 0.00000 1.13000 0.00000
vertex 0.06644 1.13000 -0.20448
vertex -0.00000 1.13000 -0.21500
endloop
endfacet
facet normal 0.00000 -1.00000 0.00000
outer loop
vertex 0.00000 1.41000 0.00000
vertex -0.00000 1.41000 -0.28500
vertex 0.08807 1.41000 -0.27105
endloop
endfacet
facet normal -0.44075 0.23972 0.86503
outer loop
vertex 0.06644 1.13000 -0.20448
vertex 0.12637 1.13000 -0.17394
vertex 0.16752 1.41000 -0.23057
endloop
endfacet
facet normal -0.44075 0.23972 0.86503
outer loop
vertex 0.06644 1.13000 -0.20448
vertex 0.16752 1.41000 -0.23057
vertex 0.08807 1.41000 -0.27105
endloop
endfacet
facet normal 0.00000 1.00000 0.00000
outer loop
vertex 0.00000 1.13000 0.00000
vertex 0.12637 1.13000 -0.17394
vertex 0.06644 1.13000 -0.20448
endloop
endfacet
facet normal 0.00000 -1.00000 0.00000
outer loop
vertex 0.00000 1.41000 0.00000
vertex 0.08807 1.41000 -0.27105
vertex 0.16752 1.41000 -0.23057
endloop
endfacet
facet normal -0.68649 0.23972 0.68649
outer loop
vertex 0.12637 1.13000 -0.17394
vertex 0.17394 1.13000 -0.12637
vertex 0.23057 1.41000 -0.16752
endloop
endfacet
facet normal -0.68649 0.23972 0.68649
outer loop
vertex 0.12637 1.13000 -0.17394
vertex 0.23057 1.41000 -0.16752
vertex 0.16752 1.41000 -0.23057
endloop
endfacet
facet normal 0.00000 1.00000 0.00000
outer loop
vertex 0.00000 1.13000 0.00000
vertex 0.17394 1.13000 -0.12637
vertex 0.12637 1.13000 -0.17394
endloop
endfacet
facet normal 0.00000 -1.00000 0.00000
outer loop
vertex 0.00000 1.41000 0.00000
vertex 0.16752 1.41000 -0.23057
vertex 0.23057 1.41000 -0.16752
endloop
endfacet
facet normal -0.86503 0.23972 0.44075
outer loop
vertex 0.17394 1.13000 -0.12637
vertex 0.20448 1.13000 -0.06644
vertex 0.27105 1.41000 -0.08807
endloop
endfacet
facet normal -0.86503 0.23972 0.44075
outer loop
vertex 0.17394 1.13000 -0.12637
vertex 0.27105 1.41000 -0.08807
vertex 0.23057 1.41000 -0.16752
endloop
endfacet
facet normal 0.00000 1.00000 0.00000
outer loop
vertex 0.00000 1.13000 0.00000
vertex 0.20448 1.13000 -0.06644
vertex 0.17394 1.13000 -0.12637
endloop
endfacet
facet normal 0.00000 -1.00000 0.00000
outer loop
vertex 0.00000 1.41000 0.00000
vertex 0.23057 1.41000 -0.16752
vertex 0.27105 1.41000 -0.08807
endloop
endfacet
facet normal -0.95889 0.23972 0.15187
outer loop
vertex 0.20448 1.13000 -0.06644
vertex 0.21500 1.13000 -0.00000
vertex 0.28500 1.41000 -0.00000
endloop
endfacet
facet normal -0.95889 0.23972 0.15187
outer loop
vertex 0.20448 1.13000 -0.06644
vertex 0.28500 1.41000 -0.00000
vertex 0.27105 1.41000 -0.08807
endloop
endfacet
facet normal 0.00000 1.00000 0.00000
outer loop
vertex 0.00000 1.13000 0.00000
vertex 0.21500 1.13000 -0.00000
vertex 0.20448 1.13000 -0.06644
endloop
endfacet
facet normal 0.00000 -1.00000 0.00000
outer loop
vertex 0.00000 1.41000 0.00000
vertex 0.27105 1.41000 -0.08807
vertex 0.28500 1.41000 -0.00000
endloop
endfacet
facet normal -0.98079 0.00000 -0.19509
outer loop
vertex 0.06500 1.41000 0.00000
vertex 0.06005 1.41000 0.02487
vertex 0.06005 1.51000 0.02487
endloop
endfacet
facet normal -0.98079 0.00000 -0.19509
outer loop
vertex 0.06500 1.41000 0.00000
vertex 0.06005 1.51000 0.02487
vertex 0.06500 1.51000 0.00000
endloop
endfacet
facet normal 0.00000 1.00000 0.00000
outer loop
vertex 0.00000 1.41000 0.00000
vertex 0.06005 1.41000 0.02487
vertex 0.06500 1.41000 0.00000
endloop
endfacet
facet normal 0.00000 -1.00000 0.00000
outer loop
vertex 0.00000 1.51000 0.00000
vertex 0.06500 1.51000 0.00000
vertex 0.06005 1.51000 0.02487
endloop
endfacet
facet normal -0.83147 0.00000 -0.55557
outer loop
vertex 0.06005 1.41000 0.02487
vertex 0.04596 1.41000 0.04596
vertex 0.04596 1.51000 0.04596
endloop
endfacet
facet normal -0.83147 0.00000 -0.55557
outer loop
vertex 0.06005 1.41000 0.02487
vertex 0.04596 1.51000 0.04596
vertex 0.06005 1.51000 0.02487
endloop
endfacet
facet normal 0.00000 1.00000 0.00000
outer loop
vertex 0.00000 1.41000 0.00000
vertex 0.04596 1.41000 0.04596
vertex 0.06005 1.41000 0.02487
endloop
endfacet
facet normal 0.00000 -1.00000 0.00000
outer loop
vertex 0.00000 1.51000 0.00000
vertex 0.06005 1.51000 0.02487
vertex 0.04596 1.51000 0.04596
endloop
endfacet
facet normal -0.55557 0.00000 -0.83147
outer loop
vertex 0.04596 1.41000 0.04596
vertex 0.02487 1.41000 0.06005
vertex 0.02487 1.51000 0.06005
endloop
endfacet
facet normal -0.55557 0.00000 -0.83147
outer loop
vertex 0.04596 1.41000 0.04596
vertex 0.02487 1.51000 0.06005
vertex 0.04596 1.51000 0.04596
endloop
endfacet
facet normal 0.00000 1.00000 0.00000
outer loop
vertex 0.00000 1.41000 0.00000
vertex 0.02487 1.41000 0.06005
vertex 0.04596 1.41000 0.04596
endloop
endfacet
facet normal 0.00000 -1.00000 0.00000
outer loop
vertex 0.00000 1.51000 0.00000
vertex 0.04596 1.51000 0.04596
vertex 0.02487 1.51000 0.06005
endloop
endfacet
facet normal -0.19509 0.00000 -0.98079
outer loop
vertex 0.02487 1.41000 0.06005
vertex 0.00000 1.41000 0.06500
vertex 0.00000 1.51000 0.06500
endloop
endfacet
facet normal -0.19509 0.00000 -0.98079
outer loop
vertex 0.02487 1.41000 0.06005
vertex 0.00000 1.51000 0.06500
vertex 0.02487 1.51000 0.06005
endloop
endfacet
facet normal 0.00000 1.00000 0.00000
outer loop
vertex 0.00000 1.41000 0.00000
vertex 0.00000 1.41000 0.06500
vertex 0.02487 1.41000 0.06005
endloop
endfacet
facet normal 0.00000 -1.00000 0.00000
outer loop
vertex 0.00000 1.51000 0.00000
vertex 0.02487 1.51000 0.06005
vertex 0.00000 1.51000 0.06500
endloop
endfacet
facet normal 0.19509 0.00000 -0.98079
outer loop
vertex 0.00000 1.41000 0.06500
vertex -0.02487 1.41000 0.06005
vertex -0.02487 1.51000 0.06005
endloop
endfacet
facet normal 0.19509 0.00000 -0.98079
outer loop
vertex 0.00000 1.41000 0.06500
vertex -0.02487 1.51000 0.06005
vertex 0.00000 1.51000 0.06500
endloop
endfacet
facet normal 0.00000 1.00000 0.00000
outer loop
vertex 0.00000 1.41000 0.00000
vertex -0.02487 1.41000 0.06005
vertex 0.00000 1.41000 0.06500
endloop
endfacet
facet normal 0.00000 -1.00000 0.00000
outer loop
vertex 0.00000 1.51000 0.00000
vertex 0.00000 1.51000 0.06500
vertex -0.02487 1.51000 0.06005
endloop
endfacet
facet normal 0.55557 0.00000 -0.83147
outer loop
vertex -0.02487 1.41000 0.06005
vertex -0.04596 1.41000 0.04596
vertex -0.04596 1.51000 0.04596
endloop
endfacet
facet normal 0.55557 0.00000 -0.83147
outer loop
vertex -0.02487 1.41000 0.06005
vertex -0.04596 1.51000 0.04596
vertex -0.02487 1.51000 0.06005
endloop
endfacet
facet normal 0.00000 1.00000 0.00000
outer loop
vertex 0.00000 1.41000 0.00000
vertex -0.04596 1.41000 0.04596
vertex -0.02487 1.41000 0.06005
endloop
endfacet
facet normal 0.00000 -1.00000 0.00000
outer loop
vertex 0.00000 1.51000 0.00000
vertex -0.02487 1.51000 0.06005
vertex -0.04596 1.51000 0.04596
endloop
endfacet
facet normal 0.83147 0.00000 -0.55557
outer loop
vertex -0.04596 1.41000 0.04596
vertex -0.06005 1.41000 0.02487
vertex -0.06005 1.51000 0.02487
endloop
endfacet
facet normal 0.83147 0.00000 -0.55557
outer loop
vertex -0.04596 1.41000 0.04596
vertex -0.06005 1.51000 0.02487
vertex -0.04596 1.51000 0.04596
endloop
endfacet
facet normal 0.00000 1.00000 0.00000
outer loop
vertex 0.00000 1.41000 0.00000
vertex -0.06005 1.41000 0.02487
vertex -0.04596 1.41000 0.04596
endloop
endfacet
facet normal 0.00000 -1.00000 0.00000
outer loop
vertex 0.00000 1.51000 0.00000
vertex -0.04596 1.51000 0.04596
vertex -0.06005 1.51000 0.02487
endloop
endfacet
facet normal 0.98079 0.00000 -0.19509
outer loop
vertex -0.06005 1.41000 0.02487
vertex -0.06500 1.41000 0.00000
vertex -0.06500 1.51000 0.00000
endloop
endfacet
facet normal 0.98079 0.00000 -0.19509
outer loop
vertex -0.06005 1.41000 0.02487
vertex -0.06500 1.51000 0.00000
vertex -0.06005 1.51000 0.02487
endloop
endfacet
facet normal 0.00000 1.00000 0.00000
outer loop
vertex 0.00000 1.41000 0.00000
vertex -0.06500 1.41000 0.00000
vertex -0.06005 1.41000 0.02487
endloop
endfacet
facet normal 0.00000 -1.00000 0.00000
outer loop
vertex 0.00000 1.51000 0.00000
vertex -0.06005 1.51000 0.02487
vertex -0.06500 1.51000 0.00000
endloop
endfacet
facet normal 0.98079 0.00000 0.19509
outer loop
vertex -0.06500 1.41000 0.00000
vertex -0.06005 1.41000 -0.02487
vertex -0.06005 1.51000 -0.02487
endloop
endfacet
facet normal 0.98079 0.00000 0.19509
outer loop
vertex -0.06500 1.41000 0.00000
vertex -0.06005 1.51000 -0.02487
vertex -0.06500 1.51000 0.00000
endloop
endfacet
facet normal 0.00000 1.00000 0.00000
outer loop
vertex 0.00000 1.41000 0.00000
vertex -0.06005 1.41000 -0.02487
vertex -0.06500 1.41000 0.00000
endloop
endfacet
facet normal 0.00000 -1.00000 0.00000
outer loop
vertex 0.00000 1.51000 0.00000
vertex -0.06500 1.51000 0.00000
vertex -0.06005 1.51000 -0.02487
endloop
endfacet
facet normal 0.83147 0.00000 0.55557
outer loop
vertex -0.06005 1.41000 -0.02487
vertex -0.04596 1.41000 -0.04596
vertex -0.04596 1.51000 -0.04596
endloop
endfacet
facet normal 0.83147 0.00000 0.55557
outer loop
vertex -0.06005 1.41000 -0.02487
vertex -0.04596 1.51000 -0.04596
vertex -0.06005 1.51000 -0.02487
endloop
endfacet
facet normal 0.00000 1.00000 0.00000
outer loop
vertex 0.00000 1.41000 0.00000
vertex -0.04596 1.41000 -0.04596
vertex -0.06005 1.41000 -0.02487
endloop
endfacet
facet normal 0.00000 -1.00000 0.00000
outer loop
vertex 0.00000 1.51000 0.00000
vertex -0.06005 1.51000 -0.02487
vertex -0.04596 1.51000 -0.04596
endloop
endfacet
facet normal 0.55557 0.00000 0.83147
outer loop
vertex -0.04596 1.41000 -0.04596
vertex -0.02487 1.41000 -0.06005
vertex -0.02487 1.51000 -0.06005
endloop
endfacet
facet normal 0.55557 0.00000 0.83147
outer loop
vertex -0.04596 1.41000 -0.04596
vertex -0.02487 1.51000 -0.06005
vertex -0.04596 1.51000 -0.04596
endloop
endfacet
facet normal 0.00000 1.00000 0.00000
outer loop
vertex 0.00000 1.41000 0.00000
vertex -0.02487 1.41000 -0.06005
vertex -0.04596 1.41000 -0.04596
endloop
endfacet
facet normal 0.00000 -1.00000 0.00000
outer loop
vertex 0.00000 1.51000 0.00000
vertex -0.04596 1.51000 -0.04596
vertex -0.02487 1.51000 -0.06005
endloop
endfacet
facet normal 0.19509 0.00000 0.98079
outer loop
vertex -0.02487 1.41000 -0.06005
vertex -0.00000 1.41000 -0.06500
vertex -0.00000 1.51000 -0.06500
endloop
endfacet
facet normal 0.19509 0.00000 0.98079
outer loop
vertex -0.02487 1.41000 -0.06005
vertex -0.00000 1.51000 -0.06500
vertex -0.02487 1.51000 -0.06005
endloop
endfacet
facet normal 0.00000 1.00000 0.00000
outer loop
vertex 0.00000 1.41000 0.00000
vertex -0.00000 1.41000 -0.06500
vertex -0.02487 1.41000 -0.06005
endloop
endfacet
facet normal 0.00000 -1.00000 0.00000
outer loop
vertex 0.00000 1.51000 0.00000
vertex -0.02487 1.51000 -0.06005
vertex -0.00000 1.51000 -0.06500
endloop
endfacet
facet normal -0.19509 0.00000 0.98079
outer loop
vertex -0.00000 1.41000 -0.06500
vertex 0.02487 1.41000 -0.06005
vertex 0.02487 1.51000 -0.06005
endloop
endfacet
facet normal -0.19509 0.00000 0.98079
outer loop
vertex -0.00000 1.41000 -0.06500
vertex 0.02487 1.51000 -0.06005
vertex -0.00000 1.51000 -0.06500
endloop
endfacet
facet normal 0.00000 1.00000 0.00000
outer loop
vertex 0.00000 1.41000 0.00000
vertex 0.02487 1.41000 -0.06005
vertex -0.00000 1.41000 -0.06500
endloop
endfacet
facet normal 0.00000 -1.00000 0.00000
outer loop
vertex 0.00000 1.51000 0.00000
vertex -0.00000 1.51000 -0.06500
vertex 0.02487 1.51000 -0.06005
endloop
endfacet
facet normal -0.55557 0.00000 0.83147
outer loop
vertex 0.02487 1.41000 -0.06005
vertex 0.04596 1.41000 -0.04596
vertex 0.04596 1.51000 -0.04596
endloop
endfacet
facet normal -0.55557 0.00000 0.83147
outer loop
vertex 0.02487 1.41000 -0.06005
vertex 0.04596 1.51000 -0.04596
vertex 0.02487 1.51000 -0.06005
endloop
endfacet
facet normal 0.00000 1.00000 0.00000
outer loop
vertex 0.00000 1.41000 0.00000
vertex 0.04596 1.41000 -0.04596
vertex 0.02487 1.41000 -0.06005
endloop
endfacet
facet normal 0.00000 -1.00000 0.00000
outer loop
vertex 0.00000 1.51000 0.00000
vertex 0.02487 1.51000 -0.06005
vertex 0.04596 1.51000 -0.04596
endloop
endfacet
facet normal -0.83147 0.00000 0.55557
outer loop
vertex 0.04596 1.41000 -0.04596
vertex 0.06005 1.41000 -0.02487
vertex 0.06005 1.51000 -0.02487
endloop
endfacet
facet normal -0.83147 0.00000 0.55557
outer loop
vertex 0.04596 1.41000 -0.04596
vertex 0.06005 1.51000 -0.02487
vertex 0.04596 1.51000 -0.04596
endloop
endfacet
facet normal 0.00000 1.00000 0.00000
outer loop
vertex 0.00000 1.41000 0.00000
vertex 0.06005 1.41000 -0.02487
vertex 0.04596 1.41000 -0.04596
endloop
endfacet
facet normal 0.00000 -1.00000 0.00000
outer loop
vertex 0.00000 1.51000 0.00000
vertex 0.04596 1.51000 -0.04596
vertex 0.06005 1.51000 -0.02487
endloop
endfacet
facet normal -0.98079 0.00000 0.19509
outer loop
vertex 0.06005 1.41000 -0.02487
vertex 0.06500 1.41000 -0.00000
vertex 0.06500 1.51000 -0.00000
endloop
endfacet
facet normal -0.98079 0.00000 0.19509
outer loop
vertex 0.06005 1.41000 -0.02487
vertex 0.06500 1.51000 -0.00000
vertex 0.06005 1.51000 -0.02487
endloop
endfacet
facet normal 0.00000 1.00000 0.00000
outer loop
vertex 0.00000 1.41000 0.00000
vertex 0.06500 1.41000 -0.00000
vertex 0.06005 1.41000 -0.02487
endloop
endfacet
facet normal 0.00000 -1.00000 0.00000
outer loop
vertex 0.00000 1.51000 0.00000
vertex 0.06005 1.51000 -0.02487
vertex 0.06500 1.51000 -0.00000
endloop
endfacet
facet normal -0.22687 0.97280 -0.04674
outer loop
vertex 0.00000 1.45000 0.00000
vertex 0.00000 1.45000 0.00000
vertex 0.05127 1.46294 0.02050
endloop
endfacet
facet normal -0.22687 0.97280 -0.04674
outer loop
vertex 0.00000 1.45000 0.00000
vertex 0.05127 1.46294 0.02050
vertex 0.05549 1.46294 0.00000
endloop
endfacet
facet normal -0.19223 0.97229 -0.13303
outer loop
vertex 0.00000 1.45000 0.00000
vertex 0.00000 1.45000 0.00000
vertex 0.03924 1.46294 0.03788
endloop
endfacet
facet normal -0.19223 0.97229 -0.13303
outer loop
vertex 0.00000 1.45000 0.00000
vertex 0.03924 1.46294 0.03788
vertex 0.05127 1.46294 0.02050
endloop
endfacet
facet normal -0.12835 0.97157 -0.19894
outer loop
vertex 0.00000 1.45000 0.00000
vertex 0.00000 1.45000 0.00000
vertex 0.02123 1.46294 0.04950
endloop
endfacet
facet normal -0.12835 0.97157 -0.19894
outer loop
vertex 0.00000 1.45000 0.00000
vertex 0.02123 1.46294 0.04950
vertex 0.03924 1.46294 0.03788
endloop
endfacet
facet normal -0.04505 0.97106 -0.23455
outer loop
vertex 0.00000 1.45000 0.00000
vertex 0.00000 1.45000 0.00000
vertex 0.00000 1.46294 0.05358
endloop
endfacet
facet normal -0.04505 0.97106 -0.23455
outer loop
vertex 0.00000 1.45000 0.00000
vertex 0.00000 1.46294 0.05358
vertex 0.02123 1.46294 0.04950
endloop
endfacet
facet normal 0.04505 0.97106 -0.23455
outer loop
vertex 0.00000 1.45000 0.00000
vertex -0.00000 1.45000 0.00000
vertex -0.02123 1.46294 0.04950
endloop
endfacet
facet normal 0.04505 0.97106 -0.23455
outer loop
vertex 0.00000 1.45000 0.00000
vertex -0.02123 1.46294 0.04950
vertex 0.00000 1.46294 0.05358
endloop
endfacet
facet normal 0.12835 0.97157 -0.19894
outer loop
vertex -0.00000 1.45000 0.00000
vertex -0.00000 1.45000 0.00000
vertex -0.03924 1.46294 0.03788
endloop
endfacet
facet normal 0.12835 0.97157 -0.19894
outer loop
vertex -0.00000 1.45000 0.00000
vertex -0.03924 1.46294 0.03788
vertex -0.02123 1.46294 0.04950
endloop
endfacet
facet normal 0.19223 0.97229 -0.13303
outer loop
vertex -0.00000 1.45000 0.00000
vertex -0.00000 1.45000 0.00000
vertex -0.05127 1.46294 0.02050
endloop
endfacet
facet normal 0.19223 0.97229 -0.13303
outer loop
vertex -0.00000 1.45000 0.00000
vertex -0.05127 1.46294 0.02050
vertex -0.03924 1.46294 0.03788
endloop
endfacet
facet normal 0.22687 0.97280 -0.04674
outer loop
vertex -0.00000 1.45000 0.00000
vertex -0.00000 1.45000 0.00000
vertex -0.05549 1.46294 0.00000
endloop
endfacet
facet normal 0.22687 0.97280 -0.04674
outer loop
vertex -0.00000 1.45000 0.00000
vertex -0.05549 1.46294 0.00000
vertex -0.05127 1.46294 0.02050
endloop
endfacet
facet normal 0.22687 0.97280 0.04674
outer loop
vertex -0.00000 1.45000 0.00000
vertex -0.00000 1.45000 -0.00000
vertex -0.05127 1.46294 -0.02050
endloop
endfacet
facet normal 0.22687 0.97280 0.04674
outer loop
vertex -0.00000 1.45000 0.00000
vertex -0.05127 1.46294 -0.02050
vertex -0.05549 1.46294 0.00000
endloop
endfacet
facet normal 0.19223 0.97229 0.13303
outer loop
vertex -0.00000 1.45000 -0.00000
vertex -0.00000 1.45000 -0.00000
vertex -0.03924 1.46294 -0.03788
endloop
endfacet
facet normal 0.19223 0.97229 0.13303
outer loop
vertex -0.00000 1.45000 -0.00000
vertex -0.03924 1.46294 -0.03788
vertex -0.05127 1.46294 -0.02050
endloop
endfacet
facet normal 0.12835 0.97157 0.19894
outer loop
vertex -0.00000 1.45000 -0.00000
vertex -0.00000 1.45000 -0.00000
vertex -0.02123 1.46294 -0.04950
endloop
endfacet
facet normal 0.12835 0.97157 0.19894
outer loop
vertex -0.00000 1.45000 -0.00000
vertex -0.02123 1.46294 -0.04950
vertex -0.03924 1.46294 -0.03788
endloop
endfacet
facet normal 0.04505 0.97106 0.23455
outer loop
vertex -0.00000 1.45000 -0.00000
vertex -0.00000 1.45000 -0.00000
vertex -0.00000 1.46294 -0.05358
endloop
endfacet
facet normal 0.04505 0.97106 0.23455
outer loop
vertex -0.00000 1.45000 -0.00000
vertex -0.00000 1.46294 -0.05358
vertex -0.02123 1.46294 -0.04950
endloop
endfacet
facet normal -0.04505 0.97106 0.23455
outer loop
vertex -0.00000 1.45000 -0.00000
vertex 0.00000 1.45000 -0.00000
vertex 0.02123 1.46294 -0.04950
endloop
endfacet
facet normal -0.04505 0.97106 0.23455
outer loop
vertex -0.00000 1.45000 -0.00000
vertex 0.02123 1.46294 -0.04950
vertex -0.00000 1.46294 -0.05358
endloop
endfacet
facet normal -0.12835 0.97157 0.19894
outer loop
vertex 0.00000 1.45000 -0.00000
vertex 0.00000 1.45000 -0.00000
vertex 0.03924 1.46294 -0.03788
endloop
endfacet
facet normal -0.12835 0.97157 0.19894
outer loop
vertex 0.00000 1.45000 -0.00000
vertex 0.03924 1.46294 -0.03788
vertex 0.02123 1.46294 -0.04950
endloop
endfacet
facet normal -0.19223 0.97229 0.13303
outer loop
vertex 0.00000 1.45000 -0.00000
vertex 0.00000 1.45000 -0.00000
vertex 0.05127 1.46294 -0.02050
endloop
endfacet
facet normal -0.19223 0.97229 0.13303
outer loop
vertex 0.00000 1.45000 -0.00000
vertex 0.05127 1.46294 -0.02050
vertex 0.03924 1.46294 -0.03788
endloop
endfacet
facet normal -0.22687 0.97280 0.04674
outer loop
vertex 0.00000 1.45000 -0.00000
vertex 0.00000 1.45000 -0.00000
vertex 0.05549 1.46294 -0.00000
endloop
endfacet
facet normal -0.22687 0.97280 0.04674
outer loop
vertex 0.00000 1.45000 -0.00000
vertex 0.05549 1.46294 -0.00000
vertex 0.05127 1.46294 -0.02050
endloop
endfacet
facet normal -0.61177 0.78093 -0.12603
outer loop
vertex 0.05549 1.46294 0.00000
vertex 0.05127 1.46294 0.02050
vertex 0.09473 1.49979 0.03788
endloop
endfacet
facet normal -0.61177 0.78093 -0.12603
outer loop
vertex 0.05549 1.46294 0.00000
vertex 0.09473 1.49979 0.03788
vertex 0.10253 1.49979 0.00000
endloop
endfacet
facet normal -0.51666 0.77796 -0.35755
outer loop
vertex 0.05127 1.46294 0.02050
vertex 0.03924 1.46294 0.03788
vertex 0.07250 1.49979 0.07000
endloop
endfacet
facet normal -0.51666 0.77796 -0.35755
outer loop
vertex 0.05127 1.46294 0.02050
vertex 0.07250 1.49979 0.07000
vertex 0.09473 1.49979 0.03788
endloop
endfacet
facet normal -0.34338 0.77382 -0.53226
outer loop
vertex 0.03924 1.46294 0.03788
vertex 0.02123 1.46294 0.04950
vertex 0.03924 1.49979 0.09146
endloop
endfacet
facet normal -0.34338 0.77382 -0.53226
outer loop
vertex 0.03924 1.46294 0.03788
vertex 0.03924 1.49979 0.09146
vertex 0.07250 1.49979 0.07000
endloop
endfacet
facet normal -0.12013 0.77092 -0.62550
outer loop
vertex 0.02123 1.46294 0.04950
vertex 0.00000 1.46294 0.05358
vertex 0.00000 1.49979 0.09899
endloop
endfacet
facet normal -0.12013 0.77092 -0.62550
outer loop
vertex 0.02123 1.46294 0.04950
vertex 0.00000 1.49979 0.09899
vertex 0.03924 1.49979 0.09146
endloop
endfacet
facet normal 0.12013 0.77092 -0.62550
outer loop
vertex 0.00000 1.46294 0.05358
vertex -0.02123 1.46294 0.04950
vertex -0.03924 1.49979 0.09146
endloop
endfacet
facet normal 0.12013 0.77092 -0.62550
outer loop
vertex 0.00000 1.46294 0.05358
vertex -0.03924 1.49979 0.09146
vertex 0.00000 1.49979 0.09899
endloop
endfacet
facet normal 0.34338 0.77382 -0.53226
outer loop
vertex -0.02123 1.46294 0.04950
vertex -0.03924 1.46294 0.03788
vertex -0.07250 1.49979 0.07000
endloop
endfacet
facet normal 0.34338 0.77382 -0.53226
outer loop
vertex -0.02123 1.46294 0.04950
vertex -0.07250 1.49979 0.07000
vertex -0.03924 1.49979 0.09146
endloop
endfacet
facet normal 0.51666 0.77796 -0.35755
outer loop
vertex -0.03924 1.46294 0.03788
vertex -0.05127 1.46294 0.02050
vertex -0.09473 1.49979 0.03788
endloop
endfacet
facet normal 0.51666 0.77796 -0.35755
outer loop
vertex -0.03924 1.46294 0.03788
vertex -0.09473 1.49979 0.03788
vertex -0.07250 1.49979 0.07000
endloop
endfacet
facet normal 0.61177 0.78093 -0.12603
outer loop
vertex -0.05127 1.46294 0.02050
vertex -0.05549 1.46294 0.00000
vertex -0.10253 1.49979 0.00000
endloop
endfacet
facet normal 0.61177 0.78093 -0.12603
outer loop
vertex -0.05127 1.46294 0.02050
vertex -0.10253 1.49979 0.00000
vertex -0.09473 1.49979 0.03788
endloop
endfacet
facet normal 0.61177 0.78093 0.12603
outer loop
vertex -0.05549 1.46294 0.00000
vertex -0.05127 1.46294 -0.02050
vertex -0.09473 1.49979 -0.03788
endloop
endfacet
facet normal 0.61177 0.78093 0.12603
outer loop
vertex -0.05549 1.46294 0.00000
vertex -0.09473 1.49979 -0.03788
vertex -0.10253 1.49979 0.00000
endloop
endfacet
facet normal 0.51666 0.77796 0.35755
outer loop
vertex -0.05127 1.46294 -0.02050
vertex -0.03924 1.46294 -0.03788
vertex -0.07250 1.49979 -0.07000
endloop
endfacet
facet normal 0.51666 0.77796 0.35755
outer loop
vertex -0.05127 1.46294 -0.02050
vertex -0.07250 1.49979 -0.07000
vertex -0.09473 1.49979 -0.03788
endloop
endfacet
facet normal 0.34338 0.77382 0.53226
outer loop
vertex -0.03924 1.46294 -0.03788
vertex -0.02123 1.46294 -0.04950
vertex -0.03924 1.49979 -0.09146
endloop
endfacet
facet normal 0.34338 0.77382 0.53226
outer loop
vertex -0.03924 1.46294 -0.03788
vertex -0.03924 1.49979 -0.09146
vertex -0.07250 1.49979 -0.07000
endloop
endfacet
facet normal 0.12013 0.77092 0.62550
outer loop
vertex -0.02123 1.46294 -0.04950
vertex -0.00000 1.46294 -0.05358
vertex -0.00000 1.49979 -0.09899
endloop
endfacet
facet normal 0.12013 0.77092 0.62550
outer loop
vertex -0.02123 1.46294 -0.04950
vertex -0.00000 1.49979 -0.09899
vertex -0.03924 1.49979 -0.09146
endloop
endfacet
facet normal -0.12013 0.77092 0.62550
outer loop
vertex -0.00000 1.46294 -0.05358
vertex 0.02123 1.46294 -0.04950
vertex 0.03924 1.49979 -0.09146
endloop
endfacet
facet normal -0.12013 0.77092 0.62550
outer loop
vertex -0.00000 1.46294 -0.05358
vertex 0.03924 1.49979 -0.09146
vertex -0.00000 1.49979 -0.09899
endloop
endfacet
facet normal -0.34338 0.77382 0.53226
outer loop
vertex 0.02123 1.46294 -0.04950
vertex 0.03924 1.46294 -0.03788
vertex 0.07250 1.49979 -0.07000
endloop
endfacet
facet normal -0.34338 0.77382 0.53226
outer loop
vertex 0.02123 1.46294 -0.04950
vertex 0.07250 1.49979 -0.07000
vertex 0.03924 1.49979 -0.09146
endloop
endfacet
facet normal -0.51666 0.77796 0.35755
outer loop
vertex 0.03924 1.46294 -0.03788
vertex 0.05127 1.46294 -0.02050
vertex 0.09473 1.49979 -0.03788
endloop
endfacet
facet normal -0.51666 0.77796 0.35755
outer loop
vertex 0.03924 1.46294 -0.03788
vertex 0.09473 1.49979 -0.03788
vertex 0.07250 1.49979 -0.07000
endloop
endfacet
facet normal -0.61177 0.78093 0.12603
outer loop
vertex 0.05127 1.46294 -0.02050
vertex 0.05549 1.46294 -0.00000
vertex 0.10253 1.49979 -0.00000
endloop
endfacet
facet normal -0.61177 0.78093 0.12603
outer loop
vertex 0.05127 1.46294 -0.02050
vertex 0.10253 1.49979 -0.00000
vertex 0.09473 1.49979 -0.03788
endloop
endfacet
facet normal -0.85522 0.48740 -0.17619
outer loop
vertex 0.10253 1.49979 0.00000
vertex 0.09473 1.49979 0.03788
vertex 0.12377 1.55494 0.04950
endloop
endfacet
facet normal -0.85522 0.48740 -0.17619
outer loop
vertex 0.10253 1.49979 0.00000
vertex 0.12377 1.55494 0.04950
vertex 0.13396 1.55494 0.00000
endloop
endfacet
facet normal -0.71966 0.48380 -0.49803
outer loop
vertex 0.09473 1.49979 0.03788
vertex 0.07250 1.49979 0.07000
vertex 0.09473 1.55494 0.09146
endloop
endfacet
facet normal -0.71966 0.48380 -0.49803
outer loop
vertex 0.09473 1.49979 0.03788
vertex 0.09473 1.55494 0.09146
vertex 0.12377 1.55494 0.04950
endloop
endfacet
facet normal -0.47592 0.47883 -0.73771
outer loop
vertex 0.07250 1.49979 0.07000
vertex 0.03924 1.49979 0.09146
vertex 0.05127 1.55494 0.11950
endloop
endfacet
facet normal -0.47592 0.47883 -0.73771
outer loop
vertex 0.07250 1.49979 0.07000
vertex 0.05127 1.55494 0.11950
vertex 0.09473 1.55494 0.09146
endloop
endfacet
facet normal -0.16593 0.47541 -0.86397
outer loop
vertex 0.03924 1.49979 0.09146
vertex 0.00000 1.49979 0.09899
vertex 0.00000 1.55494 0.12934
endloop
endfacet
facet normal -0.16593 0.47541 -0.86397
outer loop
vertex 0.03924 1.49979 0.09146
vertex 0.00000 1.55494 0.12934
vertex 0.05127 1.55494 0.11950
endloop
endfacet
facet normal 0.16593 0.47541 -0.86397
outer loop
vertex 0.00000 1.49979 0.09899
vertex -0.03924 1.49979 0.09146
vertex -0.05127 1.55494 0.11950
endloop
endfacet
facet normal 0.16593 0.47541 -0.86397
outer loop
vertex 0.00000 1.49979 0.09899
vertex -0.05127 1.55494 0.11950
vertex 0.00000 1.55494 0.12934
endloop
endfacet
facet normal 0.47592 0.47883 -0.73771
outer loop
vertex -0.03924 1.49979 0.09146
vertex -0.07250 1.49979 0.07000
vertex -0.09473 1.55494 0.09146
endloop
endfacet
facet normal 0.47592 0.47883 -0.73771
outer loop
vertex -0.03924 1.49979 0.09146
vertex -0.09473 1.55494 0.09146
vertex -0.05127 1.55494 0.11950
endloop
endfacet
facet normal 0.71966 0.48380 -0.49803
outer loop
vertex -0.07250 1.49979 0.07000
vertex -0.09473 1.49979 0.03788
vertex -0.12377 1.55494 0.04950
endloop
endfacet
facet normal 0.71966 0.48380 -0.49803
outer loop
vertex -0.07250 1.49979 0.07000
vertex -0.12377 1.55494 0.04950
vertex -0.09473 1.55494 0.09146
endloop
endfacet
facet normal 0.85522 0.48740 -0.17619
outer loop
vertex -0.09473 1.49979 0.03788
vertex -0.10253 1.49979 0.00000
vertex -0.13396 1.55494 0.00000
endloop
endfacet
facet normal 0.85522 0.48740 -0.17619
outer loop
vertex -0.09473 1.49979 0.03788
vertex -0.13396 1.55494 0.00000
vertex -0.12377 1.55494 0.04950
endloop
endfacet
facet normal 0.85522 0.48740 0.17619
outer loop
vertex -0.10253 1.49979 0.00000
vertex -0.09473 1.49979 -0.03788
vertex -0.12377 1.55494 -0.04950
endloop
endfacet
facet normal 0.85522 0.48740 0.17619
outer loop
vertex -0.10253 1.49979 0.00000
vertex -0.12377 1.55494 -0.04950
vertex -0.13396 1.55494 0.00000
endloop
endfacet
facet normal 0.71966 0.48380 0.49803
outer loop
vertex -0.09473 1.49979 -0.03788
vertex -0.07250 1.49979 -0.07000
vertex -0.09473 1.55494 -0.09146
endloop
endfacet
facet normal 0.71966 0.48380 0.49803
outer loop
vertex -0.09473 1.49979 -0.03788
vertex -0.09473 1.55494 -0.09146
vertex -0.12377 1.55494 -0.04950
endloop
endfacet
facet normal 0.47592 0.47883 0.73771
outer loop
vertex -0.07250 1.49979 -0.07000
vertex -0.03924 1.49979 -0.09146
vertex -0.05127 1.55494 -0.11950
endloop
endfacet
facet normal 0.47592 0.47883 0.73771
outer loop
vertex -0.07250 1.49979 -0.07000
vertex -0.05127 1.55494 -0.11950
vertex -0.09473 1.55494 -0.09146
endloop
endfacet
facet normal 0.16593 0.47541 0.86397
outer loop
vertex -0.03924 1.49979 -0.09146
vertex -0.00000 1.49979 -0.09899
vertex -0.00000 1.55494 -0.12934
endloop
endfacet
facet normal 0.16593 0.47541 0.86397
outer loop
vertex -0.03924 1.49979 -0.09146
vertex -0.00000 1.55494 -0.12934
vertex -0.05127 1.55494 -0.11950
endloop
endfacet
facet normal -0.16593 0.47541 0.86397
outer loop
vertex -0.00000 1.49979 -0.09899
vertex 0.03924 1.49979 -0.09146
vertex 0.05127 1.55494 -0.11950
endloop
endfacet
facet normal -0.16593 0.47541 0.86397
outer loop
vertex -0.00000 1.49979 -0.09899
vertex 0.05127 1.55494 -0.11950
vertex -0.00000 1.55494 -0.12934
endloop
endfacet
facet normal -0.47592 0.47883 0.73771
outer loop
vertex 0.03924 1.49979 -0.09146
vertex 0.07250 1.49979 -0.07000
vertex 0.09473 1.55494 -0.09146
endloop
endfacet
facet normal -0.47592 0.47883 0.73771
outer loop
vertex 0.03924 1.49979 -0.09146
vertex 0.09473 1.55494 -0.09146
vertex 0.05127 1.55494 -0.11950
endloop
endfacet
facet normal -0.71966 0.48380 0.49803
outer loop
vertex 0.07250 1.49979 -0.07000
vertex 0.09473 1.49979 -0.03788
vertex 0.12377 1.55494 -0.04950
endloop
endfacet
facet normal -0.71966 0.48380 0.49803
outer loop
vertex 0.07250 1.49979 -0.07000
vertex 0.12377 1.55494 -0.04950
vertex 0.09473 1.55494 -0.09146
endloop
endfacet
facet normal -0.85522 0.48740 0.17619
outer loop
vertex 0.09473 1.49979 -0.03788
vertex 0.10253 1.49979 -0.00000
vertex 0.13396 1.55494 -0.00000
endloop
endfacet
facet normal -0.85522 0.48740 0.17619
outer loop
vertex 0.09473 1.49979 -0.03788
vertex 0.13396 1.55494 -0.00000
vertex 0.12377 1.55494 -0.04950
endloop
endfacet
facet normal -0.96618 0.16392 -0.19905
outer loop
vertex 0.13396 1.55494 0.00000
vertex 0.12377 1.55494 0.04950
vertex 0.13396 1.62000 0.05358
endloop
endfacet
facet normal -0.96618 0.16392 -0.19905
outer loop
vertex 0.13396 1.55494 0.00000
vertex 0.13396 1.62000 0.05358
vertex 0.14500 1.62000 0.00000
endloop
endfacet
facet normal -0.81138 0.16238 -0.56151
outer loop
vertex 0.12377 1.55494 0.04950
vertex 0.09473 1.55494 0.09146
vertex 0.10253 1.62000 0.09899
endloop
endfacet
facet normal -0.81138 0.16238 -0.56151
outer loop
vertex 0.12377 1.55494 0.04950
vertex 0.10253 1.62000 0.09899
vertex 0.13396 1.62000 0.05358
endloop
endfacet
facet normal -0.53511 0.16027 -0.82944
outer loop
vertex 0.09473 1.55494 0.09146
vertex 0.05127 1.55494 0.11950
vertex 0.05549 1.62000 0.12934
endloop
endfacet
facet normal -0.53511 0.16027 -0.82944
outer loop
vertex 0.09473 1.55494 0.09146
vertex 0.05549 1.62000 0.12934
vertex 0.10253 1.62000 0.09899
endloop
endfacet
facet normal -0.18621 0.15883 -0.96959
outer loop
vertex 0.05127 1.55494 0.11950
vertex 0.00000 1.55494 0.12934
vertex 0.00000 1.62000 0.14000
endloop
endfacet
facet normal -0.18621 0.15883 -0.96959
outer loop
vertex 0.05127 1.55494 0.11950
vertex 0.00000 1.62000 0.14000
vertex 0.05549 1.62000 0.12934
endloop
endfacet
facet normal 0.18621 0.15883 -0.96959
outer loop
vertex 0.00000 1.55494 0.12934
vertex -0.05127 1.55494 0.11950
vertex -0.05549 1.62000 0.12934
endloop
endfacet
facet normal 0.18621 0.15883 -0.96959
outer loop
vertex 0.00000 1.55494 0.12934
vertex -0.05549 1.62000 0.12934
vertex 0.00000 1.62000 0.14000
endloop
endfacet
facet normal 0.53511 0.16027 -0.82944
outer loop
vertex -0.05127 1.55494 0.11950
vertex -0.09473 1.55494 0.09146
vertex -0.10253 1.62000 0.09899
endloop
endfacet
facet normal 0.53511 0.16027 -0.82944
outer loop
vertex -0.05127 1.55494 0.11950
vertex -0.10253 1.62000 0.09899
vertex -0.05549 1.62000 0.12934
endloop
endfacet
facet normal 0.81138 0.16238 -0.56151
outer loop
vertex -0.09473 1.55494 0.09146
vertex -0.12377 1.55494 0.04950
vertex -0.13396 1.62000 0.05358
endloop
endfacet
facet normal 0.81138 0.16238 -0.56151
outer loop
vertex -0.09473 1.55494 0.09146
vertex -0.13396 1.62000 0.05358
vertex -0.10253 1.62000 0.09899
endloop
endfacet
facet normal 0.96618 0.16392 -0.19905
outer loop
vertex -0.12377 1.55494 0.04950
vertex -0.13396 1.55494 0.00000
vertex -0.14500 1.62000 0.00000
endloop
endfacet
facet normal 0.96618 0.16392 -0.19905
outer loop
vertex -0.12377 1.55494 0.04950
vertex -0.14500 1.62000 0.00000
vertex -0.13396 1.62000 0.05358
endloop
endfacet
facet normal 0.96618 0.16392 0.19905
outer loop
vertex -0.13396 1.55494 0.00000
vertex -0.12377 1.55494 -0.04950
vertex -0.13396 1.62000 -0.05358
endloop
endfacet
facet normal 0.96618 0.16392 0.19905
outer loop
vertex -0.13396 1.55494 0.00000
vertex -0.13396 1.62000 -0.05358
vertex -0.14500 1.62000 0.00000
endloop
endfacet
facet normal 0.81138 0.16238 0.56151
outer loop
vertex -0.12377 1.55494 -0.04950
vertex -0.09473 1.55494 -0.09146
vertex -0.10253 1.62000 -0.09899
endloop
endfacet
facet normal 0.81138 0.16238 0.56151
outer loop
vertex -0.12377 1.55494 -0.04950
vertex -0.10253 1.62000 -0.09899
vertex -0.13396 1.62000 -0.05358
endloop
endfacet
facet normal 0.53511 0.16027 0.82944
outer loop
vertex -0.09473 1.55494 -0.09146
vertex -0.05127 1.55494 -0.11950
vertex -0.05549 1.62000 -0.12934
endloop
endfacet
facet normal 0.53511 0.16027 0.82944
outer loop
vertex -0.09473 1.55494 -0.09146
vertex -0.05549 1.62000 -0.12934
vertex -0.10253 1.62000 -0.09899
endloop
endfacet
facet normal 0.18621 0.15883 0.96959
outer loop
vertex -0.05127 1.55494 -0.11950
vertex -0.00000 1.55494 -0.12934
vertex -0.00000 1.62000 -0.14000
endloop
endfacet
facet normal 0.18621 0.15883 0.96959
outer loop
vertex -0.05127 1.55494 -0.11950
vertex -0.00000 1.62000 -0.14000
vertex -0.05549 1.62000 -0.12934
endloop
endfacet
facet normal -0.18621 0.15883 0.96959
outer loop
vertex -0.00000 1.55494 -0.12934
vertex 0.05127 1.55494 -0.11950
vertex 0.05549 1.62000 -0.12934
endloop
endfacet
facet normal -0.18621 0.15883 0.96959
outer loop
vertex -0.00000 1.55494 -0.12934
vertex 0.05549 1.62000 -0.12934
vertex -0.00000 1.62000 -0.14000
endloop
endfacet
facet normal -0.53511 0.16027 0.82944
outer loop
vertex 0.05127 1.55494 -0.11950
vertex 0.09473 1.55494 -0.09146
vertex 0.10253 1.62000 -0.09899
endloop
endfacet
facet normal -0.53511 0.16027 0.82944
outer loop
vertex 0.05127 1.55494 -0.11950
vertex 0.10253 1.62000 -0.09899
vertex 0.05549 1.62000 -0.12934
endloop
endfacet
facet normal -0.81138 0.16238 0.56151
outer loop
vertex 0.09473 1.55494 -0.09146
vertex 0.12377 1.55494 -0.04950
vertex 0.13396 1.62000 -0.05358
endloop
endfacet
facet normal -0.81138 0.16238 0.56151
outer loop
vertex 0.09473 1.55494 -0.09146
vertex 0.13396 1.62000 -0.05358
vertex 0.10253 1.62000 -0.09899
endloop
endfacet
facet normal -0.96618 0.16392 0.19905
outer loop
vertex 0.12377 1.55494 -0.04950
vertex 0.13396 1.55494 -0.00000
vertex 0.14500 1.62000 -0.00000
endloop
endfacet
facet normal -0.96618 0.16392 0.19905
outer loop
vertex 0.12377 1.55494 -0.04950
vertex 0.14500 1.62000 -0.00000
vertex 0.13396 1.62000 -0.05358
endloop
endfacet
facet normal -0.96618 -0.16392 -0.19905
outer loop
vertex 0.14500 1.62000 0.00000
vertex 0.13396 1.62000 0.05358
vertex 0.12377 1.68506 0.04950
endloop
endfacet
facet normal -0.96618 -0.16392 -0.19905
outer loop
vertex 0.14500 1.62000 0.00000
vertex 0.12377 1.68506 0.04950
vertex 0.13396 1.68506 0.00000
endloop
endfacet
facet normal -0.81138 -0.16238 -0.56151
outer loop
vertex 0.13396 1.62000 0.05358
vertex 0.10253 1.62000 0.09899
vertex 0.09473 1.68506 0.09146
endloop
endfacet
facet normal -0.81138 -0.16238 -0.56151
outer loop
vertex 0.13396 1.62000 0.05358
vertex 0.09473 1.68506 0.09146
vertex 0.12377 1.68506 0.04950
endloop
endfacet
facet normal -0.53511 -0.16027 -0.82944
outer loop
vertex 0.10253 1.62000 0.09899
vertex 0.05549 1.62000 0.12934
vertex 0.05127 1.68506 0.11950
endloop
endfacet
facet normal -0.53511 -0.16027 -0.82944
outer loop
vertex 0.10253 1.62000 0.09899
vertex 0.05127 1.68506 0.11950
vertex 0.09473 1.68506 0.09146
endloop
endfacet
facet normal -0.18621 -0.15883 -0.96959
outer loop
vertex 0.05549 1.62000 0.12934
vertex 0.00000 1.62000 0.14000
vertex 0.00000 1.68506 0.12934
endloop
endfacet
facet normal -0.18621 -0.15883 -0.96959
outer loop
vertex 0.05549 1.62000 0.12934
vertex 0.00000 1.68506 0.12934
vertex 0.05127 1.68506 0.11950
endloop
endfacet
facet normal 0.18621 -0.15883 -0.96959
outer loop
vertex 0.00000 1.62000 0.14000
vertex -0.05549 1.62000 0.12934
vertex -0.05127 1.68506 0.11950
endloop
endfacet
facet normal 0.18621 -0.15883 -0.96959
outer loop
vertex 0.00000 1.62000 0.14000
vertex -0.05127 1.68506 0.11950
vertex 0.00000 1.68506 0.12934
endloop
endfacet
facet normal 0.53511 -0.16027 -0.82944
outer loop
vertex -0.05549 1.62000 0.12934
vertex -0.10253 1.62000 0.09899
vertex -0.09473 1.68506 0.09146
endloop
endfacet
facet normal 0.53511 -0.16027 -0.82944
outer loop
vertex -0.05549 1.62000 0.12934
vertex -0.09473 1.68506 0.09146
vertex -0.05127 1.68506 0.11950
endloop
endfacet
facet normal 0.81138 -0.16238 -0.56151
outer loop
vertex -0.10253 1.62000 0.09899
vertex -0.13396 1.62000 0.05358
vertex -0.12377 1.68506 0.04950
endloop
endfacet
facet normal 0.81138 -0.16238 -0.56151
outer loop
vertex -0.10253 1.62000 0.09899
vertex -0.12377 1.68506 0.04950
vertex -0.09473 1.68506 0.09146
endloop
endfacet
facet normal 0.96618 -0.16392 -0.19905
outer loop
vertex -0.13396 1.62000 0.05358
vertex -0.14500 1.62000 0.00000
vertex -0.13396 1.68506 0.00000
endloop
endfacet
facet normal 0.96618 -0.16392 -0.19905
outer loop
vertex -0.13396 1.62000 0.05358
vertex -0.13396 1.68506 0.00000
vertex -0.12377 1.68506 0.04950
endloop
endfacet
facet normal 0.96618 -0.16392 0.19905
outer loop
vertex -0.14500 1.62000 0.00000
vertex -0.13396 1.62000 -0.05358
vertex -0.12377 1.68506 -0.04950
endloop
endfacet
facet normal 0.96618 -0.16392 0.19905
outer loop
vertex -0.14500 1.62000 0.00000
vertex -0.12377 1.68506 -0.04950
vertex -0.13396 1.68506 0.00000
endloop
endfacet
facet normal 0.81138 -0.16238 0.56151
outer loop
vertex -0.13396 1.62000 -0.05358
vertex -0.10253 1.62000 -0.09899
vertex -0.09473 1.68506 -0.09146
endloop
endfacet
facet normal 0.81138 -0.16238 0.56151
outer loop
vertex -0.13396 1.62000 -0.05358
vertex -0.09473 1.68506 -0.09146
vertex -0.12377 1.68506 -0.04950
endloop
endfacet
facet normal 0.53511 -0.16027 0.82944
outer loop
vertex -0.10253 1.62000 -0.09899
vertex -0.05549 1.62000 -0.12934
vertex -0.05127 1.68506 -0.11950
endloop
endfacet
facet normal 0.53511 -0.16027 0.82944
outer loop
vertex -0.10253 1.62000 -0.09899
vertex -0.05127 1.68506 -0.11950
vertex -0.09473 1.68506 -0.09146
endloop
endfacet
facet normal 0.18621 -0.15883 0.96959
outer loop
vertex -0.05549 1.62000 -0.12934
vertex -0.00000 1.62000 -0.14000
vertex -0.00000 1.68506 -0.12934
endloop
endfacet
facet normal 0.18621 -0.15883 0.96959
outer loop
vertex -0.05549 1.62000 -0.12934
vertex -0.00000 1.68506 -0.12934
vertex -0.05127 1.68506 -0.11950
endloop
endfacet
facet normal -0.18621 -0.15883 0.96959
outer loop
vertex -0.00000 1.62000 -0.14000
vertex 0.05549 1.62000 -0.12934
vertex 0.05127 1.68506 -0.11950
endloop
endfacet
facet normal -0.18621 -0.15883 0.96959
outer loop
vertex -0.00000 1.62000 -0.14000
vertex 0.05127 1.68506 -0.11950
vertex -0.00000 1.68506 -0.12934
endloop
endfacet
facet normal -0.53511 -0.16027 0.82944
outer loop
vertex 0.05549 1.62000 -0.12934
vertex 0.10253 1.62000 -0.09899
vertex 0.09473 1.68506 -0.09146
endloop
endfacet
facet normal -0.53511 -0.16027 0.82944
outer loop
vertex 0.05549 1.62000 -0.12934
vertex 0.09473 1.68506 -0.09146
vertex 0.05127 1.68506 -0.11950
endloop
endfacet
facet normal -0.81138 -0.16238 0.56151
outer loop
vertex 0.10253 1.62000 -0.09899
vertex 0.13396 1.62000 -0.05358
vertex 0.12377 1.68506 -0.04950
endloop
endfacet
facet normal -0.81138 -0.16238 0.56151
outer loop
vertex 0.10253 1.62000 -0.09899
vertex 0.12377 1.68506 -0.04950
vertex 0.09473 1.68506 -0.09146
endloop
endfacet
facet normal -0.96618 -0.16392 0.19905
outer loop
vertex 0.13396 1.62000 -0.05358
vertex 0.14500 1.62000 -0.00000
vertex 0.13396 1.68506 -0.00000
endloop
endfacet
facet normal -0.96618 -0.16392 0.19905
outer loop
vertex 0.13396 1.62000 -0.05358
vertex 0.13396 1.68506 -0.00000
vertex 0.12377 1.68506 -0.04950
endloop
endfacet
facet normal -0.85522 -0.48740 -0.17619
outer loop
vertex 0.13396 1.68506 0.00000
vertex 0.12377 1.68506 0.04950
vertex 0.09473 1.74021 0.03788
endloop
endfacet
facet normal -0.85522 -0.48740 -0.17619
outer loop
vertex 0.13396 1.68506 0.00000
vertex 0.09473 1.74021 0.03788
vertex 0.10253 1.74021 0.00000
endloop
endfacet
facet normal -0.71966 -0.48380 -0.49803
outer loop
vertex 0.12377 1.68506 0.04950
vertex 0.09473 1.68506 0.09146
vertex 0.07250 1.74021 0.07000
endloop
endfacet
facet normal -0.71966 -0.48380 -0.49803
outer loop
vertex 0.12377 1.68506 0.04950
vertex 0.07250 1.74021 0.07000
vertex 0.09473 1.74021 0.03788
endloop
endfacet
facet normal -0.47592 -0.47883 -0.73771
outer loop
vertex 0.09473 1.68506 0.09146
vertex 0.05127 1.68506 0.11950
vertex 0.03924 1.74021 0.09146
endloop
endfacet
facet normal -0.47592 -0.47883 -0.73771
outer loop
vertex 0.09473 1.68506 0.09146
vertex 0.03924 1.74021 0.09146
vertex 0.07250 1.74021 0.07000
endloop
endfacet
facet normal -0.16593 -0.47541 -0.86397
outer loop
vertex 0.05127 1.68506 0.11950
vertex 0.00000 1.68506 0.12934
vertex 0.00000 1.74021 0.09899
endloop
endfacet
facet normal -0.16593 -0.47541 -0.86397
outer loop
vertex 0.05127 1.68506 0.11950
vertex 0.00000 1.74021 0.09899
vertex 0.03924 1.74021 0.09146
endloop
endfacet
facet normal 0.16593 -0.47541 -0.86397
outer loop
vertex 0.00000 1.68506 0.12934
vertex -0.05127 1.68506 0.11950
vertex -0.03924 1.74021 0.09146
endloop
endfacet
facet normal 0.16593 -0.47541 -0.86397
outer loop
vertex 0.00000 1.68506 0.12934
vertex -0.03924 1.74021 0.09146
vertex 0.00000 1.74021 0.09899
endloop
endfacet
facet normal 0.47592 -0.47883 -0.73771
outer loop
vertex -0.05127 1.68506 0.11950
vertex -0.09473 1.68506 0.09146
vertex -0.07250 1.74021 0.07000
endloop
endfacet
facet normal 0.47592 -0.47883 -0.73771
outer loop
vertex -0.05127 1.68506 0.11950
vertex -0.07250 1.74021 0.07000
vertex -0.03924 1.74021 0.09146
endloop
endfacet
facet normal 0.71966 -0.48380 -0.49803
outer loop
vertex -0.09473 1.68506 0.09146
vertex -0.12377 1.68506 0.04950
vertex -0.09473 1.74021 0.03788
endloop
endfacet
facet normal 0.71966 -0.48380 -0.49803
outer loop
vertex -0.09473 1.68506 0.09146
vertex -0.09473 1.74021 0.03788
vertex -0.07250 1.74021 0.07000
endloop
endfacet
facet normal 0.85522 -0.48740 -0.17619
outer loop
vertex -0.12377 1.68506 0.04950
vertex -0.13396 1.68506 0.00000
vertex -0.10253 1.74021 0.00000
endloop
endfacet
facet normal 0.85522 -0.48740 -0.17619
outer loop
vertex -0.12377 1.68506 0.04950
vertex -0.10253 1.74021 0.00000
vertex -0.09473 1.74021 0.03788
endloop
endfacet
facet normal 0.85522 -0.48740 0.17619
outer loop
vertex -0.13396 1.68506 0.00000
vertex -0.12377 1.68506 -0.04950
vertex -0.09473 1.74021 -0.03788
endloop
endfacet
facet normal 0.85522 -0.48740 0.17619
outer loop
vertex -0.13396 1.68506 0.00000
vertex -0.09473 1.74021 -0.03788
vertex -0.10253 1.74021 0.00000
endloop
endfacet
facet normal 0.71966 -0.48380 0.49803
outer loop
vertex -0.12377 1.68506 -0.04950
vertex -0.09473 1.68506 -0.09146
vertex -0.07250 1.74021 -0.07000
endloop
endfacet
facet normal 0.71966 -0.48380 0.49803
outer loop
vertex -0.12377 1.68506 -0.04950
vertex -0.07250 1.74021 -0.07000
vertex -0.09473 1.74021 -0.03788
endloop
endfacet
facet normal 0.47592 -0.47883 0.73771
outer loop
vertex -0.09473 1.68506 -0.09146
vertex -0.05127 1.68506 -0.11950
vertex -0.03924 1.74021 -0.09146
endloop
endfacet
facet normal 0.47592 -0.47883 0.73771
outer loop
vertex -0.09473 1.68506 -0.09146
vertex -0.03924 1.74021 -0.09146
vertex -0.07250 1.74021 -0.07000
endloop
endfacet
facet normal 0.16593 -0.47541 0.86397
outer loop
vertex -0.05127 1.68506 -0.11950
vertex -0.00000 1.68506 -0.12934
vertex -0.00000 1.74021 -0.09899
endloop
endfacet
facet normal 0.16593 -0.47541 0.86397
outer loop
vertex -0.05127 1.68506 -0.11950
vertex -0.00000 1.74021 -0.09899
vertex -0.03924 1.74021 -0.09146
endloop
endfacet
facet normal -0.16593 -0.47541 0.86397
outer loop
vertex -0.00000 1.68506 -0.12934
vertex 0.05127 1.68506 -0.11950
vertex 0.03924 1.74021 -0.09146
endloop
endfacet
facet normal -0.16593 -0.47541 0.86397
outer loop
vertex -0.00000 1.68506 -0.12934
vertex 0.03924 1.74021 -0.09146
vertex -0.00000 1.74021 -0.09899
endloop
endfacet
facet normal -0.47592 -0.47883 0.73771
outer loop
vertex 0.05127 1.68506 -0.11950
vertex 0.09473 1.68506 -0.09146
vertex 0.07250 1.74021 -0.07000
endloop
endfacet
facet normal -0.47592 -0.47883 0.73771
outer loop
vertex 0.05127 1.68506 -0.11950
vertex 0.07250 1.74021 -0.07000
vertex 0.03924 1.74021 -0.09146
endloop
endfacet
facet normal -0.71966 -0.48380 0.49803
outer loop
vertex 0.09473 1.68506 -0.09146
vertex 0.12377 1.68506 -0.04950
vertex 0.09473 1.74021 -0.03788
endloop
endfacet
facet normal -0.71966 -0.48380 0.49803
outer loop
vertex 0.09473 1.68506 -0.09146
vertex 0.09473 1.74021 -0.03788
vertex 0.07250 1.74021 -0.07000
endloop
endfacet
facet normal -0.85522 -0.48740 0.17619
outer loop
vertex 0.12377 1.68506 -0.04950
vertex 0.13396 1.68506 -0.00000
vertex 0.10253 1.74021 -0.00000
endloop
endfacet
facet normal -0.85522 -0.48740 0.17619
outer loop
vertex 0.12377 1.68506 -0.04950
vertex 0.10253 1.74021 -0.00000
vertex 0.09473 1.74021 -0.03788
endloop
endfacet
facet normal -0.61177 -0.78093 -0.12603
outer loop
vertex 0.10253 1.74021 0.00000
vertex 0.09473 1.74021 0.03788
vertex 0.05127 1.77706 0.02050
endloop
endfacet
facet normal -0.61177 -0.78093 -0.12603
outer loop
vertex 0.10253 1.74021 0.00000
vertex 0.05127 1.77706 0.02050
vertex 0.05549 1.77706 0.00000
endloop
endfacet
facet normal -0.51666 -0.77796 -0.35755
outer loop
vertex 0.09473 1.74021 0.03788
vertex 0.07250 1.74021 0.07000
vertex 0.03924 1.77706 0.03788
endloop
endfacet
facet normal -0.51666 -0.77796 -0.35755
outer loop
vertex 0.09473 1.74021 0.03788
vertex 0.03924 1.77706 0.03788
vertex 0.05127 1.77706 0.02050
endloop
endfacet
facet normal -0.34338 -0.77382 -0.53226
outer loop
vertex 0.07250 1.74021 0.07000
vertex 0.03924 1.74021 0.09146
vertex 0.02123 1.77706 0.04950
endloop
endfacet
facet normal -0.34338 -0.77382 -0.53226
outer loop
vertex 0.07250 1.74021 0.07000
vertex 0.02123 1.77706 0.04950
vertex 0.03924 1.77706 0.03788
endloop
endfacet
facet normal -0.12013 -0.77092 -0.62550
outer loop
vertex 0.03924 1.74021 0.09146
vertex 0.00000 1.74021 0.09899
vertex 0.00000 1.77706 0.05358
endloop
endfacet
facet normal -0.12013 -0.77092 -0.62550
outer loop
vertex 0.03924 1.74021 0.09146
vertex 0.00000 1.77706 0.05358
vertex 0.02123 1.77706 0.04950
endloop
endfacet
facet normal 0.12013 -0.77092 -0.62550
outer loop
vertex 0.00000 1.74021 0.09899
vertex -0.03924 1.74021 0.09146
vertex -0.02123 1.77706 0.04950
endloop
endfacet
facet normal 0.12013 -0.77092 -0.62550
outer loop
vertex 0.00000 1.74021 0.09899
vertex -0.02123 1.77706 0.04950
vertex 0.00000 1.77706 0.05358
endloop
endfacet
facet normal 0.34338 -0.77382 -0.53226
outer loop
vertex -0.03924 1.74021 0.09146
vertex -0.07250 1.74021 0.07000
vertex -0.03924 1.77706 0.03788
endloop
endfacet
facet normal 0.34338 -0.77382 -0.53226
outer loop
vertex -0.03924 1.74021 0.09146
vertex -0.03924 1.77706 0.03788
vertex -0.02123 1.77706 0.04950
endloop
endfacet
facet normal 0.51666 -0.77796 -0.35755
outer loop
vertex -0.07250 1.74021 0.07000
vertex -0.09473 1.74021 0.03788
vertex -0.05127 1.77706 0.02050
endloop
endfacet
facet normal 0.51666 -0.77796 -0.35755
outer loop
vertex -0.07250 1.74021 0.07000
vertex -0.05127 1.77706 0.02050
vertex -0.03924 1.77706 0.03788
endloop
endfacet
facet normal 0.61177 -0.78093 -0.12603
outer loop
vertex -0.09473 1.74021 0.03788
vertex -0.10253 1.74021 0.00000
vertex -0.05549 1.77706 0.00000
endloop
endfacet
facet normal 0.61177 -0.78093 -0.12603
outer loop
vertex -0.09473 1.74021 0.03788
vertex -0.05549 1.77706 0.00000
vertex -0.05127 1.77706 0.02050
endloop
endfacet
facet normal 0.61177 -0.78093 0.12603
outer loop
vertex -0.10253 1.74021 0.00000
vertex -0.09473 1.74021 -0.03788
vertex -0.05127 1.77706 -0.02050
endloop
endfacet
facet normal 0.61177 -0.78093 0.12603
outer loop
vertex -0.10253 1.74021 0.00000
vertex -0.05127 1.77706 -0.02050
vertex -0.05549 1.77706 0.00000
endloop
endfacet
facet normal 0.51666 -0.77796 0.35755
outer loop
vertex -0.09473 1.74021 -0.03788
vertex -0.07250 1.74021 -0.07000
vertex -0.03924 1.77706 -0.03788
endloop
endfacet
facet normal 0.51666 -0.77796 0.35755
outer loop
vertex -0.09473 1.74021 -0.03788
vertex -0.03924 1.77706 -0.03788
vertex -0.05127 1.77706 -0.02050
endloop
endfacet
facet normal 0.34338 -0.77382 0.53226
outer loop
vertex -0.07250 1.74021 -0.07000
vertex -0.03924 1.74021 -0.09146
vertex -0.02123 1.77706 -0.04950
endloop
endfacet
facet normal 0.34338 -0.77382 0.53226
outer loop
vertex -0.07250 1.74021 -0.07000
vertex -0.02123 1.77706 -0.04950
vertex -0.03924 1.77706 -0.03788
endloop
endfacet
facet normal 0.12013 -0.77092 0.62550
outer loop
vertex -0.03924 1.74021 -0.09146
vertex -0.00000 1.74021 -0.09899
vertex -0.00000 1.77706 -0.05358
endloop
endfacet
facet normal 0.12013 -0.77092 0.62550
outer loop
vertex -0.03924 1.74021 -0.09146
vertex -0.00000 1.77706 -0.05358
vertex -0.02123 1.77706 -0.04950
endloop
endfacet
facet normal -0.12013 -0.77092 0.62550
outer loop
vertex -0.00000 1.74021 -0.09899
vertex 0.03924 1.74021 -0.09146
vertex 0.02123 1.77706 -0.04950
endloop
endfacet
facet normal -0.12013 -0.77092 0.62550
outer loop
vertex -0.00000 1.74021 -0.09899
vertex 0.02123 1.77706 -0.04950
vertex -0.00000 1.77706 -0.05358
endloop
endfacet
facet normal -0.34338 -0.77382 0.53226
outer loop
vertex 0.03924 1.74021 -0.09146
vertex 0.07250 1.74021 -0.07000
vertex 0.03924 1.77706 -0.03788
endloop
endfacet
facet normal -0.34338 -0.77382 0.53226
outer loop
vertex 0.03924 1.74021 -0.09146
vertex 0.03924 1.77706 -0.03788
vertex 0.02123 1.77706 -0.04950
endloop
endfacet
facet normal -0.51666 -0.77796 0.35755
outer loop
vertex 0.07250 1.74021 -0.07000
vertex 0.09473 1.74021 -0.03788
vertex 0.05127 1.77706 -0.02050
endloop
endfacet
facet normal -0.51666 -0.77796 0.35755
outer loop
vertex 0.07250 1.74021 -0.07000
vertex 0.05127 1.77706 -0.02050
vertex 0.03924 1.77706 -0.03788
endloop
endfacet
facet normal -0.61177 -0.78093 0.12603
outer loop
vertex 0.09473 1.74021 -0.03788
vertex 0.10253 1.74021 -0.00000
vertex 0.05549 1.77706 -0.00000
endloop
endfacet
facet normal -0.61177 -0.78093 0.12603
outer loop
vertex 0.09473 1.74021 -0.03788
vertex 0.05549 1.77706 -0.00000
vertex 0.05127 1.77706 -0.02050
endloop
endfacet
facet normal -0.22687 -0.97280 -0.04674
outer loop
vertex 0.05549 1.77706 0.00000
vertex 0.05127 1.77706 0.02050
vertex 0.00000 1.79000 0.00000
endloop
endfacet
facet normal -0.22711 -0.97387 0.00000
outer loop
vertex 0.05549 1.77706 0.00000
vertex 0.00000 1.79000 0.00000
vertex 0.00000 1.79000 0.00000
endloop
endfacet
facet normal -0.19223 -0.97229 -0.13303
outer loop
vertex 0.05127 1.77706 0.02050
vertex 0.03924 1.77706 0.03788
vertex 0.00000 1.79000 0.00000
endloop
endfacet
facet normal -0.24254 -0.97014 0.00000
outer loop
vertex 0.05127 1.77706 0.02050
vertex 0.00000 1.79000 0.00000
vertex 0.00000 1.79000 0.00000
endloop
endfacet
facet normal -0.12835 -0.97157 -0.19894
outer loop
vertex 0.03924 1.77706 0.03788
vertex 0.02123 1.77706 0.04950
vertex 0.00000 1.79000 0.00000
endloop
endfacet
facet normal 0.00000 -1.00000 0.00000
outer loop
vertex 0.03924 1.77706 0.03788
vertex 0.00000 1.79000 0.00000
vertex 0.00000 1.79000 0.00000
endloop
endfacet
facet normal -0.04505 -0.97106 -0.23455
outer loop
vertex 0.02123 1.77706 0.04950
vertex 0.00000 1.77706 0.05358
vertex 0.00000 1.79000 0.00000
endloop
endfacet
facet normal 0.00000 -0.97014 -0.24254
outer loop
vertex 0.02123 1.77706 0.04950
vertex 0.00000 1.79000 0.00000
vertex 0.00000 1.79000 0.00000
endloop
endfacet
facet normal 0.04505 -0.97106 -0.23455
outer loop
vertex 0.00000 1.77706 0.05358
vertex -0.02123 1.77706 0.04950
vertex -0.00000 1.79000 0.00000
endloop
endfacet
facet normal 0.00000 -0.97205 -0.23478
outer loop
vertex 0.00000 1.77706 0.05358
vertex -0.00000 1.79000 0.00000
vertex 0.00000 1.79000 0.00000
endloop
endfacet
facet normal 0.12835 -0.97157 -0.19894
outer loop
vertex -0.02123 1.77706 0.04950
vertex -0.03924 1.77706 0.03788
vertex -0.00000 1.79000 0.00000
endloop
endfacet
facet normal 0.00000 -0.97014 -0.24254
outer loop
vertex -0.02123 1.77706 0.04950
vertex -0.00000 1.79000 0.00000
vertex -0.00000 1.79000 0.00000
endloop
endfacet
facet normal 0.19223 -0.97229 -0.13303
outer loop
vertex -0.03924 1.77706 0.03788
vertex -0.05127 1.77706 0.02050
vertex -0.00000 1.79000 0.00000
endloop
endfacet
facet normal 0.44721 -0.89443 0.00000
outer loop
vertex -0.03924 1.77706 0.03788
vertex -0.00000 1.79000 0.00000
vertex -0.00000 1.79000 0.00000
endloop
endfacet
facet normal 0.22687 -0.97280 -0.04674
outer loop
vertex -0.05127 1.77706 0.02050
vertex -0.05549 1.77706 0.00000
vertex -0.00000 1.79000 0.00000
endloop
endfacet
facet normal 1.00000 0.00000 0.00000
outer loop
vertex -0.05127 1.77706 0.02050
vertex -0.00000 1.79000 0.00000
vertex -0.00000 1.79000 0.00000
endloop
endfacet
facet normal 0.22687 -0.97280 0.04674
outer loop
vertex -0.05549 1.77706 0.00000
vertex -0.05127 1.77706 -0.02050
vertex -0.00000 1.79000 -0.00000
endloop
endfacet
facet normal 0.22711 -0.97387 0.00000
outer loop
vertex -0.05549 1.77706 0.00000
vertex -0.00000 1.79000 -0.00000
vertex -0.00000 1.79000 0.00000
endloop
endfacet
facet normal 0.19223 -0.97229 0.13303
outer loop
vertex -0.05127 1.77706 -0.02050
vertex -0.03924 1.77706 -0.03788
vertex -0.00000 1.79000 -0.00000
endloop
endfacet
facet normal 0.24254 -0.97014 0.00000
outer loop
vertex -0.05127 1.77706 -0.02050
vertex -0.00000 1.79000 -0.00000
vertex -0.00000 1.79000 -0.00000
endloop
endfacet
facet normal 0.12835 -0.97157 0.19894
outer loop
vertex -0.03924 1.77706 -0.03788
vertex -0.02123 1.77706 -0.04950
vertex -0.00000 1.79000 -0.00000
endloop
endfacet
facet normal 0.00000 -1.00000 0.00000
outer loop
vertex -0.03924 1.77706 -0.03788
vertex -0.00000 1.79000 -0.00000
vertex -0.00000 1.79000 -0.00000
endloop
endfacet
facet normal 0.04505 -0.97106 0.23455
outer loop
vertex -0.02123 1.77706 -0.04950
vertex -0.00000 1.77706 -0.05358
vertex -0.00000 1.79000 -0.00000
endloop
endfacet
facet normal 0.00000 -1.00000 0.00000
outer loop
vertex -0.02123 1.77706 -0.04950
vertex -0.00000 1.79000 -0.00000
vertex -0.00000 1.79000 -0.00000
endloop
endfacet
facet normal -0.04505 -0.97106 0.23455
outer loop
vertex -0.00000 1.77706 -0.05358
vertex 0.02123 1.77706 -0.04950
vertex 0.00000 1.79000 -0.00000
endloop
endfacet
facet normal 0.00000 -0.97205 0.23478
outer loop
vertex -0.00000 1.77706 -0.05358
vertex 0.00000 1.79000 -0.00000
vertex -0.00000 1.79000 -0.00000
endloop
endfacet
facet normal -0.12835 -0.97157 0.19894
outer loop
vertex 0.02123 1.77706 -0.04950
vertex 0.03924 1.77706 -0.03788
vertex 0.00000 1.79000 -0.00000
endloop
endfacet
facet normal 0.00000 0.00000 1.00000
outer loop
vertex 0.02123 1.77706 -0.04950
vertex 0.00000 1.79000 -0.00000
vertex 0.00000 1.79000 -0.00000
endloop
endfacet
facet normal -0.19223 -0.97229 0.13303
outer loop
vertex 0.03924 1.77706 -0.03788
vertex 0.05127 1.77706 -0.02050
vertex 0.00000 1.79000 -0.00000
endloop
endfacet
facet normal -0.44721 -0.89443 0.00000
outer loop
vertex 0.03924 1.77706 -0.03788
vertex 0.00000 1.79000 -0.00000
vertex 0.00000 1.79000 -0.00000
endloop
endfacet
facet normal -0.22687 -0.97280 0.04674
outer loop
vertex 0.05127 1.77706 -0.02050
vertex 0.05549 1.77706 -0.00000
vertex 0.00000 1.79000 -0.00000
endloop
endfacet
facet normal -0.24254 -0.97014 0.00000
outer loop
vertex 0.05127 1.77706 -0.02050
vertex 0.00000 1.79000 -0.00000
vertex 0.00000 1.79000 -0.00000
endloop
endfacet
facet normal -0.97673 0.08943 -0.19495
outer loop
vertex -0.27866 1.03762 0.00000
vertex -0.28372 1.03828 0.02564
vertex -0.25452 1.34710 0.02105
endloop
endfacet
facet normal -0.97673 0.08943 -0.19495
outer loop
vertex -0.27866 1.03762 0.00000
vertex -0.25452 1.34710 0.02105
vertex -0.25037 1.34656 0.00000
endloop
endfacet
facet normal 0.12963 0.99156 -0.00000
outer loop
vertex -0.34509 1.04631 0.00000
vertex -0.28372 1.03828 0.02564
vertex -0.27866 1.03762 0.00000
endloop
endfacet
facet normal -0.12963 -0.99156 -0.00000
outer loop
vertex -0.30491 1.35369 0.00000
vertex -0.25037 1.34656 0.00000
vertex -0.25452 1.34710 0.02105
endloop
endfacet
facet normal -0.82878 0.07009 -0.55517
outer loop
vertex -0.28372 1.03828 0.02564
vertex -0.29812 1.04017 0.04738
vertex -0.26634 1.34865 0.03889
endloop
endfacet
facet normal -0.82878 0.07009 -0.55517
outer loop
vertex -0.28372 1.03828 0.02564
vertex -0.26634 1.34865 0.03889
vertex -0.25452 1.34710 0.02105
endloop
endfacet
facet normal 0.12963 0.99156 0.00000
outer loop
vertex -0.34509 1.04631 0.00000
vertex -0.29812 1.04017 0.04738
vertex -0.28372 1.03828 0.02564
endloop
endfacet
facet normal -0.12963 -0.99156 0.00000
outer loop
vertex -0.30491 1.35369 0.00000
vertex -0.25452 1.34710 0.02105
vertex -0.26634 1.34865 0.03889
endloop
endfacet
facet normal -0.55540 0.03435 -0.83087
outer loop
vertex -0.29812 1.04017 0.04738
vertex -0.31967 1.04298 0.06190
vertex -0.28404 1.35096 0.05081
endloop
endfacet
facet normal -0.55540 0.03435 -0.83087
outer loop
vertex -0.29812 1.04017 0.04738
vertex -0.28404 1.35096 0.05081
vertex -0.26634 1.34865 0.03889
endloop
endfacet
facet normal 0.12963 0.99156 -0.00000
outer loop
vertex -0.34509 1.04631 0.00000
vertex -0.31967 1.04298 0.06190
vertex -0.29812 1.04017 0.04738
endloop
endfacet
facet normal -0.12963 -0.99156 0.00000
outer loop
vertex -0.30491 1.35369 0.00000
vertex -0.26634 1.34865 0.03889
vertex -0.28404 1.35096 0.05081
endloop
endfacet
facet normal -0.19822 -0.01235 -0.98008
outer loop
vertex -0.31967 1.04298 0.06190
vertex -0.34509 1.04631 0.06700
vertex -0.30491 1.35369 0.05500
endloop
endfacet
facet normal -0.19822 -0.01235 -0.98008
outer loop
vertex -0.31967 1.04298 0.06190
vertex -0.30491 1.35369 0.05500
vertex -0.28404 1.35096 0.05081
endloop
endfacet
facet normal 0.12963 0.99156 0.00000
outer loop
vertex -0.34509 1.04631 0.00000
vertex -0.34509 1.04631 0.06700
vertex -0.31967 1.04298 0.06190
endloop
endfacet
facet normal -0.12963 -0.99156 0.00000
outer loop
vertex -0.30491 1.35369 0.00000
vertex -0.28404 1.35096 0.05081
vertex -0.30491 1.35369 0.05500
endloop
endfacet
facet normal 0.18839 -0.06289 -0.98008
outer loop
vertex -0.34509 1.04631 0.06700
vertex -0.37052 1.04963 0.06190
vertex -0.32578 1.35642 0.05081
endloop
endfacet
facet normal 0.18839 -0.06289 -0.98008
outer loop
vertex -0.34509 1.04631 0.06700
vertex -0.32578 1.35642 0.05081
vertex -0.30491 1.35369 0.05500
endloop
endfacet
facet normal 0.12963 0.99156 0.00000
outer loop
vertex -0.34509 1.04631 0.00000
vertex -0.37052 1.04963 0.06190
vertex -0.34509 1.04631 0.06700
endloop
endfacet
facet normal -0.12963 -0.99156 0.00000
outer loop
vertex -0.30491 1.35369 0.00000
vertex -0.30491 1.35369 0.05500
vertex -0.32578 1.35642 0.05081
endloop
endfacet
facet normal 0.54557 -0.10959 -0.83087
outer loop
vertex -0.37052 1.04963 0.06190
vertex -0.39207 1.05245 0.04738
vertex -0.34347 1.35873 0.03889
endloop
endfacet
facet normal 0.54557 -0.10959 -0.83087
outer loop
vertex -0.37052 1.04963 0.06190
vertex -0.34347 1.35873 0.03889
vertex -0.32578 1.35642 0.05081
endloop
endfacet
facet normal 0.12963 0.99156 0.00000
outer loop
vertex -0.34509 1.04631 0.00000
vertex -0.39207 1.05245 0.04738
vertex -0.37052 1.04963 0.06190
endloop
endfacet
facet normal -0.12963 -0.99156 -0.00000
outer loop
vertex -0.30491 1.35369 0.00000
vertex -0.32578 1.35642 0.05081
vertex -0.34347 1.35873 0.03889
endloop
endfacet
facet normal 0.81894 -0.14533 -0.55517
outer loop
vertex -0.39207 1.05245 0.04738
vertex -0.40647 1.05433 0.02564
vertex -0.35529 1.36028 0.02105
endloop
endfacet
facet normal 0.81894 -0.14533 -0.55517
outer loop
vertex -0.39207 1.05245 0.04738
vertex -0.35529 1.36028 0.02105
vertex -0.34347 1.35873 0.03889
endloop
endfacet
facet normal 0.12963 0.99156 -0.00000
outer loop
vertex -0.34509 1.04631 0.00000
vertex -0.40647 1.05433 0.02564
vertex -0.39207 1.05245 0.04738
endloop
endfacet
facet normal -0.12963 -0.99156 -0.00000
outer loop
vertex -0.30491 1.35369 0.00000
vertex -0.34347 1.35873 0.03889
vertex -0.35529 1.36028 0.02105
endloop
endfacet
facet normal 0.96689 -0.16467 -0.19495
outer loop
vertex -0.40647 1.05433 0.02564
vertex -0.41153 1.05499 0.00000
vertex -0.35944 1.36082 0.00000
endloop
endfacet
facet normal 0.96689 -0.16467 -0.19495
outer loop
vertex -0.40647 1.05433 0.02564
vertex -0.35944 1.36082 0.00000
vertex -0.35529 1.36028 0.02105
endloop
endfacet
facet normal 0.12963 0.99156 0.00000
outer loop
vertex -0.34509 1.04631 0.00000
vertex -0.41153 1.05499 0.00000
vertex -0.40647 1.05433 0.02564
endloop
endfacet
facet normal -0.12963 -0.99156 0.00000
outer loop
vertex -0.30491 1.35369 0.00000
vertex -0.35529 1.36028 0.02105
vertex -0.35944 1.36082 0.00000
endloop
endfacet
facet normal 0.96689 -0.16467 0.19495
outer loop
vertex -0.41153 1.05499 0.00000
vertex -0.40647 1.05433 -0.02564
vertex -0.35529 1.36028 -0.02105
endloop
endfacet
facet normal 0.96689 -0.16467 0.19495
outer loop
vertex -0.41153 1.05499 0.00000
vertex -0.35529 1.36028 -0.02105
vertex -0.35944 1.36082 0.00000
endloop
endfacet
facet normal 0.12963 0.99156 -0.00000
outer loop
vertex -0.34509 1.04631 0.00000
vertex -0.40647 1.05433 -0.02564
vertex -0.41153 1.05499 0.00000
endloop
endfacet
facet normal -0.12963 -0.99156 -0.00000
outer loop
vertex -0.30491 1.35369 0.00000
vertex -0.35944 1.36082 0.00000
vertex -0.35529 1.36028 -0.02105
endloop
endfacet
facet normal 0.81894 -0.14533 0.55517
outer loop
vertex -0.40647 1.05433 -0.02564
vertex -0.39207 1.05245 -0.04738
vertex -0.34347 1.35873 -0.03889
endloop
endfacet
facet normal 0.81894 -0.14533 0.55517
outer loop
vertex -0.40647 1.05433 -0.02564
vertex -0.34347 1.35873 -0.03889
vertex -0.35529 1.36028 -0.02105
endloop
endfacet
facet normal 0.12963 0.99156 0.00000
outer loop
vertex -0.34509 1.04631 0.00000
vertex -0.39207 1.05245 -0.04738
vertex -0.40647 1.05433 -0.02564
endloop
endfacet
facet normal -0.12963 -0.99156 0.00000
outer loop
vertex -0.30491 1.35369 0.00000
vertex -0.35529 1.36028 -0.02105
vertex -0.34347 1.35873 -0.03889
endloop
endfacet
facet normal 0.54557 -0.10959 0.83087
outer loop
vertex -0.39207 1.05245 -0.04738
vertex -0.37052 1.04963 -0.06190
vertex -0.32578 1.35642 -0.05081
endloop
endfacet
facet normal 0.54557 -0.10959 0.83087
outer loop
vertex -0.39207 1.05245 -0.04738
vertex -0.32578 1.35642 -0.05081
vertex -0.34347 1.35873 -0.03889
endloop
endfacet
facet normal 0.12963 0.99156 -0.00000
outer loop
vertex -0.34509 1.04631 0.00000
vertex -0.37052 1.04963 -0.06190
vertex -0.39207 1.05245 -0.04738
endloop
endfacet
facet normal -0.12963 -0.99156 0.00000
outer loop
vertex -0.30491 1.35369 0.00000
vertex -0.34347 1.35873 -0.03889
vertex -0.32578 1.35642 -0.05081
endloop
endfacet
facet normal 0.18839 -0.06289 0.98008
outer loop
vertex -0.37052 1.04963 -0.06190
vertex -0.34509 1.04631 -0.06700
vertex -0.30491 1.35369 -0.05500
endloop
endfacet
facet normal 0.18839 -0.06289 0.98008
outer loop
vertex -0.37052 1.04963 -0.06190
vertex -0.30491 1.35369 -0.05500
vertex -0.32578 1.35642 -0.05081
endloop
endfacet
facet normal 0.12963 0.99156 0.00000
outer loop
vertex -0.34509 1.04631 0.00000
vertex -0.34509 1.04631 -0.06700
vertex -0.37052 1.04963 -0.06190
endloop
endfacet
facet normal -0.12963 -0.99156 0.00000
outer loop
vertex -0.30491 1.35369 0.00000
vertex -0.32578 1.35642 -0.05081
vertex -0.30491 1.35369 -0.05500
endloop
endfacet
facet normal -0.19822 -0.01235 0.98008
outer loop
vertex -0.34509 1.04631 -0.06700
vertex -0.31967 1.04298 -0.06190
vertex -0.28404 1.35096 -0.05081
endloop
endfacet
facet normal -0.19822 -0.01235 0.98008
outer loop
vertex -0.34509 1.04631 -0.06700
vertex -0.28404 1.35096 -0.05081
vertex -0.30491 1.35369 -0.05500
endloop
endfacet
facet normal 0.12963 0.99156 0.00000
outer loop
vertex -0.34509 1.04631 0.00000
vertex -0.31967 1.04298 -0.06190
vertex -0.34509 1.04631 -0.06700
endloop
endfacet
facet normal -0.12963 -0.99156 0.00000
outer loop
vertex -0.30491 1.35369 0.00000
vertex -0.30491 1.35369 -0.05500
vertex -0.28404 1.35096 -0.05081
endloop
endfacet
facet normal -0.55540 0.03435 0.83087
outer loop
vertex -0.31967 1.04298 -0.06190
vertex -0.29812 1.04017 -0.04738
vertex -0.26634 1.34865 -0.03889
endloop
endfacet
facet normal -0.55540 0.03435 0.83087
outer loop
vertex -0.31967 1.04298 -0.06190
vertex -0.26634 1.34865 -0.03889
vertex -0.28404 1.35096 -0.05081
endloop
endfacet
facet normal 0.12963 0.99156 0.00000
outer loop
vertex -0.34509 1.04631 0.00000
vertex -0.29812 1.04017 -0.04738
vertex -0.31967 1.04298 -0.06190
endloop
endfacet
facet normal -0.12963 -0.99156 -0.00000
outer loop
vertex -0.30491 1.35369 0.00000
vertex -0.28404 1.35096 -0.05081
vertex -0.26634 1.34865 -0.03889
endloop
endfacet
facet normal -0.82878 0.07009 0.55517
outer loop
vertex -0.29812 1.04017 -0.04738
vertex -0.28372 1.03828 -0.02564
vertex -0.25452 1.34710 -0.02105
endloop
endfacet
facet normal -0.82878 0.07009 0.55517
outer loop
vertex -0.29812 1.04017 -0.04738
vertex -0.25452 1.34710 -0.02105
vertex -0.26634 1.34865 -0.03889
endloop
endfacet
facet normal 0.12963 0.99156 -0.00000
outer loop
vertex -0.34509 1.04631 0.00000
vertex -0.28372 1.03828 -0.02564
vertex -0.29812 1.04017 -0.04738
endloop
endfacet
facet normal -0.12963 -0.99156 -0.00000
outer loop
vertex -0.30491 1.35369 0.00000
vertex -0.26634 1.34865 -0.03889
vertex -0.25452 1.34710 -0.02105
endloop
endfacet
facet normal -0.97673 0.08943 0.19495
outer loop
vertex -0.28372 1.03828 -0.02564
vertex -0.27866 1.03762 -0.00000
vertex -0.25037 1.34656 -0.00000
endloop
endfacet
facet normal -0.97673 0.08943 0.19495
outer loop
vertex -0.28372 1.03828 -0.02564
vertex -0.25037 1.34656 -0.00000
vertex -0.25452 1.34710 -0.02105
endloop
endfacet
facet normal 0.12963 0.99156 0.00000
outer loop
vertex -0.34509 1.04631 0.00000
vertex -0.27866 1.03762 -0.00000
vertex -0.28372 1.03828 -0.02564
endloop
endfacet
facet normal -0.12963 -0.99156 0.00000
outer loop
vertex -0.30491 1.35369 0.00000
vertex -0.25452 1.34710 -0.02105
vertex -0.25037 1.34656 -0.00000
endloop
endfacet
facet normal -0.96689 -0.16467 -0.19495
outer loop
vertex 0.41153 1.05499 0.00000
vertex 0.40647 1.05433 0.02564
vertex 0.35529 1.36028 0.02105
endloop
endfacet
facet normal -0.96689 -0.16467 -0.19495
outer loop
vertex 0.41153 1.05499 0.00000
vertex 0.35529 1.36028 0.02105
vertex 0.35944 1.36082 0.00000
endloop
endfacet
facet normal -0.12963 0.99156 0.00000
outer loop
vertex 0.34509 1.04631 0.00000
vertex 0.40647 1.05433 0.02564
vertex 0.41153 1.05499 0.00000
endloop
endfacet
facet normal 0.12963 -0.99156 0.00000
outer loop
vertex 0.30491 1.35369 0.00000
vertex 0.35944 1.36082 0.00000
vertex 0.35529 1.36028 0.02105
endloop
endfacet
facet normal -0.81894 -0.14533 -0.55517
outer loop
vertex 0.40647 1.05433 0.02564
vertex 0.39207 1.05245 0.04738
vertex 0.34347 1.35873 0.03889
endloop
endfacet
facet normal -0.81894 -0.14533 -0.55517
outer loop
vertex 0.40647 1.05433 0.02564
vertex 0.34347 1.35873 0.03889
vertex 0.35529 1.36028 0.02105
endloop
endfacet
facet normal -0.12963 0.99156 -0.00000
outer loop
vertex 0.34509 1.04631 0.00000
vertex 0.39207 1.05245 0.04738
vertex 0.40647 1.05433 0.02564
endloop
endfacet
facet normal 0.12963 -0.99156 -0.00000
outer loop
vertex 0.30491 1.35369 0.00000
vertex 0.35529 1.36028 0.02105
vertex 0.34347 1.35873 0.03889
endloop
endfacet
facet normal -0.54557 -0.10959 -0.83087
outer loop
vertex 0.39207 1.05245 0.04738
vertex 0.37052 1.04963 0.06190
vertex 0.32578 1.35642 0.05081
endloop
endfacet
facet normal -0.54557 -0.10959 -0.83087
outer loop
vertex 0.39207 1.05245 0.04738
vertex 0.32578 1.35642 0.05081
vertex 0.34347 1.35873 0.03889
endloop
endfacet
facet normal -0.12963 0.99156 0.00000
outer loop
vertex 0.34509 1.04631 0.00000
vertex 0.37052 1.04963 0.06190
vertex 0.39207 1.05245 0.04738
endloop
endfacet
facet normal 0.12963 -0.99156 -0.00000
outer loop
vertex 0.30491 1.35369 0.00000
vertex 0.34347 1.35873 0.03889
vertex 0.32578 1.35642 0.05081
endloop
endfacet
facet normal -0.18839 -0.06289 -0.98008
outer loop
vertex 0.37052 1.04963 0.06190
vertex 0.34509 1.04631 0.06700
vertex 0.30491 1.35369 0.05500
endloop
endfacet
facet normal -0.18839 -0.06289 -0.98008
outer loop
vertex 0.37052 1.04963 0.06190
vertex 0.30491 1.35369 0.05500
vertex 0.32578 1.35642 0.05081
endloop
endfacet
facet normal -0.12963 0.99156 0.00000
outer loop
vertex 0.34509 1.04631 0.00000
vertex 0.34509 1.04631 0.06700
vertex 0.37052 1.04963 0.06190
endloop
endfacet
facet normal 0.12963 -0.99156 0.00000
outer loop
vertex 0.30491 1.35369 0.00000
vertex 0.32578 1.35642 0.05081
vertex 0.30491 1.35369 0.05500
endloop
endfacet
facet normal 0.19822 -0.01235 -0.98008
outer loop
vertex 0.34509 1.04631 0.06700
vertex 0.31967 1.04298 0.06190
vertex 0.28404 1.35096 0.05081
endloop
endfacet
facet normal 0.19822 -0.01235 -0.98008
outer loop
vertex 0.34509 1.04631 0.06700
vertex 0.28404 1.35096 0.05081
vertex 0.30491 1.35369 0.05500
endloop
endfacet
facet normal -0.12963 0.99156 0.00000
outer loop
vertex 0.34509 1.04631 0.00000
vertex 0.31967 1.04298 0.06190
vertex 0.34509 1.04631 0.06700
endloop
endfacet
facet normal 0.12963 -0.99156 0.00000
outer loop
vertex 0.30491 1.35369 0.00000
vertex 0.30491 1.35369 0.05500
vertex 0.28404 1.35096 0.05081
endloop
endfacet
facet normal 0.55540 0.03435 -0.83087
outer loop
vertex 0.31967 1.04298 0.06190
vertex 0.29812 1.04017 0.04738
vertex 0.26634 1.34865 0.03889
endloop
endfacet
facet normal 0.55540 0.03435 -0.83087
outer loop
vertex 0.31967 1.04298 0.06190
vertex 0.26634 1.34865 0.03889
vertex 0.28404 1.35096 0.05081
endloop
endfacet
facet normal -0.12963 0.99156 -0.00000
outer loop
vertex 0.34509 1.04631 0.00000
vertex 0.29812 1.04017 0.04738
vertex 0.31967 1.04298 0.06190
endloop
endfacet
facet normal 0.12963 -0.99156 0.00000
outer loop
vertex 0.30491 1.35369 0.00000
vertex 0.28404 1.35096 0.05081
vertex 0.26634 1.34865 0.03889
endloop
endfacet
facet normal 0.82878 0.07009 -0.55517
outer loop
vertex 0.29812 1.04017 0.04738
vertex 0.28372 1.03828 0.02564
vertex 0.25452 1.34710 0.02105
endloop
endfacet
facet normal 0.82878 0.07009 -0.55517
outer loop
vertex 0.29812 1.04017 0.04738
vertex 0.25452 1.34710 0.02105
vertex 0.26634 1.34865 0.03889
endloop
endfacet
facet normal -0.12963 0.99156 0.00000
outer loop
vertex 0.34509 1.04631 0.00000
vertex 0.28372 1.03828 0.02564
vertex 0.29812 1.04017 0.04738
endloop
endfacet
facet normal 0.12963 -0.99156 0.00000
outer loop
vertex 0.30491 1.35369 0.00000
vertex 0.26634 1.34865 0.03889
vertex 0.25452 1.34710 0.02105
endloop
endfacet
facet normal 0.97673 0.08943 -0.19495
outer loop
vertex 0.28372 1.03828 0.02564
vertex 0.27866 1.03762 0.00000
vertex 0.25037 1.34656 0.00000
endloop
endfacet
facet normal 0.97673 0.08943 -0.19495
outer loop
vertex 0.28372 1.03828 0.02564
vertex 0.25037 1.34656 0.00000
vertex 0.25452 1.34710 0.02105
endloop
endfacet
facet normal -0.12963 0.99156 -0.00000
outer loop
vertex 0.34509 1.04631 0.00000
vertex 0.27866 1.03762 0.00000
vertex 0.28372 1.03828 0.02564
endloop
endfacet
facet normal 0.12963 -0.99156 -0.00000
outer loop
vertex 0.30491 1.35369 0.00000
vertex 0.25452 1.34710 0.02105
vertex 0.25037 1.34656 0.00000
endloop
endfacet
facet normal 0.97673 0.08943 0.19495
outer loop
vertex 0.27866 1.03762 0.00000
vertex 0.28372 1.03828 -0.02564
vertex 0.25452 1.34710 -0.02105
endloop
endfacet
facet normal 0.97673 0.08943 0.19495
outer loop
vertex 0.27866 1.03762 0.00000
vertex 0.25452 1.34710 -0.02105
vertex 0.25037 1.34656 0.00000
endloop
endfacet
facet normal -0.12963 0.99156 0.00000
outer loop
vertex 0.34509 1.04631 0.00000
vertex 0.28372 1.03828 -0.02564
vertex 0.27866 1.03762 0.00000
endloop
endfacet
facet normal 0.12963 -0.99156 0.00000
outer loop
vertex 0.30491 1.35369 0.00000
vertex 0.25037 1.34656 0.00000
vertex 0.25452 1.34710 -0.02105
endloop
endfacet
facet normal 0.82878 0.07009 0.55517
outer loop
vertex 0.28372 1.03828 -0.02564
vertex 0.29812 1.04017 -0.04738
vertex 0.26634 1.34865 -0.03889
endloop
endfacet
facet normal 0.82878 0.07009 0.55517
outer loop
vertex 0.28372 1.03828 -0.02564
vertex 0.26634 1.34865 -0.03889
vertex 0.25452 1.34710 -0.02105
endloop
endfacet
facet normal -0.12963 0.99156 -0.00000
outer loop
vertex 0.34509 1.04631 0.00000
vertex 0.29812 1.04017 -0.04738
vertex 0.28372 1.03828 -0.02564
endloop
endfacet
facet normal 0.12963 -0.99156 -0.00000
outer loop
vertex 0.30491 1.35369 0.00000
vertex 0.25452 1.34710 -0.02105
vertex 0.26634 1.34865 -0.03889
endloop
endfacet
facet normal 0.55540 0.03435 0.83087
outer loop
vertex 0.29812 1.04017 -0.04738
vertex 0.31967 1.04298 -0.06190
vertex 0.28404 1.35096 -0.05081
endloop
endfacet
facet normal 0.55540 0.03435 0.83087
outer loop
vertex 0.29812 1.04017 -0.04738
vertex 0.28404 1.35096 -0.05081
vertex 0.26634 1.34865 -0.03889
endloop
endfacet
facet normal -0.12963 0.99156 0.00000
outer loop
vertex 0.34509 1.04631 0.00000
vertex 0.31967 1.04298 -0.06190
vertex 0.29812 1.04017 -0.04738
endloop
endfacet
facet normal 0.12963 -0.99156 -0.00000
outer loop
vertex 0.30491 1.35369 0.00000
vertex 0.26634 1.34865 -0.03889
vertex 0.28404 1.35096 -0.05081
endloop
endfacet
facet normal 0.19822 -0.01235 0.98008
outer loop
vertex 0.31967 1.04298 -0.06190
vertex 0.34509 1.04631 -0.06700
vertex 0.30491 1.35369 -0.05500
endloop
endfacet
facet normal 0.19822 -0.01235 0.98008
outer loop
vertex 0.31967 1.04298 -0.06190
vertex 0.30491 1.35369 -0.05500
vertex 0.28404 1.35096 -0.05081
endloop
endfacet
facet normal -0.12963 0.99156 0.00000
outer loop
vertex 0.34509 1.04631 0.00000
vertex 0.34509 1.04631 -0.06700
vertex 0.31967 1.04298 -0.06190
endloop
endfacet
facet normal 0.12963 -0.99156 0.00000
outer loop
vertex 0.30491 1.35369 0.00000
vertex 0.28404 1.35096 -0.05081
vertex 0.30491 1.35369 -0.05500
endloop
endfacet
facet normal -0.18839 -0.06289 0.98008
outer loop
vertex 0.34509 1.04631 -0.06700
vertex 0.37052 1.04963 -0.06190
vertex 0.32578 1.35642 -0.05081
endloop
endfacet
facet normal -0.18839 -0.06289 0.98008
outer loop
vertex 0.34509 1.04631 -0.06700
vertex 0.32578 1.35642 -0.05081
vertex 0.30491 1.35369 -0.05500
endloop
endfacet
facet normal -0.12963 0.99156 0.00000
outer loop
vertex 0.34509 1.04631 0.00000
vertex 0.37052 1.04963 -0.06190
vertex 0.34509 1.04631 -0.06700
endloop
endfacet
facet normal 0.12963 -0.99156 0.00000
outer loop
vertex 0.30491 1.35369 0.00000
vertex 0.30491 1.35369 -0.05500
vertex 0.32578 1.35642 -0.05081
endloop
endfacet
facet normal -0.54557 -0.10959 0.83087
outer loop
vertex 0.37052 1.04963 -0.06190
vertex 0.39207 1.05245 -0.04738
vertex 0.34347 1.35873 -0.03889
endloop
endfacet
facet normal -0.54557 -0.10959 0.83087
outer loop
vertex 0.37052 1.04963 -0.06190
vertex 0.34347 1.35873 -0.03889
vertex 0.32578 1.35642 -0.05081
endloop
endfacet
facet normal -0.12963 0.99156 -0.00000
outer loop
vertex 0.34509 1.04631 0.00000
vertex 0.39207 1.05245 -0.04738
vertex 0.37052 1.04963 -0.06190
endloop
endfacet
facet normal 0.12963 -0.99156 0.00000
outer loop
vertex 0.30491 1.35369 0.00000
vertex 0.32578 1.35642 -0.05081
vertex 0.34347 1.35873 -0.03889
endloop
endfacet
facet normal -0.81894 -0.14533 0.55517
outer loop
vertex 0.39207 1.05245 -0.04738
vertex 0.40647 1.05433 -0.02564
vertex 0.35529 1.36028 -0.02105
endloop
endfacet
facet normal -0.81894 -0.14533 0.55517
outer loop
vertex 0.39207 1.05245 -0.04738
vertex 0.35529 1.36028 -0.02105
vertex 0.34347 1.35873 -0.03889
endloop
endfacet
facet normal -0.12963 0.99156 0.00000
outer loop
vertex 0.34509 1.04631 0.00000
vertex 0.40647 1.05433 -0.02564
vertex 0.39207 1.05245 -0.04738
endloop
endfacet
facet normal 0.12963 -0.99156 0.00000
outer loop
vertex 0.30491 1.35369 0.00000
vertex 0.34347 1.35873 -0.03889
vertex 0.35529 1.36028 -0.02105
endloop
endfacet
facet normal -0.96689 -0.16467 0.19495
outer loop
vertex 0.40647 1.05433 -0.02564
vertex 0.41153 1.05499 -0.00000
vertex 0.35944 1.36082 -0.00000
endloop
endfacet
facet normal -0.96689 -0.16467 0.19495
outer loop
vertex 0.40647 1.05433 -0.02564
vertex 0.35944 1.36082 -0.00000
vertex 0.35529 1.36028 -0.02105
endloop
endfacet
facet normal -0.12963 0.99156 -0.00000
outer loop
vertex 0.34509 1.04631 0.00000
vertex 0.41153 1.05499 -0.00000
vertex 0.40647 1.05433 -0.02564
endloop
endfacet
facet normal 0.12963 -0.99156 -0.00000
outer loop
vertex 0.30491 1.35369 0.00000
vertex 0.35529 1.36028 -0.02105
vertex 0.35944 1.36082 -0.00000
endloop
endfacet
facet normal -0.97721 -0.08395 -0.19497
outer loop
vertex -0.28607 0.80292 0.01000
vertex -0.29025 0.80271 0.03105
vertex -0.31347 1.08190 0.02722
endloop
endfacet
facet normal -0.97721 -0.08395 -0.19497
outer loop
vertex -0.28607 0.80292 0.01000
vertex -0.31347 1.08190 0.02722
vertex -0.31005 1.08207 0.01000
endloop
endfacet
facet normal -0.04998 0.99875 0.00000
outer loop
vertex -0.34100 0.80017 0.01000
vertex -0.29025 0.80271 0.03105
vertex -0.28607 0.80292 0.01000
endloop
endfacet
facet normal 0.04998 -0.99875 0.00000
outer loop
vertex -0.35500 1.07983 0.01000
vertex -0.31005 1.08207 0.01000
vertex -0.31347 1.08190 0.02722
endloop
endfacet
facet normal -0.82817 -0.07649 -0.55523
outer loop
vertex -0.29025 0.80271 0.03105
vertex -0.30216 0.80212 0.04889
vertex -0.32322 1.08142 0.04182
endloop
endfacet
facet normal -0.82817 -0.07649 -0.55523
outer loop
vertex -0.29025 0.80271 0.03105
vertex -0.32322 1.08142 0.04182
vertex -0.31347 1.08190 0.02722
endloop
endfacet
facet normal -0.04998 0.99875 -0.00000
outer loop
vertex -0.34100 0.80017 0.01000
vertex -0.30216 0.80212 0.04889
vertex -0.29025 0.80271 0.03105
endloop
endfacet
facet normal 0.04998 -0.99875 -0.00000
outer loop
vertex -0.35500 1.07983 0.01000
vertex -0.31347 1.08190 0.02722
vertex -0.32322 1.08142 0.04182
endloop
endfacet
facet normal -0.55279 -0.06271 -0.83096
outer loop
vertex -0.30216 0.80212 0.04889
vertex -0.31998 0.80123 0.06081
vertex -0.33780 1.08069 0.05157
endloop
endfacet
facet normal -0.55279 -0.06271 -0.83096
outer loop
vertex -0.30216 0.80212 0.04889
vertex -0.33780 1.08069 0.05157
vertex -0.32322 1.08142 0.04182
endloop
endfacet
facet normal -0.04998 0.99875 0.00000
outer loop
vertex -0.34100 0.80017 0.01000
vertex -0.31998 0.80123 0.06081
vertex -0.30216 0.80212 0.04889
endloop
endfacet
facet normal 0.04998 -0.99875 -0.00000
outer loop
vertex -0.35500 1.07983 0.01000
vertex -0.32322 1.08142 0.04182
vertex -0.33780 1.08069 0.05157
endloop
endfacet
facet normal -0.19298 -0.04471 -0.98018
outer loop
vertex -0.31998 0.80123 0.06081
vertex -0.34100 0.80017 0.06500
vertex -0.35500 1.07983 0.05500
endloop
endfacet
facet normal -0.19298 -0.04471 -0.98018
outer loop
vertex -0.31998 0.80123 0.06081
vertex -0.35500 1.07983 0.05500
vertex -0.33780 1.08069 0.05157
endloop
endfacet
facet normal -0.04998 0.99875 0.00000
outer loop
vertex -0.34100 0.80017 0.01000
vertex -0.34100 0.80017 0.06500
vertex -0.31998 0.80123 0.06081
endloop
endfacet
facet normal 0.04998 -0.99875 0.00000
outer loop
vertex -0.35500 1.07983 0.01000
vertex -0.33780 1.08069 0.05157
vertex -0.35500 1.07983 0.05500
endloop
endfacet
facet normal 0.19648 -0.02522 -0.98018
outer loop
vertex -0.34100 0.80017 0.06500
vertex -0.36202 0.79912 0.06081
vertex -0.37220 1.07896 0.05157
endloop
endfacet
facet normal 0.19648 -0.02522 -0.98018
outer loop
vertex -0.34100 0.80017 0.06500
vertex -0.37220 1.07896 0.05157
vertex -0.35500 1.07983 0.05500
endloop
endfacet
facet normal -0.04998 0.99875 0.00000
outer loop
vertex -0.34100 0.80017 0.01000
vertex -0.36202 0.79912 0.06081
vertex -0.34100 0.80017 0.06500
endloop
endfacet
facet normal 0.04998 -0.99875 0.00000
outer loop
vertex -0.35500 1.07983 0.01000
vertex -0.35500 1.07983 0.05500
vertex -0.37220 1.07896 0.05157
endloop
endfacet
facet normal 0.55629 -0.00721 -0.83096
outer loop
vertex -0.36202 0.79912 0.06081
vertex -0.37985 0.79823 0.04889
vertex -0.38678 1.07823 0.04182
endloop
endfacet
facet normal 0.55629 -0.00721 -0.83096
outer loop
vertex -0.36202 0.79912 0.06081
vertex -0.38678 1.07823 0.04182
vertex -0.37220 1.07896 0.05157
endloop
endfacet
facet normal -0.04998 0.99875 0.00000
outer loop
vertex -0.34100 0.80017 0.01000
vertex -0.37985 0.79823 0.04889
vertex -0.36202 0.79912 0.06081
endloop
endfacet
facet normal 0.04998 -0.99875 -0.00000
outer loop
vertex -0.35500 1.07983 0.01000
vertex -0.37220 1.07896 0.05157
vertex -0.38678 1.07823 0.04182
endloop
endfacet
facet normal 0.83167 0.00657 -0.55523
outer loop
vertex -0.37985 0.79823 0.04889
vertex -0.39175 0.79764 0.03105
vertex -0.39652 1.07775 0.02722
endloop
endfacet
facet normal 0.83167 0.00657 -0.55523
outer loop
vertex -0.37985 0.79823 0.04889
vertex -0.39652 1.07775 0.02722
vertex -0.38678 1.07823 0.04182
endloop
endfacet
facet normal -0.04998 0.99875 -0.00000
outer loop
vertex -0.34100 0.80017 0.01000
vertex -0.39175 0.79764 0.03105
vertex -0.37985 0.79823 0.04889
endloop
endfacet
facet normal 0.04998 -0.99875 0.00000
outer loop
vertex -0.35500 1.07983 0.01000
vertex -0.38678 1.07823 0.04182
vertex -0.39652 1.07775 0.02722
endloop
endfacet
facet normal 0.98071 0.01403 -0.19497
outer loop
vertex -0.39175 0.79764 0.03105
vertex -0.39593 0.79743 0.01000
vertex -0.39994 1.07758 0.01000
endloop
endfacet
facet normal 0.98071 0.01403 -0.19497
outer loop
vertex -0.39175 0.79764 0.03105
vertex -0.39994 1.07758 0.01000
vertex -0.39652 1.07775 0.02722
endloop
endfacet
facet normal -0.04998 0.99875 0.00000
outer loop
vertex -0.34100 0.80017 0.01000
vertex -0.39593 0.79743 0.01000
vertex -0.39175 0.79764 0.03105
endloop
endfacet
facet normal 0.04998 -0.99875 -0.00000
outer loop
vertex -0.35500 1.07983 0.01000
vertex -0.39652 1.07775 0.02722
vertex -0.39994 1.07758 0.01000
endloop
endfacet
facet normal 0.98071 0.01403 0.19497
outer loop
vertex -0.39593 0.79743 0.01000
vertex -0.39175 0.79764 -0.01105
vertex -0.39652 1.07775 -0.00722
endloop
endfacet
facet normal 0.98071 0.01403 0.19497
outer loop
vertex -0.39593 0.79743 0.01000
vertex -0.39652 1.07775 -0.00722
vertex -0.39994 1.07758 0.01000
endloop
endfacet
facet normal -0.04998 0.99875 -0.00000
outer loop
vertex -0.34100 0.80017 0.01000
vertex -0.39175 0.79764 -0.01105
vertex -0.39593 0.79743 0.01000
endloop
endfacet
facet normal 0.04998 -0.99875 0.00000
outer loop
vertex -0.35500 1.07983 0.01000
vertex -0.39994 1.07758 0.01000
vertex -0.39652 1.07775 -0.00722
endloop
endfacet
facet normal 0.83167 0.00657 0.55523
outer loop
vertex -0.39175 0.79764 -0.01105
vertex -0.37985 0.79823 -0.02889
vertex -0.38678 1.07823 -0.02182
endloop
endfacet
facet normal 0.83167 0.00657 0.55523
outer loop
vertex -0.39175 0.79764 -0.01105
vertex -0.38678 1.07823 -0.02182
vertex -0.39652 1.07775 -0.00722
endloop
endfacet
facet normal -0.04998 0.99875 0.00000
outer loop
vertex -0.34100 0.80017 0.01000
vertex -0.37985 0.79823 -0.02889
vertex -0.39175 0.79764 -0.01105
endloop
endfacet
facet normal 0.04998 -0.99875 -0.00000
outer loop
vertex -0.35500 1.07983 0.01000
vertex -0.39652 1.07775 -0.00722
vertex -0.38678 1.07823 -0.02182
endloop
endfacet
facet normal 0.55629 -0.00721 0.83096
outer loop
vertex -0.37985 0.79823 -0.02889
vertex -0.36202 0.79912 -0.04081
vertex -0.37220 1.07896 -0.03157
endloop
endfacet
facet normal 0.55629 -0.00721 0.83096
outer loop
vertex -0.37985 0.79823 -0.02889
vertex -0.37220 1.07896 -0.03157
vertex -0.38678 1.07823 -0.02182
endloop
endfacet
facet normal -0.04998 0.99875 -0.00000
outer loop
vertex -0.34100 0.80017 0.01000
vertex -0.36202 0.79912 -0.04081
vertex -0.37985 0.79823 -0.02889
endloop
endfacet
facet normal 0.04998 -0.99875 0.00000
outer loop
vertex -0.35500 1.07983 0.01000
vertex -0.38678 1.07823 -0.02182
vertex -0.37220 1.07896 -0.03157
endloop
endfacet
facet normal 0.19648 -0.02522 0.98018
outer loop
vertex -0.36202 0.79912 -0.04081
vertex -0.34100 0.80017 -0.04500
vertex -0.35500 1.07983 -0.03500
endloop
endfacet
facet normal 0.19648 -0.02522 0.98018
outer loop
vertex -0.36202 0.79912 -0.04081
vertex -0.35500 1.07983 -0.03500
vertex -0.37220 1.07896 -0.03157
endloop
endfacet
facet normal -0.04998 0.99875 0.00000
outer loop
vertex -0.34100 0.80017 0.01000
vertex -0.34100 0.80017 -0.04500
vertex -0.36202 0.79912 -0.04081
endloop
endfacet
facet normal 0.04998 -0.99875 0.00000
outer loop
vertex -0.35500 1.07983 0.01000
vertex -0.37220 1.07896 -0.03157
vertex -0.35500 1.07983 -0.03500
endloop
endfacet
facet normal -0.19298 -0.04471 0.98018
outer loop
vertex -0.34100 0.80017 -0.04500
vertex -0.31998 0.80123 -0.04081
vertex -0.33780 1.08069 -0.03157
endloop
endfacet
facet normal -0.19298 -0.04471 0.98018
outer loop
vertex -0.34100 0.80017 -0.04500
vertex -0.33780 1.08069 -0.03157
vertex -0.35500 1.07983 -0.03500
endloop
endfacet
facet normal -0.04998 0.99875 0.00000
outer loop
vertex -0.34100 0.80017 0.01000
vertex -0.31998 0.80123 -0.04081
vertex -0.34100 0.80017 -0.04500
endloop
endfacet
facet normal 0.04998 -0.99875 0.00000
outer loop
vertex -0.35500 1.07983 0.01000
vertex -0.35500 1.07983 -0.03500
vertex -0.33780 1.08069 -0.03157
endloop
endfacet
facet normal -0.55279 -0.06271 0.83096
outer loop
vertex -0.31998 0.80123 -0.04081
vertex -0.30216 0.80212 -0.02889
vertex -0.32322 1.08142 -0.02182
endloop
endfacet
facet normal -0.55279 -0.06271 0.83096
outer loop
vertex -0.31998 0.80123 -0.04081
vertex -0.32322 1.08142 -0.02182
vertex -0.33780 1.08069 -0.03157
endloop
endfacet
facet normal -0.04998 0.99875 -0.00000
outer loop
vertex -0.34100 0.80017 0.01000
vertex -0.30216 0.80212 -0.02889
vertex -0.31998 0.80123 -0.04081
endloop
endfacet
facet normal 0.04998 -0.99875 0.00000
outer loop
vertex -0.35500 1.07983 0.01000
vertex -0.33780 1.08069 -0.03157
vertex -0.32322 1.08142 -0.02182
endloop
endfacet
facet normal -0.82817 -0.07649 0.55523
outer loop
vertex -0.30216 0.80212 -0.02889
vertex -0.29025 0.80271 -0.01105
vertex -0.31347 1.08190 -0.00722
endloop
endfacet
facet normal -0.82817 -0.07649 0.55523
outer loop
vertex -0.30216 0.80212 -0.02889
vertex -0.31347 1.08190 -0.00722
vertex -0.32322 1.08142 -0.02182
endloop
endfacet
facet normal -0.04998 0.99875 0.00000
outer loop
vertex -0.34100 0.80017 0.01000
vertex -0.29025 0.80271 -0.01105
vertex -0.30216 0.80212 -0.02889
endloop
endfacet
facet normal 0.04998 -0.99875 0.00000
outer loop
vertex -0.35500 1.07983 0.01000
vertex -0.32322 1.08142 -0.02182
vertex -0.31347 1.08190 -0.00722
endloop
endfacet
facet normal -0.97721 -0.08395 0.19497
outer loop
vertex -0.29025 0.80271 -0.01105
vertex -0.28607 0.80292 0.01000
vertex -0.31005 1.08207 0.01000
endloop
endfacet
facet normal -0.97721 -0.08395 0.19497
outer loop
vertex -0.29025 0.80271 -0.01105
vertex -0.31005 1.08207 0.01000
vertex -0.31347 1.08190 -0.00722
endloop
endfacet
facet normal -0.04998 0.99875 -0.00000
outer loop
vertex -0.34100 0.80017 0.01000
vertex -0.28607 0.80292 0.01000
vertex -0.29025 0.80271 -0.01105
endloop
endfacet
facet normal 0.04998 -0.99875 -0.00000
outer loop
vertex -0.35500 1.07983 0.01000
vertex -0.31347 1.08190 -0.00722
vertex -0.31005 1.08207 0.01000
endloop
endfacet
facet normal -0.98071 0.01403 -0.19497
outer loop
vertex 0.39593 0.79743 0.01000
vertex 0.39175 0.79764 0.03105
vertex 0.39652 1.07775 0.02722
endloop
endfacet
facet normal -0.98071 0.01403 -0.19497
outer loop
vertex 0.39593 0.79743 0.01000
vertex 0.39652 1.07775 0.02722
vertex 0.39994 1.07758 0.01000
endloop
endfacet
facet normal 0.04998 0.99875 0.00000
outer loop
vertex 0.34100 0.80017 0.01000
vertex 0.39175 0.79764 0.03105
vertex 0.39593 0.79743 0.01000
endloop
endfacet
facet normal -0.04998 -0.99875 -0.00000
outer loop
vertex 0.35500 1.07983 0.01000
vertex 0.39994 1.07758 0.01000
vertex 0.39652 1.07775 0.02722
endloop
endfacet
facet normal -0.83167 0.00657 -0.55523
outer loop
vertex 0.39175 0.79764 0.03105
vertex 0.37985 0.79823 0.04889
vertex 0.38678 1.07823 0.04182
endloop
endfacet
facet normal -0.83167 0.00657 -0.55523
outer loop
vertex 0.39175 0.79764 0.03105
vertex 0.38678 1.07823 0.04182
vertex 0.39652 1.07775 0.02722
endloop
endfacet
facet normal 0.04998 0.99875 -0.00000
outer loop
vertex 0.34100 0.80017 0.01000
vertex 0.37985 0.79823 0.04889
vertex 0.39175 0.79764 0.03105
endloop
endfacet
facet normal -0.04998 -0.99875 0.00000
outer loop
vertex 0.35500 1.07983 0.01000
vertex 0.39652 1.07775 0.02722
vertex 0.38678 1.07823 0.04182
endloop
endfacet
facet normal -0.55629 -0.00721 -0.83096
outer loop
vertex 0.37985 0.79823 0.04889
vertex 0.36202 0.79912 0.06081
vertex 0.37220 1.07896 0.05157
endloop
endfacet
facet normal -0.55629 -0.00721 -0.83096
outer loop
vertex 0.37985 0.79823 0.04889
vertex 0.37220 1.07896 0.05157
vertex 0.38678 1.07823 0.04182
endloop
endfacet
facet normal 0.04998 0.99875 0.00000
outer loop
vertex 0.34100 0.80017 0.01000
vertex 0.36202 0.79912 0.06081
vertex 0.37985 0.79823 0.04889
endloop
endfacet
facet normal -0.04998 -0.99875 -0.00000
outer loop
vertex 0.35500 1.07983 0.01000
vertex 0.38678 1.07823 0.04182
vertex 0.37220 1.07896 0.05157
endloop
endfacet
facet normal -0.19648 -0.02522 -0.98018
outer loop
vertex 0.36202 0.79912 0.06081
vertex 0.34100 0.80017 0.06500
vertex 0.35500 1.07983 0.05500
endloop
endfacet
facet normal -0.19648 -0.02522 -0.98018
outer loop
vertex 0.36202 0.79912 0.06081
vertex 0.35500 1.07983 0.05500
vertex 0.37220 1.07896 0.05157
endloop
endfacet
facet normal 0.04998 0.99875 0.00000
outer loop
vertex 0.34100 0.80017 0.01000
vertex 0.34100 0.80017 0.06500
vertex 0.36202 0.79912 0.06081
endloop
endfacet
facet normal -0.04998 -0.99875 0.00000
outer loop
vertex 0.35500 1.07983 0.01000
vertex 0.37220 1.07896 0.05157
vertex 0.35500 1.07983 0.05500
endloop
endfacet
facet normal 0.19298 -0.04471 -0.98018
outer loop
vertex 0.34100 0.80017 0.06500
vertex 0.31998 0.80123 0.06081
vertex 0.33780 1.08069 0.05157
endloop
endfacet
facet normal 0.19298 -0.04471 -0.98018
outer loop
vertex 0.34100 0.80017 0.06500
vertex 0.33780 1.08069 0.05157
vertex 0.35500 1.07983 0.05500
endloop
endfacet
facet normal 0.04998 0.99875 0.00000
outer loop
vertex 0.34100 0.80017 0.01000
vertex 0.31998 0.80123 0.06081
vertex 0.34100 0.80017 0.06500
endloop
endfacet
facet normal -0.04998 -0.99875 0.00000
outer loop
vertex 0.35500 1.07983 0.01000
vertex 0.35500 1.07983 0.05500
vertex 0.33780 1.08069 0.05157
endloop
endfacet
facet normal 0.55279 -0.06271 -0.83096
outer loop
vertex 0.31998 0.80123 0.06081
vertex 0.30216 0.80212 0.04889
vertex 0.32322 1.08142 0.04182
endloop
endfacet
facet normal 0.55279 -0.06271 -0.83096
outer loop
vertex 0.31998 0.80123 0.06081
vertex 0.32322 1.08142 0.04182
vertex 0.33780 1.08069 0.05157
endloop
endfacet
facet normal 0.04998 0.99875 0.00000
outer loop
vertex 0.34100 0.80017 0.01000
vertex 0.30216 0.80212 0.04889
vertex 0.31998 0.80123 0.06081
endloop
endfacet
facet normal -0.04998 -0.99875 -0.00000
outer loop
vertex 0.35500 1.07983 0.01000
vertex 0.33780 1.08069 0.05157
vertex 0.32322 1.08142 0.04182
endloop
endfacet
facet normal 0.82817 -0.07649 -0.55523
outer loop
vertex 0.30216 0.80212 0.04889
vertex 0.29025 0.80271 0.03105
vertex 0.31347 1.08190 0.02722
endloop
endfacet
facet normal 0.82817 -0.07649 -0.55523
outer loop
vertex 0.30216 0.80212 0.04889
vertex 0.31347 1.08190 0.02722
vertex 0.32322 1.08142 0.04182
endloop
endfacet
facet normal 0.04998 0.99875 -0.00000
outer loop
vertex 0.34100 0.80017 0.01000
vertex 0.29025 0.80271 0.03105
vertex 0.30216 0.80212 0.04889
endloop
endfacet
facet normal -0.04998 -0.99875 -0.00000
outer loop
vertex 0.35500 1.07983 0.01000
vertex 0.32322 1.08142 0.04182
vertex 0.31347 1.08190 0.02722
endloop
endfacet
facet normal 0.97721 -0.08395 -0.19497
outer loop
vertex 0.29025 0.80271 0.03105
vertex 0.28607 0.80292 0.01000
vertex 0.31005 1.08207 0.01000
endloop
endfacet
facet normal 0.97721 -0.08395 -0.19497
outer loop
vertex 0.29025 0.80271 0.03105
vertex 0.31005 1.08207 0.01000
vertex 0.31347 1.08190 0.02722
endloop
endfacet
facet normal 0.04998 0.99875 0.00000
outer loop
vertex 0.34100 0.80017 0.01000
vertex 0.28607 0.80292 0.01000
vertex 0.29025 0.80271 0.03105
endloop
endfacet
facet normal -0.04998 -0.99875 0.00000
outer loop
vertex 0.35500 1.07983 0.01000
vertex 0.31347 1.08190 0.02722
vertex 0.31005 1.08207 0.01000
endloop
endfacet
facet normal 0.97721 -0.08395 0.19497
outer loop
vertex 0.28607 0.80292 0.01000
vertex 0.29025 0.80271 -0.01105
vertex 0.31347 1.08190 -0.00722
endloop
endfacet
facet normal 0.97721 -0.08395 0.19497
outer loop
vertex 0.28607 0.80292 0.01000
vertex 0.31347 1.08190 -0.00722
vertex 0.31005 1.08207 0.01000
endloop
endfacet
facet normal 0.04998 0.99875 -0.00000
outer loop
vertex 0.34100 0.80017 0.01000
vertex 0.29025 0.80271 -0.01105
vertex 0.28607 0.80292 0.01000
endloop
endfacet
facet normal -0.04998 -0.99875 -0.00000
outer loop
vertex 0.35500 1.07983 0.01000
vertex 0.31005 1.08207 0.01000
vertex 0.31347 1.08190 -0.00722
endloop
endfacet
facet normal 0.82817 -0.07649 0.55523
outer loop
vertex 0.29025 0.80271 -0.01105
vertex 0.30216 0.80212 -0.02889
vertex 0.32322 1.08142 -0.02182
endloop
endfacet
facet normal 0.82817 -0.07649 0.55523
outer loop
vertex 0.29025 0.80271 -0.01105
vertex 0.32322 1.08142 -0.02182
vertex 0.31347 1.08190 -0.00722
endloop
endfacet
facet normal 0.04998 0.99875 0.00000
outer loop
vertex 0.34100 0.80017 0.01000
vertex 0.30216 0.80212 -0.02889
vertex 0.29025 0.80271 -0.01105
endloop
endfacet
facet normal -0.04998 -0.99875 0.00000
outer loop
vertex 0.35500 1.07983 0.01000
vertex 0.31347 1.08190 -0.00722
vertex 0.32322 1.08142 -0.02182
endloop
endfacet
facet normal 0.55279 -0.06271 0.83096
outer loop
vertex 0.30216 0.80212 -0.02889
vertex 0.31998 0.80123 -0.04081
vertex 0.33780 1.08069 -0.03157
endloop
endfacet
facet normal 0.55279 -0.06271 0.83096
outer loop
vertex 0.30216 0.80212 -0.02889
vertex 0.33780 1.08069 -0.03157
vertex 0.32322 1.08142 -0.02182
endloop
endfacet
facet normal 0.04998 0.99875 -0.00000
outer loop
vertex 0.34100 0.80017 0.01000
vertex 0.31998 0.80123 -0.04081
vertex 0.30216 0.80212 -0.02889
endloop
endfacet
facet normal -0.04998 -0.99875 0.00000
outer loop
vertex 0.35500 1.07983 0.01000
vertex 0.32322 1.08142 -0.02182
vertex 0.33780 1.08069 -0.03157
endloop
endfacet
facet normal 0.19298 -0.04471 0.98018
outer loop
vertex 0.31998 0.80123 -0.04081
vertex 0.34100 0.80017 -0.04500
vertex 0.35500 1.07983 -0.03500
endloop
endfacet
facet normal 0.19298 -0.04471 0.98018
outer loop
vertex 0.31998 0.80123 -0.04081
vertex 0.35500 1.07983 -0.03500
vertex 0.33780 1.08069 -0.03157
endloop
endfacet
facet normal 0.04998 0.99875 0.00000
outer loop
vertex 0.34100 0.80017 0.01000
vertex 0.34100 0.80017 -0.04500
vertex 0.31998 0.80123 -0.04081
endloop
endfacet
facet normal -0.04998 -0.99875 0.00000
outer loop
vertex 0.35500 1.07983 0.01000
vertex 0.33780 1.08069 -0.03157
vertex 0.35500 1.07983 -0.03500
endloop
endfacet
facet normal -0.19648 -0.02522 0.98018
outer loop
vertex 0.34100 0.80017 -0.04500
vertex 0.36202 0.79912 -0.04081
vertex 0.37220 1.07896 -0.03157
endloop
endfacet
facet normal -0.19648 -0.02522 0.98018
outer loop
vertex 0.34100 0.80017 -0.04500
vertex 0.37220 1.07896 -0.03157
vertex 0.35500 1.07983 -0.03500
endloop
endfacet
facet normal 0.04998 0.99875 0.00000
outer loop
vertex 0.34100 0.80017 0.01000
vertex 0.36202 0.79912 -0.04081
vertex 0.34100 0.80017 -0.04500
endloop
endfacet
facet normal -0.04998 -0.99875 0.00000
outer loop
vertex 0.35500 1.07983 0.01000
vertex 0.35500 1.07983 -0.03500
vertex 0.37220 1.07896 -0.03157
endloop
endfacet
facet normal -0.55629 -0.00721 0.83096
outer loop
vertex 0.36202 0.79912 -0.04081
vertex 0.37985 0.79823 -0.02889
vertex 0.38678 1.07823 -0.02182
endloop
endfacet
facet normal -0.55629 -0.00721 0.83096
outer loop
vertex 0.36202 0.79912 -0.04081
vertex 0.38678 1.07823 -0.02182
vertex 0.37220 1.07896 -0.03157
endloop
endfacet
facet normal 0.04998 0.99875 -0.00000
outer loop
vertex 0.34100 0.80017 0.01000
vertex 0.37985 0.79823 -0.02889
vertex 0.36202 0.79912 -0.04081
endloop
endfacet
facet normal -0.04998 -0.99875 0.00000
outer loop
vertex 0.35500 1.07983 0.01000
vertex 0.37220 1.07896 -0.03157
vertex 0.38678 1.07823 -0.02182
endloop
endfacet
facet normal -0.83167 0.00657 0.55523
outer loop
vertex 0.37985 0.79823 -0.02889
vertex 0.39175 0.79764 -0.01105
vertex 0.39652 1.07775 -0.00722
endloop
endfacet
facet normal -0.83167 0.00657 0.55523
outer loop
vertex 0.37985 0.79823 -0.02889
vertex 0.39652 1.07775 -0.00722
vertex 0.38678 1.07823 -0.02182
endloop
endfacet
facet normal 0.04998 0.99875 0.00000
outer loop
vertex 0.34100 0.80017 0.01000
vertex 0.39175 0.79764 -0.01105
vertex 0.37985 0.79823 -0.02889
endloop
endfacet
facet normal -0.04998 -0.99875 -0.00000
outer loop
vertex 0.35500 1.07983 0.01000
vertex 0.38678 1.07823 -0.02182
vertex 0.39652 1.07775 -0.00722
endloop
endfacet
facet normal -0.98071 0.01403 0.19497
outer loop
vertex 0.39175 0.79764 -0.01105
vertex 0.39593 0.79743 0.01000
vertex 0.39994 1.07758 0.01000
endloop
endfacet
facet normal -0.98071 0.01403 0.19497
outer loop
vertex 0.39175 0.79764 -0.01105
vertex 0.39994 1.07758 0.01000
vertex 0.39652 1.07775 -0.00722
endloop
endfacet
facet normal 0.04998 0.99875 -0.00000
outer loop
vertex 0.34100 0.80017 0.01000
vertex 0.39593 0.79743 0.01000
vertex 0.39175 0.79764 -0.01105
endloop
endfacet
facet normal -0.04998 -0.99875 0.00000
outer loop
vertex 0.35500 1.07983 0.01000
vertex 0.39652 1.07775 -0.00722
vertex 0.39994 1.07758 0.01000
endloop
endfacet
facet normal -0.97316 -0.19116 -0.12812
outer loop
vertex 0.30000 0.52000 0.00000
vertex 0.28978 0.52000 0.07765
vertex 0.18353 1.08000 0.04918
endloop
endfacet
facet normal -0.97316 -0.19116 -0.12812
outer loop
vertex 0.30000 0.52000 0.00000
vertex 0.18353 1.08000 0.04918
vertex 0.19000 1.08000 0.00000
endloop
endfacet
facet normal 0.00000 1.00000 0.00000
outer loop
vertex 0.00000 0.52000 0.00000
vertex 0.28978 0.52000 0.07765
vertex 0.30000 0.52000 0.00000
endloop
endfacet
facet normal 0.00000 -1.00000 0.00000
outer loop
vertex 0.00000 1.08000 0.00000
vertex 0.19000 1.08000 0.00000
vertex 0.18353 1.08000 0.04918
endloop
endfacet
facet normal -0.90684 -0.19116 -0.37563
outer loop
vertex 0.28978 0.52000 0.07765
vertex 0.25981 0.52000 0.15000
vertex 0.16454 1.08000 0.09500
endloop
endfacet
facet normal -0.90684 -0.19116 -0.37563
outer loop
vertex 0.28978 0.52000 0.07765
vertex 0.16454 1.08000 0.09500
vertex 0.18353 1.08000 0.04918
endloop
endfacet
facet normal 0.00000 1.00000 0.00000
outer loop
vertex 0.00000 0.52000 0.00000
vertex 0.25981 0.52000 0.15000
vertex 0.28978 0.52000 0.07765
endloop
endfacet
facet normal 0.00000 -1.00000 0.00000
outer loop
vertex 0.00000 1.08000 0.00000
vertex 0.18353 1.08000 0.04918
vertex 0.16454 1.08000 0.09500
endloop
endfacet
facet normal -0.77872 -0.19116 -0.59754
outer loop
vertex 0.25981 0.52000 0.15000
vertex 0.21213 0.52000 0.21213
vertex 0.13435 1.08000 0.13435
endloop
endfacet
facet normal -0.77872 -0.19116 -0.59754
outer loop
vertex 0.25981 0.52000 0.15000
vertex 0.13435 1.08000 0.13435
vertex 0.16454 1.08000 0.09500
endloop
endfacet
facet normal 0.00000 1.00000 0.00000
outer loop
vertex 0.00000 0.52000 0.00000
vertex 0.21213 0.52000 0.21213
vertex 0.25981 0.52000 0.15000
endloop
endfacet
facet normal 0.00000 -1.00000 0.00000
outer loop
vertex 0.00000 1.08000 0.00000
vertex 0.16454 1.08000 0.09500
vertex 0.13435 1.08000 0.13435
endloop
endfacet
facet normal -0.59754 -0.19116 -0.77872
outer loop
vertex 0.21213 0.52000 0.21213
vertex 0.15000 0.52000 0.25981
vertex 0.09500 1.08000 0.16454
endloop
endfacet
facet normal -0.59754 -0.19116 -0.77872
outer loop
vertex 0.21213 0.52000 0.21213
vertex 0.09500 1.08000 0.16454
vertex 0.13435 1.08000 0.13435
endloop
endfacet
facet normal 0.00000 1.00000 0.00000
outer loop
vertex 0.00000 0.52000 0.00000
vertex 0.15000 0.52000 0.25981
vertex 0.21213 0.52000 0.21213
endloop
endfacet
facet normal 0.00000 -1.00000 0.00000
outer loop
vertex 0.00000 1.08000 0.00000
vertex 0.13435 1.08000 0.13435
vertex 0.09500 1.08000 0.16454
endloop
endfacet
facet normal -0.37563 -0.19116 -0.90684
outer loop
vertex 0.15000 0.52000 0.25981
vertex 0.07765 0.52000 0.28978
vertex 0.04918 1.08000 0.18353
endloop
endfacet
facet normal -0.37563 -0.19116 -0.90684
outer loop
vertex 0.15000 0.52000 0.25981
vertex 0.04918 1.08000 0.18353
vertex 0.09500 1.08000 0.16454
endloop
endfacet
facet normal 0.00000 1.00000 0.00000
outer loop
vertex 0.00000 0.52000 0.00000
vertex 0.07765 0.52000 0.28978
vertex 0.15000 0.52000 0.25981
endloop
endfacet
facet normal 0.00000 -1.00000 0.00000
outer loop
vertex 0.00000 1.08000 0.00000
vertex 0.09500 1.08000 0.16454
vertex 0.04918 1.08000 0.18353
endloop
endfacet
facet normal -0.12812 -0.19116 -0.97316
outer loop
vertex 0.07765 0.52000 0.28978
vertex 0.00000 0.52000 0.30000
vertex 0.00000 1.08000 0.19000
endloop
endfacet
facet normal -0.12812 -0.19116 -0.97316
outer loop
vertex 0.07765 0.52000 0.28978
vertex 0.00000 1.08000 0.19000
vertex 0.04918 1.08000 0.18353
endloop
endfacet
facet normal 0.00000 1.00000 0.00000
outer loop
vertex 0.00000 0.52000 0.00000
vertex 0.00000 0.52000 0.30000
vertex 0.07765 0.52000 0.28978
endloop
endfacet
facet normal 0.00000 -1.00000 0.00000
outer loop
vertex 0.00000 1.08000 0.00000
vertex 0.04918 1.08000 0.18353
vertex 0.00000 1.08000 0.19000
endloop
endfacet
facet normal 0.12812 -0.19116 -0.97316
outer loop
vertex 0.00000 0.52000 0.30000
vertex -0.07765 0.52000 0.28978
vertex -0.04918 1.08000 0.18353
endloop
endfacet
facet normal 0.12812 -0.19116 -0.97316
outer loop
vertex 0.00000 0.52000 0.30000
vertex -0.04918 1.08000 0.18353
vertex 0.00000 1.08000 0.19000
endloop
endfacet
facet normal 0.00000 1.00000 0.00000
outer loop
vertex 0.00000 0.52000 0.00000
vertex -0.07765 0.52000 0.28978
vertex 0.00000 0.52000 0.30000
endloop
endfacet
facet normal 0.00000 -1.00000 0.00000
outer loop
vertex 0.00000 1.08000 0.00000
vertex 0.00000 1.08000 0.19000
vertex -0.04918 1.08000 0.18353
endloop
endfacet
facet normal 0.37563 -0.19116 -0.90684
outer loop
vertex -0.07765 0.52000 0.28978
vertex -0.15000 0.52000 0.25981
vertex -0.09500 1.08000 0.16454
endloop
endfacet
facet normal 0.37563 -0.19116 -0.90684
outer loop
vertex -0.07765 0.52000 0.28978
vertex -0.09500 1.08000 0.16454
vertex -0.04918 1.08000 0.18353
endloop
endfacet
facet normal 0.00000 1.00000 0.00000
outer loop
vertex 0.00000 0.52000 0.00000
vertex -0.15000 0.52000 0.25981
vertex -0.07765 0.52000 0.28978
endloop
endfacet
facet normal 0.00000 -1.00000 0.00000
outer loop
vertex 0.00000 1.08000 0.00000
vertex -0.04918 1.08000 0.18353
vertex -0.09500 1.08000 0.16454
endloop
endfacet
facet normal 0.59754 -0.19116 -0.77872
outer loop
vertex -0.15000 0.52000 0.25981
vertex -0.21213 0.52000 0.21213
vertex -0.13435 1.08000 0.13435
endloop
endfacet
facet normal 0.59754 -0.19116 -0.77872
outer loop
vertex -0.15000 0.52000 0.25981
vertex -0.13435 1.08000 0.13435
vertex -0.09500 1.08000 0.16454
endloop
endfacet
facet normal 0.00000 1.00000 0.00000
outer loop
vertex 0.00000 0.52000 0.00000
vertex -0.21213 0.52000 0.21213
vertex -0.15000 0.52000 0.25981
endloop
endfacet
facet normal 0.00000 -1.00000 0.00000
outer loop
vertex 0.00000 1.08000 0.00000
vertex -0.09500 1.08000 0.16454
vertex -0.13435 1.08000 0.13435
endloop
endfacet
facet normal 0.77872 -0.19116 -0.59754
outer loop
vertex -0.21213 0.52000 0.21213
vertex -0.25981 0.52000 0.15000
vertex -0.16454 1.08000 0.09500
endloop
endfacet
facet normal 0.77872 -0.19116 -0.59754
outer loop
vertex -0.21213 0.52000 0.21213
vertex -0.16454 1.08000 0.09500
vertex -0.13435 1.08000 0.13435
endloop
endfacet
facet normal 0.00000 1.00000 0.00000
outer loop
vertex 0.00000 0.52000 0.00000
vertex -0.25981 0.52000 0.15000
vertex -0.21213 0.52000 0.21213
endloop
endfacet
facet normal 0.00000 -1.00000 0.00000
outer loop
vertex 0.00000 1.08000 0.00000
vertex -0.13435 1.08000 0.13435
vertex -0.16454 1.08000 0.09500
endloop
endfacet
facet normal 0.90684 -0.19116 -0.37563
outer loop
vertex -0.25981 0.52000 0.15000
vertex -0.28978 0.52000 0.07765
vertex -0.18353 1.08000 0.04918
endloop
endfacet
facet normal 0.90684 -0.19116 -0.37563
outer loop
vertex -0.25981 0.52000 0.15000
vertex -0.18353 1.08000 0.04918
vertex -0.16454 1.08000 0.09500
endloop
endfacet
facet normal 0.00000 1.00000 0.00000
outer loop
vertex 0.00000 0.52000 0.00000
vertex -0.28978 0.52000 0.07765
vertex -0.25981 0.52000 0.15000
endloop
endfacet
facet normal 0.00000 -1.00000 0.00000
outer loop
vertex 0.00000 1.08000 0.00000
vertex -0.16454 1.08000 0.09500
vertex -0.18353 1.08000 0.04918
endloop
endfacet
facet normal 0.97316 -0.19116 -0.12812
outer loop
vertex -0.28978 0.52000 0.07765
vertex -0.30000 0.52000 0.00000
vertex -0.19000 1.08000 0.00000
endloop
endfacet
facet normal 0.97316 -0.19116 -0.12812
outer loop
vertex -0.28978 0.52000 0.07765
vertex -0.19000 1.08000 0.00000
vertex -0.18353 1.08000 0.04918
endloop
endfacet
facet normal 0.00000 1.00000 0.00000
outer loop
vertex 0.00000 0.52000 0.00000
vertex -0.30000 0.52000 0.00000
vertex -0.28978 0.52000 0.07765
endloop
endfacet
facet normal 0.00000 -1.00000 0.00000
outer loop
vertex 0.00000 1.08000 0.00000
vertex -0.18353 1.08000 0.04918
vertex -0.19000 1.08000 0.00000
endloop
endfacet
facet normal 0.97316 -0.19116 0.12812
outer loop
vertex -0.30000 0.52000 0.00000
vertex -0.28978 0.52000 -0.07765
vertex -0.18353 1.08000 -0.04918
endloop
endfacet
facet normal 0.97316 -0.19116 0.12812
outer loop
vertex -0.30000 0.52000 0.00000
vertex -0.18353 1.08000 -0.04918
vertex -0.19000 1.08000 0.00000
endloop
endfacet
facet normal 0.00000 1.00000 0.00000
outer loop
vertex 0.00000 0.52000 0.00000
vertex -0.28978 0.52000 -0.07765
vertex -0.30000 0.52000 0.00000
endloop
endfacet
facet normal 0.00000 -1.00000 0.00000
outer loop
vertex 0.00000 1.08000 0.00000
vertex -0.19000 1.08000 0.00000
vertex -0.18353 1.08000 -0.04918
endloop
endfacet
facet normal 0.90684 -0.19116 0.37563
outer loop
vertex -0.28978 0.52000 -0.07765
vertex -0.25981 0.52000 -0.15000
vertex -0.16454 1.08000 -0.09500
endloop
endfacet
facet normal 0.90684 -0.19116 0.37563
outer loop
vertex -0.28978 0.52000 -0.07765
vertex -0.16454 1.08000 -0.09500
vertex -0.18353 1.08000 -0.04918
endloop
endfacet
facet normal 0.00000 1.00000 0.00000
outer loop
vertex 0.00000 0.52000 0.00000
vertex -0.25981 0.52000 -0.15000
vertex -0.28978 0.52000 -0.07765
endloop
endfacet
facet normal 0.00000 -1.00000 0.00000
outer loop
vertex 0.00000 1.08000 0.00000
vertex -0.18353 1.08000 -0.04918
vertex -0.16454 1.08000 -0.09500
endloop
endfacet
facet normal 0.77872 -0.19116 0.59754
outer loop
vertex -0.25981 0.52000 -0.15000
vertex -0.21213 0.52000 -0.21213
vertex -0.13435 1.08000 -0.13435
endloop
endfacet
facet normal 0.77872 -0.19116 0.59754
outer loop
vertex -0.25981 0.52000 -0.15000
vertex -0.13435 1.08000 -0.13435
vertex -0.16454 1.08000 -0.09500
endloop
endfacet
facet normal 0.00000 1.00000 0.00000
outer loop
vertex 0.00000 0.52000 0.00000
vertex -0.21213 0.52000 -0.21213
vertex -0.25981 0.52000 -0.15000
endloop
endfacet
facet normal 0.00000 -1.00000 0.00000
outer loop
vertex 0.00000 1.08000 0.00000
vertex -0.16454 1.08000 -0.09500
vertex -0.13435 1.08000 -0.13435
endloop
endfacet
facet normal 0.59754 -0.19116 0.77872
outer loop
vertex -0.21213 0.52000 -0.21213
vertex -0.15000 0.52000 -0.25981
vertex -0.09500 1.08000 -0.16454
endloop
endfacet
facet normal 0.59754 -0.19116 0.77872
outer loop
vertex -0.21213 0.52000 -0.21213
vertex -0.09500 1.08000 -0.16454
vertex -0.13435 1.08000 -0.13435
endloop
endfacet
facet normal 0.00000 1.00000 0.00000
outer loop
vertex 0.00000 0.52000 0.00000
vertex -0.15000 0.52000 -0.25981
vertex -0.21213 0.52000 -0.21213
endloop
endfacet
facet normal 0.00000 -1.00000 0.00000
outer loop
vertex 0.00000 1.08000 0.00000
vertex -0.13435 1.08000 -0.13435
vertex -0.09500 1.08000 -0.16454
endloop
endfacet
facet normal 0.37563 -0.19116 0.90684
outer loop
vertex -0.15000 0.52000 -0.25981
vertex -0.07765 0.52000 -0.28978
vertex -0.04918 1.08000 -0.18353
endloop
endfacet
facet normal 0.37563 -0.19116 0.90684
outer loop
vertex -0.15000 0.52000 -0.25981
vertex -0.04918 1.08000 -0.18353
vertex -0.09500 1.08000 -0.16454
endloop
endfacet
facet normal 0.00000 1.00000 0.00000
outer loop
vertex 0.00000 0.52000 0.00000
vertex -0.07765 0.52000 -0.28978
vertex -0.15000 0.52000 -0.25981
endloop
endfacet
facet normal 0.00000 -1.00000 0.00000
outer loop
vertex 0.00000 1.08000 0.00000
vertex -0.09500 1.08000 -0.16454
vertex -0.04918 1.08000 -0.18353
endloop
endfacet
facet normal 0.12812 -0.19116 0.97316
outer loop
vertex -0.07765 0.52000 -0.28978
vertex -0.00000 0.52000 -0.30000
vertex -0.00000 1.08000 -0.19000
endloop
endfacet
facet normal 0.12812 -0.19116 0.97316
outer loop
vertex -0.07765 0.52000 -0.28978
vertex -0.00000 1.08000 -0.19000
vertex -0.04918 1.08000 -0.18353
endloop
endfacet
facet normal 0.00000 1.00000 0.00000
outer loop
vertex 0.00000 0.52000 0.00000
vertex -0.00000 0.52000 -0.30000
vertex -0.07765 0.52000 -0.28978
endloop
endfacet
facet normal 0.00000 -1.00000 0.00000
outer loop
vertex 0.00000 1.08000 0.00000
vertex -0.04918 1.08000 -0.18353
vertex -0.00000 1.08000 -0.19000
endloop
endfacet
facet normal -0.12812 -0.19116 0.97316
outer loop
vertex -0.00000 0.52000 -0.30000
vertex 0.07765 0.52000 -0.28978
vertex 0.04918 1.08000 -0.18353
endloop
endfacet
facet normal -0.12812 -0.19116 0.97316
outer loop
vertex -0.00000 0.52000 -0.30000
vertex 0.04918 1.08000 -0.18353
vertex -0.00000 1.08000 -0.19000
endloop
endfacet
facet normal 0.00000 1.00000 0.00000
outer loop
vertex 0.00000 0.52000 0.00000
vertex 0.07765 0.52000 -0.28978
vertex -0.00000 0.52000 -0.30000
endloop
endfacet
facet normal 0.00000 -1.00000 0.00000
outer loop
vertex 0.00000 1.08000 0.00000
vertex -0.00000 1.08000 -0.19000
vertex 0.04918 1.08000 -0.18353
endloop
endfacet
facet normal -0.37563 -0.19116 0.90684
outer loop
vertex 0.07765 0.52000 -0.28978
vertex 0.15000 0.52000 -0.25981
vertex 0.09500 1.08000 -0.16454
endloop
endfacet
facet normal -0.37563 -0.19116 0.90684
outer loop
vertex 0.07765 0.52000 -0.28978
vertex 0.09500 1.08000 -0.16454
vertex 0.04918 1.08000 -0.18353
endloop
endfacet
facet normal 0.00000 1.00000 0.00000
outer loop
vertex 0.00000 0.52000 0.00000
vertex 0.15000 0.52000 -0.25981
vertex 0.07765 0.52000 -0.28978
endloop
endfacet
facet normal 0.00000 -1.00000 0.00000
outer loop
vertex 0.00000 1.08000 0.00000
vertex 0.04918 1.08000 -0.18353
vertex 0.09500 1.08000 -0.16454
endloop
endfacet
facet normal -0.59754 -0.19116 0.77872
outer loop
vertex 0.15000 0.52000 -0.25981
vertex 0.21213 0.52000 -0.21213
vertex 0.13435 1.08000 -0.13435
endloop
endfacet
facet normal -0.59754 -0.19116 0.77872
outer loop
vertex 0.15000 0.52000 -0.25981
vertex 0.13435 1.08000 -0.13435
vertex 0.09500 1.08000 -0.16454
endloop
endfacet
facet normal 0.00000 1.00000 0.00000
outer loop
vertex 0.00000 0.52000 0.00000
vertex 0.21213 0.52000 -0.21213
vertex 0.15000 0.52000 -0.25981
endloop
endfacet
facet normal 0.00000 -1.00000 0.00000
outer loop
vertex 0.00000 1.08000 0.00000
vertex 0.09500 1.08000 -0.16454
vertex 0.13435 1.08000 -0.13435
endloop
endfacet
facet normal -0.77872 -0.19116 0.59754
outer loop
vertex 0.21213 0.52000 -0.21213
vertex 0.25981 0.52000 -0.15000
vertex 0.16454 1.08000 -0.09500
endloop
endfacet
facet normal -0.77872 -0.19116 0.59754
outer loop
vertex 0.21213 0.52000 -0.21213
vertex 0.16454 1.08000 -0.09500
vertex 0.13435 1.08000 -0.13435
endloop
endfacet
facet normal 0.00000 1.00000 0.00000
outer loop
vertex 0.00000 0.52000 0.00000
vertex 0.25981 0.52000 -0.15000
vertex 0.21213 0.52000 -0.21213
endloop
endfacet
facet normal 0.00000 -1.00000 0.00000
outer loop
vertex 0.00000 1.08000 0.00000
vertex 0.13435 1.08000 -0.13435
vertex 0.16454 1.08000 -0.09500
endloop
endfacet
facet normal -0.90684 -0.19116 0.37563
outer loop
vertex 0.25981 0.52000 -0.15000
vertex 0.28978 0.52000 -0.07765
vertex 0.18353 1.08000 -0.04918
endloop
endfacet
facet normal -0.90684 -0.19116 0.37563
outer loop
vertex 0.25981 0.52000 -0.15000
vertex 0.18353 1.08000 -0.04918
vertex 0.16454 1.08000 -0.09500
endloop
endfacet
facet normal 0.00000 1.00000 0.00000
outer loop
vertex 0.00000 0.52000 0.00000
vertex 0.28978 0.52000 -0.07765
vertex 0.25981 0.52000 -0.15000
endloop
endfacet
facet normal 0.00000 -1.00000 0.00000
outer loop
vertex 0.00000 1.08000 0.00000
vertex 0.16454 1.08000 -0.09500
vertex 0.18353 1.08000 -0.04918
endloop
endfacet
facet normal -0.97316 -0.19116 0.12812
outer loop
vertex 0.28978 0.52000 -0.07765
vertex 0.30000 0.52000 -0.00000
vertex 0.19000 1.08000 -0.00000
endloop
endfacet
facet normal -0.97316 -0.19116 0.12812
outer loop
vertex 0.28978 0.52000 -0.07765
vertex 0.19000 1.08000 -0.00000
vertex 0.18353 1.08000 -0.04918
endloop
endfacet
facet normal 0.00000 1.00000 0.00000
outer loop
vertex 0.00000 0.52000 0.00000
vertex 0.30000 0.52000 -0.00000
vertex 0.28978 0.52000 -0.07765
endloop
endfacet
facet normal 0.00000 -1.00000 0.00000
outer loop
vertex 0.00000 1.08000 0.00000
vertex 0.18353 1.08000 -0.04918
vertex 0.19000 1.08000 -0.00000
endloop
endfacet
facet normal -0.98481 0.00000 -0.17365
outer loop
vertex 0.15500 1.74000 0.00000
vertex 0.14565 1.74000 0.05301
vertex 0.14565 1.80000 0.05301
endloop
endfacet
facet normal -0.98481 0.00000 -0.17365
outer loop
vertex 0.15500 1.74000 0.00000
vertex 0.14565 1.80000 0.05301
vertex 0.15500 1.80000 0.00000
endloop
endfacet
facet normal 0.00000 1.00000 0.00000
outer loop
vertex 0.00000 1.74000 0.00000
vertex 0.14565 1.74000 0.05301
vertex 0.15500 1.74000 0.00000
endloop
endfacet
facet normal 0.00000 -1.00000 0.00000
outer loop
vertex 0.00000 1.80000 0.00000
vertex 0.15500 1.80000 0.00000
vertex 0.14565 1.80000 0.05301
endloop
endfacet
facet normal -0.86603 0.00000 -0.50000
outer loop
vertex 0.14565 1.74000 0.05301
vertex 0.11874 1.74000 0.09963
vertex 0.11874 1.80000 0.09963
endloop
endfacet
facet normal -0.86603 0.00000 -0.50000
outer loop
vertex 0.14565 1.74000 0.05301
vertex 0.11874 1.80000 0.09963
vertex 0.14565 1.80000 0.05301
endloop
endfacet
facet normal 0.00000 1.00000 0.00000
outer loop
vertex 0.00000 1.74000 0.00000
vertex 0.11874 1.74000 0.09963
vertex 0.14565 1.74000 0.05301
endloop
endfacet
facet normal 0.00000 -1.00000 0.00000
outer loop
vertex 0.00000 1.80000 0.00000
vertex 0.14565 1.80000 0.05301
vertex 0.11874 1.80000 0.09963
endloop
endfacet
facet normal -0.64279 0.00000 -0.76604
outer loop
vertex 0.11874 1.74000 0.09963
vertex 0.07750 1.74000 0.13423
vertex 0.07750 1.80000 0.13423
endloop
endfacet
facet normal -0.64279 0.00000 -0.76604
outer loop
vertex 0.11874 1.74000 0.09963
vertex 0.07750 1.80000 0.13423
vertex 0.11874 1.80000 0.09963
endloop
endfacet
facet normal 0.00000 1.00000 0.00000
outer loop
vertex 0.00000 1.74000 0.00000
vertex 0.07750 1.74000 0.13423
vertex 0.11874 1.74000 0.09963
endloop
endfacet
facet normal 0.00000 -1.00000 0.00000
outer loop
vertex 0.00000 1.80000 0.00000
vertex 0.11874 1.80000 0.09963
vertex 0.07750 1.80000 0.13423
endloop
endfacet
facet normal -0.34202 0.00000 -0.93969
outer loop
vertex 0.07750 1.74000 0.13423
vertex 0.02692 1.74000 0.15265
vertex 0.02692 1.80000 0.15265
endloop
endfacet
facet normal -0.34202 0.00000 -0.93969
outer loop
vertex 0.07750 1.74000 0.13423
vertex 0.02692 1.80000 0.15265
vertex 0.07750 1.80000 0.13423
endloop
endfacet
facet normal 0.00000 1.00000 0.00000
outer loop
vertex 0.00000 1.74000 0.00000
vertex 0.02692 1.74000 0.15265
vertex 0.07750 1.74000 0.13423
endloop
endfacet
facet normal 0.00000 -1.00000 0.00000
outer loop
vertex 0.00000 1.80000 0.00000
vertex 0.07750 1.80000 0.13423
vertex 0.02692 1.80000 0.15265
endloop
endfacet
facet normal 0.00000 0.00000 -1.00000
outer loop
vertex 0.02692 1.74000 0.15265
vertex -0.02692 1.74000 0.15265
vertex -0.02692 1.80000 0.15265
endloop
endfacet
facet normal 0.00000 0.00000 -1.00000
outer loop
vertex 0.02692 1.74000 0.15265
vertex -0.02692 1.80000 0.15265
vertex 0.02692 1.80000 0.15265
endloop
endfacet
facet normal 0.00000 1.00000 0.00000
outer loop
vertex 0.00000 1.74000 0.00000
vertex -0.02692 1.74000 0.15265
vertex 0.02692 1.74000 0.15265
endloop
endfacet
facet normal 0.00000 -1.00000 0.00000
outer loop
vertex 0.00000 1.80000 0.00000
vertex 0.02692 1.80000 0.15265
vertex -0.02692 1.80000 0.15265
endloop
endfacet
facet normal 0.34202 0.00000 -0.93969
outer loop
vertex -0.02692 1.74000 0.15265
vertex -0.07750 1.74000 0.13423
vertex -0.07750 1.80000 0.13423
endloop
endfacet
facet normal 0.34202 0.00000 -0.93969
outer loop
vertex -0.02692 1.74000 0.15265
vertex -0.07750 1.80000 0.13423
vertex -0.02692 1.80000 0.15265
endloop
endfacet
facet normal 0.00000 1.00000 0.00000
outer loop
vertex 0.00000 1.74000 0.00000
vertex -0.07750 1.74000 0.13423
vertex -0.02692 1.74000 0.15265
endloop
endfacet
facet normal 0.00000 -1.00000 0.00000
outer loop
vertex 0.00000 1.80000 0.00000
vertex -0.02692 1.80000 0.15265
vertex -0.07750 1.80000 0.13423
endloop
endfacet
facet normal 0.64279 0.00000 -0.76604
outer loop
vertex -0.07750 1.74000 0.13423
vertex -0.11874 1.74000 0.09963
vertex -0.11874 1.80000 0.09963
endloop
endfacet
facet normal 0.64279 0.00000 -0.76604
outer loop
vertex -0.07750 1.74000 0.13423
vertex -0.11874 1.80000 0.09963
vertex -0.07750 1.80000 0.13423
endloop
endfacet
facet normal 0.00000 1.00000 0.00000
outer loop
vertex 0.00000 1.74000 0.00000
vertex -0.11874 1.74000 0.09963
vertex -0.07750 1.74000 0.13423
endloop
endfacet
facet normal 0.00000 -1.00000 0.00000
outer loop
vertex 0.00000 1.80000 0.00000
vertex -0.07750 1.80000 0.13423
vertex -0.11874 1.80000 0.09963
endloop
endfacet
facet normal 0.86603 0.00000 -0.50000
outer loop
vertex -0.11874 1.74000 0.09963
vertex -0.14565 1.74000 0.05301
vertex -0.14565 1.80000 0.05301
endloop
endfacet
facet normal 0.86603 0.00000 -0.50000
outer loop
vertex -0.11874 1.74000 0.09963
vertex -0.14565 1.80000 0.05301
vertex -0.11874 1.80000 0.09963
endloop
endfacet
facet normal 0.00000 1.00000 0.00000
outer loop
vertex 0.00000 1.74000 0.00000
vertex -0.14565 1.74000 0.05301
vertex -0.11874 1.74000 0.09963
endloop
endfacet
facet normal 0.00000 -1.00000 0.00000
outer loop
vertex 0.00000 1.80000 0.00000
vertex -0.11874 1.80000 0.09963
vertex -0.14565 1.80000 0.05301
endloop
endfacet
facet normal 0.98481 0.00000 -0.17365
outer loop
vertex -0.14565 1.74000 0.05301
vertex -0.15500 1.74000 0.00000
vertex -0.15500 1.80000 0.00000
endloop
endfacet
facet normal 0.98481 0.00000 -0.17365
outer loop
vertex -0.14565 1.74000 0.05301
vertex -0.15500 1.80000 0.00000
vertex -0.14565 1.80000 0.05301
endloop
endfacet
facet normal 0.00000 1.00000 0.00000
outer loop
vertex 0.00000 1.74000 0.00000
vertex -0.15500 1.74000 0.00000
vertex -0.14565 1.74000 0.05301
endloop
endfacet
facet normal 0.00000 -1.00000 0.00000
outer loop
vertex 0.00000 1.80000 0.00000
vertex -0.14565 1.80000 0.05301
vertex -0.15500 1.80000 0.00000
endloop
endfacet
facet normal 0.98481 0.00000 0.17365
outer loop
vertex -0.15500 1.74000 0.00000
vertex -0.14565 1.74000 -0.05301
vertex -0.14565 1.80000 -0.05301
endloop
endfacet
facet normal 0.98481 0.00000 0.17365
outer loop
vertex -0.15500 1.74000 0.00000
vertex -0.14565 1.80000 -0.05301
vertex -0.15500 1.80000 0.00000
endloop
endfacet
facet normal 0.00000 1.00000 0.00000
outer loop
vertex 0.00000 1.74000 0.00000
vertex -0.14565 1.74000 -0.05301
vertex -0.15500 1.74000 0.00000
endloop
endfacet
facet normal 0.00000 -1.00000 0.00000
outer loop
vertex 0.00000 1.80000 0.00000
vertex -0.15500 1.80000 0.00000
vertex -0.14565 1.80000 -0.05301
endloop
endfacet
facet normal 0.86603 0.00000 0.50000
outer loop
vertex -0.14565 1.74000 -0.05301
vertex -0.11874 1.74000 -0.09963
vertex -0.11874 1.80000 -0.09963
endloop
endfacet
facet normal 0.86603 0.00000 0.50000
outer loop
vertex -0.14565 1.74000 -0.05301
vertex -0.11874 1.80000 -0.09963
vertex -0.14565 1.80000 -0.05301
endloop
endfacet
facet normal 0.00000 1.00000 0.00000
outer loop
vertex 0.00000 1.74000 0.00000
vertex -0.11874 1.74000 -0.09963
vertex -0.14565 1.74000 -0.05301
endloop
endfacet
facet normal 0.00000 -1.00000 0.00000
outer loop
vertex 0.00000 1.80000 0.00000
vertex -0.14565 1.80000 -0.05301
vertex -0.11874 1.80000 -0.09963
endloop
endfacet
facet normal 0.64279 0.00000 0.76604
outer loop
vertex -0.11874 1.74000 -0.09963
vertex -0.07750 1.74000 -0.13423
vertex -0.07750 1.80000 -0.13423
endloop
endfacet
facet normal 0.64279 0.00000 0.76604
outer loop
vertex -0.11874 1.74000 -0.09963
vertex -0.07750 1.80000 -0.13423
vertex -0.11874 1.80000 -0.09963
endloop
endfacet
facet normal 0.00000 1.00000 0.00000
outer loop
vertex 0.00000 1.74000 0.00000
vertex -0.07750 1.74000 -0.13423
vertex -0.11874 1.74000 -0.09963
endloop
endfacet
facet normal 0.00000 -1.00000 0.00000
outer loop
vertex 0.00000 1.80000 0.00000
vertex -0.11874 1.80000 -0.09963
vertex -0.07750 1.80000 -0.13423
endloop
endfacet
facet normal 0.34202 0.00000 0.93969
outer loop
vertex -0.07750 1.74000 -0.13423
vertex -0.02692 1.74000 -0.15265
vertex -0.02692 1.80000 -0.15265
endloop
endfacet
facet normal 0.34202 0.00000 0.93969
outer loop
vertex -0.07750 1.74000 -0.13423
vertex -0.02692 1.80000 -0.15265
vertex -0.07750 1.80000 -0.13423
endloop
endfacet
facet normal 0.00000 1.00000 0.00000
outer loop
vertex 0.00000 1.74000 0.00000
vertex -0.02692 1.74000 -0.15265
vertex -0.07750 1.74000 -0.13423
endloop
endfacet
facet normal 0.00000 -1.00000 0.00000
outer loop
vertex 0.00000 1.80000 0.00000
vertex -0.07750 1.80000 -0.13423
vertex -0.02692 1.80000 -0.15265
endloop
endfacet
facet normal 0.00000 0.00000 1.00000
outer loop
vertex -0.02692 1.74000 -0.15265
vertex 0.02692 1.74000 -0.15265
vertex 0.02692 1.80000 -0.15265
endloop
endfacet
facet normal 0.00000 0.00000 1.00000
outer loop
vertex -0.02692 1.74000 -0.15265
vertex 0.02692 1.80000 -0.15265
vertex -0.02692 1.80000 -0.15265
endloop
endfacet
facet normal 0.00000 1.00000 0.00000
outer loop
vertex 0.00000 1.74000 0.00000
vertex 0.02692 1.74000 -0.15265
vertex -0.02692 1.74000 -0.15265
endloop
endfacet
facet normal 0.00000 -1.00000 0.00000
outer loop
vertex 0.00000 1.80000 0.00000
vertex -0.02692 1.80000 -0.15265
vertex 0.02692 1.80000 -0.15265
endloop
endfacet
facet normal -0.34202 0.00000 0.93969
outer loop
vertex 0.02692 1.74000 -0.15265
vertex 0.07750 1.74000 -0.13423
vertex 0.07750 1.80000 -0.13423
endloop
endfacet
facet normal -0.34202 0.00000 0.93969
outer loop
vertex 0.02692 1.74000 -0.15265
vertex 0.07750 1.80000 -0.13423
vertex 0.02692 1.80000 -0.15265
endloop
endfacet
facet normal 0.00000 1.00000 0.00000
outer loop
vertex 0.00000 1.74000 0.00000
vertex 0.07750 1.74000 -0.13423
vertex 0.02692 1.74000 -0.15265
endloop
endfacet
facet normal 0.00000 -1.00000 0.00000
outer loop
vertex 0.00000 1.80000 0.00000
vertex 0.02692 1.80000 -0.15265
vertex 0.07750 1.80000 -0.13423
endloop
endfacet
facet normal -0.64279 0.00000 0.76604
outer loop
vertex 0.07750 1.74000 -0.13423
vertex 0.11874 1.74000 -0.09963
vertex 0.11874 1.80000 -0.09963
endloop
endfacet
facet normal -0.64279 0.00000 0.76604
outer loop
vertex 0.07750 1.74000 -0.13423
vertex 0.11874 1.80000 -0.09963
vertex 0.07750 1.80000 -0.13423
endloop
endfacet
facet normal 0.00000 1.00000 0.00000
outer loop
vertex 0.00000 1.74000 0.00000
vertex 0.11874 1.74000 -0.09963
vertex 0.07750 1.74000 -0.13423
endloop
endfacet
facet normal 0.00000 -1.00000 0.00000
outer loop
vertex 0.00000 1.80000 0.00000
vertex 0.07750 1.80000 -0.13423
vertex 0.11874 1.80000 -0.09963
endloop
endfacet
facet normal -0.86603 0.00000 0.50000
outer loop
vertex 0.11874 1.74000 -0.09963
vertex 0.14565 1.74000 -0.05301
vertex 0.14565 1.80000 -0.05301
endloop
endfacet
facet normal -0.86603 0.00000 0.50000
outer loop
vertex 0.11874 1.74000 -0.09963
vertex 0.14565 1.80000 -0.05301
vertex 0.11874 1.80000 -0.09963
endloop
endfacet
facet normal 0.00000 1.00000 0.00000
outer loop
vertex 0.00000 1.74000 0.00000
vertex 0.14565 1.74000 -0.05301
vertex 0.11874 1.74000 -0.09963
endloop
endfacet
facet normal 0.00000 -1.00000 0.00000
outer loop
vertex 0.00000 1.80000 0.00000
vertex 0.11874 1.80000 -0.09963
vertex 0.14565 1.80000 -0.05301
endloop
endfacet
facet normal -0.98481 0.00000 0.17365
outer loop
vertex 0.14565 1.74000 -0.05301
vertex 0.15500 1.74000 -0.00000
vertex 0.15500 1.80000 -0.00000
endloop
endfacet
facet normal -0.98481 0.00000 0.17365
outer loop
vertex 0.14565 1.74000 -0.05301
vertex 0.15500 1.80000 -0.00000
vertex 0.14565 1.80000 -0.05301
endloop
endfacet
facet normal 0.00000 1.00000 0.00000
outer loop
vertex 0.00000 1.74000 0.00000
vertex 0.15500 1.74000 -0.00000
vertex 0.14565 1.74000 -0.05301
endloop
endfacet
facet normal 0.00000 -1.00000 0.00000
outer loop
vertex 0.00000 1.80000 0.00000
vertex 0.14565 1.80000 -0.05301
vertex 0.15500 1.80000 -0.00000
endloop
endfacet
facet normal -0.93723 -0.16987 -0.30453
outer loop
vertex 0.16500 1.79000 0.00000
vertex 0.15832 1.79000 0.02057
vertex 0.13485 1.95000 0.00353
endloop
endfacet
facet normal -0.93723 -0.16987 -0.30453
outer loop
vertex 0.16500 1.79000 0.00000
vertex 0.13485 1.95000 0.00353
vertex 0.13600 1.95000 0.00000
endloop
endfacet
facet normal 0.00000 1.00000 0.00000
outer loop
vertex 0.13000 1.79000 0.00000
vertex 0.15832 1.79000 0.02057
vertex 0.16500 1.79000 0.00000
endloop
endfacet
facet normal 0.00000 -1.00000 0.00000
outer loop
vertex 0.13000 1.95000 0.00000
vertex 0.13600 1.95000 0.00000
vertex 0.13485 1.95000 0.00353
endloop
endfacet
facet normal -0.57924 -0.16987 -0.79726
outer loop
vertex 0.15832 1.79000 0.02057
vertex 0.14082 1.79000 0.03329
vertex 0.13185 1.95000 0.00571
endloop
endfacet
facet normal -0.57924 -0.16987 -0.79726
outer loop
vertex 0.15832 1.79000 0.02057
vertex 0.13185 1.95000 0.00571
vertex 0.13485 1.95000 0.00353
endloop
endfacet
facet normal 0.00000 1.00000 0.00000
outer loop
vertex 0.13000 1.79000 0.00000
vertex 0.14082 1.79000 0.03329
vertex 0.15832 1.79000 0.02057
endloop
endfacet
facet normal 0.00000 -1.00000 0.00000
outer loop
vertex 0.13000 1.95000 0.00000
vertex 0.13485 1.95000 0.00353
vertex 0.13185 1.95000 0.00571
endloop
endfacet
facet normal -0.00000 -0.16987 -0.98547
outer loop
vertex 0.14082 1.79000 0.03329
vertex 0.11918 1.79000 0.03329
vertex 0.12815 1.95000 0.00571
endloop
endfacet
facet normal 0.00000 -0.16987 -0.98547
outer loop
vertex 0.14082 1.79000 0.03329
vertex 0.12815 1.95000 0.00571
vertex 0.13185 1.95000 0.00571
endloop
endfacet
facet normal 0.00000 1.00000 0.00000
outer loop
vertex 0.13000 1.79000 0.00000
vertex 0.11918 1.79000 0.03329
vertex 0.14082 1.79000 0.03329
endloop
endfacet
facet normal 0.00000 -1.00000 0.00000
outer loop
vertex 0.13000 1.95000 0.00000
vertex 0.13185 1.95000 0.00571
vertex 0.12815 1.95000 0.00571
endloop
endfacet
facet normal 0.57924 -0.16987 -0.79726
outer loop
vertex 0.11918 1.79000 0.03329
vertex 0.10168 1.79000 0.02057
vertex 0.12515 1.95000 0.00353
endloop
endfacet
facet normal 0.57924 -0.16987 -0.79726
outer loop
vertex 0.11918 1.79000 0.03329
vertex 0.12515 1.95000 0.00353
vertex 0.12815 1.95000 0.00571
endloop
endfacet
facet normal 0.00000 1.00000 0.00000
outer loop
vertex 0.13000 1.79000 0.00000
vertex 0.10168 1.79000 0.02057
vertex 0.11918 1.79000 0.03329
endloop
endfacet
facet normal 0.00000 -1.00000 0.00000
outer loop
vertex 0.13000 1.95000 0.00000
vertex 0.12815 1.95000 0.00571
vertex 0.12515 1.95000 0.00353
endloop
endfacet
facet normal 0.93723 -0.16987 -0.30453
outer loop
vertex 0.10168 1.79000 0.02057
vertex 0.09500 1.79000 0.00000
vertex 0.12400 1.95000 0.00000
endloop
endfacet
facet normal 0.93723 -0.16987 -0.30453
outer loop
vertex 0.10168 1.79000 0.02057
vertex 0.12400 1.95000 0.00000
vertex 0.12515 1.95000 0.00353
endloop
endfacet
facet normal 0.00000 1.00000 0.00000
outer loop
vertex 0.13000 1.79000 0.00000
vertex 0.09500 1.79000 0.00000
vertex 0.10168 1.79000 0.02057
endloop
endfacet
facet normal 0.00000 -1.00000 0.00000
outer loop
vertex 0.13000 1.95000 0.00000
vertex 0.12515 1.95000 0.00353
vertex 0.12400 1.95000 0.00000
endloop
endfacet
facet normal 0.93723 -0.16987 0.30453
outer loop
vertex 0.09500 1.79000 0.00000
vertex 0.10168 1.79000 -0.02057
vertex 0.12515 1.95000 -0.00353
endloop
endfacet
facet normal 0.93723 -0.16987 0.30453
outer loop
vertex 0.09500 1.79000 0.00000
vertex 0.12515 1.95000 -0.00353
vertex 0.12400 1.95000 0.00000
endloop
endfacet
facet normal 0.00000 1.00000 0.00000
outer loop
vertex 0.13000 1.79000 0.00000
vertex 0.10168 1.79000 -0.02057
vertex 0.09500 1.79000 0.00000
endloop
endfacet
facet normal 0.00000 -1.00000 0.00000
outer loop
vertex 0.13000 1.95000 0.00000
vertex 0.12400 1.95000 0.00000
vertex 0.12515 1.95000 -0.00353
endloop
endfacet
facet normal 0.57924 -0.16987 0.79726
outer loop
vertex 0.10168 1.79000 -0.02057
vertex 0.11918 1.79000 -0.03329
vertex 0.12815 1.95000 -0.00571
endloop
endfacet
facet normal 0.57924 -0.16987 0.79726
outer loop
vertex 0.10168 1.79000 -0.02057
vertex 0.12815 1.95000 -0.00571
vertex 0.12515 1.95000 -0.00353
endloop
endfacet
facet normal 0.00000 1.00000 0.00000
outer loop
vertex 0.13000 1.79000 0.00000
vertex 0.11918 1.79000 -0.03329
vertex 0.10168 1.79000 -0.02057
endloop
endfacet
facet normal 0.00000 -1.00000 0.00000
outer loop
vertex 0.13000 1.95000 0.00000
vertex 0.12515 1.95000 -0.00353
vertex 0.12815 1.95000 -0.00571
endloop
endfacet
facet normal 0.00000 -0.16987 0.98547
outer loop
vertex 0.11918 1.79000 -0.03329
vertex 0.14082 1.79000 -0.03329
vertex 0.13185 1.95000 -0.00571
endloop
endfacet
facet normal 0.00000 -0.16987 0.98547
outer loop
vertex 0.11918 1.79000 -0.03329
vertex 0.13185 1.95000 -0.00571
vertex 0.12815 1.95000 -0.00571
endloop
endfacet
facet normal 0.00000 1.00000 0.00000
outer loop
vertex 0.13000 1.79000 0.00000
vertex 0.14082 1.79000 -0.03329
vertex 0.11918 1.79000 -0.03329
endloop
endfacet
facet normal 0.00000 -1.00000 0.00000
outer loop
vertex 0.13000 1.95000 0.00000
vertex 0.12815 1.95000 -0.00571
vertex 0.13185 1.95000 -0.00571
endloop
endfacet
facet normal -0.57924 -0.16987 0.79726
outer loop
vertex 0.14082 1.79000 -0.03329
vertex 0.15832 1.79000 -0.02057
vertex 0.13485 1.95000 -0.00353
endloop
endfacet
facet normal -0.57924 -0.16987 0.79726
outer loop
vertex 0.14082 1.79000 -0.03329
vertex 0.13485 1.95000 -0.00353
vertex 0.13185 1.95000 -0.00571
endloop
endfacet
facet normal 0.00000 1.00000 0.00000
outer loop
vertex 0.13000 1.79000 0.00000
vertex 0.15832 1.79000 -0.02057
vertex 0.14082 1.79000 -0.03329
endloop
endfacet
facet normal 0.00000 -1.00000 0.00000
outer loop
vertex 0.13000 1.95000 0.00000
vertex 0.13185 1.95000 -0.00571
vertex 0.13485 1.95000 -0.00353
endloop
endfacet
facet normal -0.93723 -0.16987 0.30453
outer loop
vertex 0.15832 1.79000 -0.02057
vertex 0.16500 1.79000 -0.00000
vertex 0.13600 1.95000 -0.00000
endloop
endfacet
facet normal -0.93723 -0.16987 0.30453
outer loop
vertex 0.15832 1.79000 -0.02057
vertex 0.13600 1.95000 -0.00000
vertex 0.13485 1.95000 -0.00353
endloop
endfacet
facet normal 0.00000 1.00000 0.00000
outer loop
vertex 0.13000 1.79000 0.00000
vertex 0.16500 1.79000 -0.00000
vertex 0.15832 1.79000 -0.02057
endloop
endfacet
facet normal 0.00000 -1.00000 0.00000
outer loop
vertex 0.13000 1.95000 0.00000
vertex 0.13485 1.95000 -0.00353
vertex 0.13600 1.95000 -0.00000
endloop
endfacet
facet normal -0.93723 -0.16987 -0.30453
outer loop
vertex 0.07517 1.79000 0.12364
vertex 0.06849 1.79000 0.14421
vertex 0.04503 1.95000 0.12716
endloop
endfacet
facet normal -0.93723 -0.16987 -0.30453
outer loop
vertex 0.07517 1.79000 0.12364
vertex 0.04503 1.95000 0.12716
vertex 0.04617 1.95000 0.12364
endloop
endfacet
facet normal 0.00000 1.00000 0.00000
outer loop
vertex 0.04017 1.79000 0.12364
vertex 0.06849 1.79000 0.14421
vertex 0.07517 1.79000 0.12364
endloop
endfacet
facet normal 0.00000 -1.00000 0.00000
outer loop
vertex 0.04017 1.95000 0.12364
vertex 0.04617 1.95000 0.12364
vertex 0.04503 1.95000 0.12716
endloop
endfacet
facet normal -0.57924 -0.16987 -0.79726
outer loop
vertex 0.06849 1.79000 0.14421
vertex 0.05099 1.79000 0.15692
vertex 0.04203 1.95000 0.12934
endloop
endfacet
facet normal -0.57924 -0.16987 -0.79726
outer loop
vertex 0.06849 1.79000 0.14421
vertex 0.04203 1.95000 0.12934
vertex 0.04503 1.95000 0.12716
endloop
endfacet
facet normal 0.00000 1.00000 0.00000
outer loop
vertex 0.04017 1.79000 0.12364
vertex 0.05099 1.79000 0.15692
vertex 0.06849 1.79000 0.14421
endloop
endfacet
facet normal 0.00000 -1.00000 0.00000
outer loop
vertex 0.04017 1.95000 0.12364
vertex 0.04503 1.95000 0.12716
vertex 0.04203 1.95000 0.12934
endloop
endfacet
facet normal 0.00000 -0.16987 -0.98547
outer loop
vertex 0.05099 1.79000 0.15692
vertex 0.02936 1.79000 0.15692
vertex 0.03832 1.95000 0.12934
endloop
endfacet
facet normal 0.00000 -0.16987 -0.98547
outer loop
vertex 0.05099 1.79000 0.15692
vertex 0.03832 1.95000 0.12934
vertex 0.04203 1.95000 0.12934
endloop
endfacet
facet normal 0.00000 1.00000 0.00000
outer loop
vertex 0.04017 1.79000 0.12364
vertex 0.02936 1.79000 0.15692
vertex 0.05099 1.79000 0.15692
endloop
endfacet
facet normal 0.00000 -1.00000 0.00000
outer loop
vertex 0.04017 1.95000 0.12364
vertex 0.04203 1.95000 0.12934
vertex 0.03832 1.95000 0.12934
endloop
endfacet
facet normal 0.57924 -0.16987 -0.79726
outer loop
vertex 0.02936 1.79000 0.15692
vertex 0.01186 1.79000 0.14421
vertex 0.03532 1.95000 0.12716
endloop
endfacet
facet normal 0.57924 -0.16987 -0.79726
outer loop
vertex 0.02936 1.79000 0.15692
vertex 0.03532 1.95000 0.12716
vertex 0.03832 1.95000 0.12934
endloop
endfacet
facet normal 0.00000 1.00000 0.00000
outer loop
vertex 0.04017 1.79000 0.12364
vertex 0.01186 1.79000 0.14421
vertex 0.02936 1.79000 0.15692
endloop
endfacet
facet normal 0.00000 -1.00000 0.00000
outer loop
vertex 0.04017 1.95000 0.12364
vertex 0.03832 1.95000 0.12934
vertex 0.03532 1.95000 0.12716
endloop
endfacet
facet normal 0.93723 -0.16987 -0.30453
outer loop
vertex 0.01186 1.79000 0.14421
vertex 0.00517 1.79000 0.12364
vertex 0.03417 1.95000 0.12364
endloop
endfacet
facet normal 0.93723 -0.16987 -0.30453
outer loop
vertex 0.01186 1.79000 0.14421
vertex 0.03417 1.95000 0.12364
vertex 0.03532 1.95000 0.12716
endloop
endfacet
facet normal 0.00000 1.00000 0.00000
outer loop
vertex 0.04017 1.79000 0.12364
vertex 0.00517 1.79000 0.12364
vertex 0.01186 1.79000 0.14421
endloop
endfacet
facet normal 0.00000 -1.00000 0.00000
outer loop
vertex 0.04017 1.95000 0.12364
vertex 0.03532 1.95000 0.12716
vertex 0.03417 1.95000 0.12364
endloop
endfacet
facet normal 0.93723 -0.16987 0.30453
outer loop
vertex 0.00517 1.79000 0.12364
vertex 0.01186 1.79000 0.10306
vertex 0.03532 1.95000 0.12011
endloop
endfacet
facet normal 0.93723 -0.16987 0.30453
outer loop
vertex 0.00517 1.79000 0.12364
vertex 0.03532 1.95000 0.12011
vertex 0.03417 1.95000 0.12364
endloop
endfacet
facet normal 0.00000 1.00000 0.00000
outer loop
vertex 0.04017 1.79000 0.12364
vertex 0.01186 1.79000 0.10306
vertex 0.00517 1.79000 0.12364
endloop
endfacet
facet normal 0.00000 -1.00000 0.00000
outer loop
vertex 0.04017 1.95000 0.12364
vertex 0.03417 1.95000 0.12364
vertex 0.03532 1.95000 0.12011
endloop
endfacet
facet normal 0.57924 -0.16987 0.79726
outer loop
vertex 0.01186 1.79000 0.10306
vertex 0.02936 1.79000 0.09035
vertex 0.03832 1.95000 0.11793
endloop
endfacet
facet normal 0.57924 -0.16987 0.79726
outer loop
vertex 0.01186 1.79000 0.10306
vertex 0.03832 1.95000 0.11793
vertex 0.03532 1.95000 0.12011
endloop
endfacet
facet normal 0.00000 1.00000 0.00000
outer loop
vertex 0.04017 1.79000 0.12364
vertex 0.02936 1.79000 0.09035
vertex 0.01186 1.79000 0.10306
endloop
endfacet
facet normal 0.00000 -1.00000 0.00000
outer loop
vertex 0.04017 1.95000 0.12364
vertex 0.03532 1.95000 0.12011
vertex 0.03832 1.95000 0.11793
endloop
endfacet
facet normal 0.00000 -0.16987 0.98547
outer loop
vertex 0.02936 1.79000 0.09035
vertex 0.05099 1.79000 0.09035
vertex 0.04203 1.95000 0.11793
endloop
endfacet
facet normal 0.00000 -0.16987 0.98547
outer loop
vertex 0.02936 1.79000 0.09035
vertex 0.04203 1.95000 0.11793
vertex 0.03832 1.95000 0.11793
endloop
endfacet
facet normal 0.00000 1.00000 0.00000
outer loop
vertex 0.04017 1.79000 0.12364
vertex 0.05099 1.79000 0.09035
vertex 0.02936 1.79000 0.09035
endloop
endfacet
facet normal 0.00000 -1.00000 0.00000
outer loop
vertex 0.04017 1.95000 0.12364
vertex 0.03832 1.95000 0.11793
vertex 0.04203 1.95000 0.11793
endloop
endfacet
facet normal -0.57924 -0.16987 0.79726
outer loop
vertex 0.05099 1.79000 0.09035
vertex 0.06849 1.79000 0.10306
vertex 0.04503 1.95000 0.12011
endloop
endfacet
facet normal -0.57924 -0.16987 0.79726
outer loop
vertex 0.05099 1.79000 0.09035
vertex 0.04503 1.95000 0.12011
vertex 0.04203 1.95000 0.11793
endloop
endfacet
facet normal 0.00000 1.00000 0.00000
outer loop
vertex 0.04017 1.79000 0.12364
vertex 0.06849 1.79000 0.10306
vertex 0.05099 1.79000 0.09035
endloop
endfacet
facet normal 0.00000 -1.00000 0.00000
outer loop
vertex 0.04017 1.95000 0.12364
vertex 0.04203 1.95000 0.11793
vertex 0.04503 1.95000 0.12011
endloop
endfacet
facet normal -0.93723 -0.16987 0.30453
outer loop
vertex 0.06849 1.79000 0.10306
vertex 0.07517 1.79000 0.12364
vertex 0.04617 1.95000 0.12364
endloop
endfacet
facet normal -0.93723 -0.16987 0.30453
outer loop
vertex 0.06849 1.79000 0.10306
vertex 0.04617 1.95000 0.12364
vertex 0.04503 1.95000 0.12011
endloop
endfacet
facet normal 0.00000 1.00000 0.00000
outer loop
vertex 0.04017 1.79000 0.12364
vertex 0.07517 1.79000 0.12364
vertex 0.06849 1.79000 0.10306
endloop
endfacet
facet normal 0.00000 -1.00000 0.00000
outer loop
vertex 0.04017 1.95000 0.12364
vertex 0.04503 1.95000 0.12011
vertex 0.04617 1.95000 0.12364
endloop
endfacet
facet normal -0.93723 -0.16987 -0.30453
outer loop
vertex -0.07017 1.79000 0.07641
vertex -0.07686 1.79000 0.09698
vertex -0.10032 1.95000 0.07994
endloop
endfacet
facet normal -0.93723 -0.16987 -0.30453
outer loop
vertex -0.07017 1.79000 0.07641
vertex -0.10032 1.95000 0.07994
vertex -0.09917 1.95000 0.07641
endloop
endfacet
facet normal 0.00000 1.00000 0.00000
outer loop
vertex -0.10517 1.79000 0.07641
vertex -0.07686 1.79000 0.09698
vertex -0.07017 1.79000 0.07641
endloop
endfacet
facet normal 0.00000 -1.00000 0.00000
outer loop
vertex -0.10517 1.95000 0.07641
vertex -0.09917 1.95000 0.07641
vertex -0.10032 1.95000 0.07994
endloop
endfacet
facet normal -0.57924 -0.16987 -0.79726
outer loop
vertex -0.07686 1.79000 0.09698
vertex -0.09436 1.79000 0.10970
vertex -0.10332 1.95000 0.08212
endloop
endfacet
facet normal -0.57924 -0.16987 -0.79726
outer loop
vertex -0.07686 1.79000 0.09698
vertex -0.10332 1.95000 0.08212
vertex -0.10032 1.95000 0.07994
endloop
endfacet
facet normal 0.00000 1.00000 0.00000
outer loop
vertex -0.10517 1.79000 0.07641
vertex -0.09436 1.79000 0.10970
vertex -0.07686 1.79000 0.09698
endloop
endfacet
facet normal 0.00000 -1.00000 0.00000
outer loop
vertex -0.10517 1.95000 0.07641
vertex -0.10032 1.95000 0.07994
vertex -0.10332 1.95000 0.08212
endloop
endfacet
facet normal 0.00000 -0.16987 -0.98547
outer loop
vertex -0.09436 1.79000 0.10970
vertex -0.11599 1.79000 0.10970
vertex -0.10703 1.95000 0.08212
endloop
endfacet
facet normal 0.00000 -0.16987 -0.98547
outer loop
vertex -0.09436 1.79000 0.10970
vertex -0.10703 1.95000 0.08212
vertex -0.10332 1.95000 0.08212
endloop
endfacet
facet normal 0.00000 1.00000 0.00000
outer loop
vertex -0.10517 1.79000 0.07641
vertex -0.11599 1.79000 0.10970
vertex -0.09436 1.79000 0.10970
endloop
endfacet
facet normal 0.00000 -1.00000 0.00000
outer loop
vertex -0.10517 1.95000 0.07641
vertex -0.10332 1.95000 0.08212
vertex -0.10703 1.95000 0.08212
endloop
endfacet
facet normal 0.57924 -0.16987 -0.79726
outer loop
vertex -0.11599 1.79000 0.10970
vertex -0.13349 1.79000 0.09698
vertex -0.11003 1.95000 0.07994
endloop
endfacet
facet normal 0.57924 -0.16987 -0.79726
outer loop
vertex -0.11599 1.79000 0.10970
vertex -0.11003 1.95000 0.07994
vertex -0.10703 1.95000 0.08212
endloop
endfacet
facet normal 0.00000 1.00000 0.00000
outer loop
vertex -0.10517 1.79000 0.07641
vertex -0.13349 1.79000 0.09698
vertex -0.11599 1.79000 0.10970
endloop
endfacet
facet normal 0.00000 -1.00000 0.00000
outer loop
vertex -0.10517 1.95000 0.07641
vertex -0.10703 1.95000 0.08212
vertex -0.11003 1.95000 0.07994
endloop
endfacet
facet normal 0.93723 -0.16987 -0.30453
outer loop
vertex -0.13349 1.79000 0.09698
vertex -0.14017 1.79000 0.07641
vertex -0.11117 1.95000 0.07641
endloop
endfacet
facet normal 0.93723 -0.16987 -0.30453
outer loop
vertex -0.13349 1.79000 0.09698
vertex -0.11117 1.95000 0.07641
vertex -0.11003 1.95000 0.07994
endloop
endfacet
facet normal 0.00000 1.00000 0.00000
outer loop
vertex -0.10517 1.79000 0.07641
vertex -0.14017 1.79000 0.07641
vertex -0.13349 1.79000 0.09698
endloop
endfacet
facet normal 0.00000 -1.00000 0.00000
outer loop
vertex -0.10517 1.95000 0.07641
vertex -0.11003 1.95000 0.07994
vertex -0.11117 1.95000 0.07641
endloop
endfacet
facet normal 0.93723 -0.16987 0.30453
outer loop
vertex -0.14017 1.79000 0.07641
vertex -0.13349 1.79000 0.05584
vertex -0.11003 1.95000 0.07289
endloop
endfacet
facet normal 0.93723 -0.16987 0.30453
outer loop
vertex -0.14017 1.79000 0.07641
vertex -0.11003 1.95000 0.07289
vertex -0.11117 1.95000 0.07641
endloop
endfacet
facet normal 0.00000 1.00000 0.00000
outer loop
vertex -0.10517 1.79000 0.07641
vertex -0.13349 1.79000 0.05584
vertex -0.14017 1.79000 0.07641
endloop
endfacet
facet normal 0.00000 -1.00000 0.00000
outer loop
vertex -0.10517 1.95000 0.07641
vertex -0.11117 1.95000 0.07641
vertex -0.11003 1.95000 0.07289
endloop
endfacet
facet normal 0.57924 -0.16987 0.79726
outer loop
vertex -0.13349 1.79000 0.05584
vertex -0.11599 1.79000 0.04313
vertex -0.10703 1.95000 0.07071
endloop
endfacet
facet normal 0.57924 -0.16987 0.79726
outer loop
vertex -0.13349 1.79000 0.05584
vertex -0.10703 1.95000 0.07071
vertex -0.11003 1.95000 0.07289
endloop
endfacet
facet normal 0.00000 1.00000 0.00000
outer loop
vertex -0.10517 1.79000 0.07641
vertex -0.11599 1.79000 0.04313
vertex -0.13349 1.79000 0.05584
endloop
endfacet
facet normal 0.00000 -1.00000 0.00000
outer loop
vertex -0.10517 1.95000 0.07641
vertex -0.11003 1.95000 0.07289
vertex -0.10703 1.95000 0.07071
endloop
endfacet
facet normal 0.00000 -0.16987 0.98547
outer loop
vertex -0.11599 1.79000 0.04313
vertex -0.09436 1.79000 0.04313
vertex -0.10332 1.95000 0.07071
endloop
endfacet
facet normal 0.00000 -0.16987 0.98547
outer loop
vertex -0.11599 1.79000 0.04313
vertex -0.10332 1.95000 0.07071
vertex -0.10703 1.95000 0.07071
endloop
endfacet
facet normal 0.00000 1.00000 0.00000
outer loop
vertex -0.10517 1.79000 0.07641
vertex -0.09436 1.79000 0.04313
vertex -0.11599 1.79000 0.04313
endloop
endfacet
facet normal 0.00000 -1.00000 0.00000
outer loop
vertex -0.10517 1.95000 0.07641
vertex -0.10703 1.95000 0.07071
vertex -0.10332 1.95000 0.07071
endloop
endfacet
facet normal -0.57924 -0.16987 0.79726
outer loop
vertex -0.09436 1.79000 0.04313
vertex -0.07686 1.79000 0.05584
vertex -0.10032 1.95000 0.07289
endloop
endfacet
facet normal -0.57924 -0.16987 0.79726
outer loop
vertex -0.09436 1.79000 0.04313
vertex -0.10032 1.95000 0.07289
vertex -0.10332 1.95000 0.07071
endloop
endfacet
facet normal 0.00000 1.00000 0.00000
outer loop
vertex -0.10517 1.79000 0.07641
vertex -0.07686 1.79000 0.05584
vertex -0.09436 1.79000 0.04313
endloop
endfacet
facet normal 0.00000 -1.00000 0.00000
outer loop
vertex -0.10517 1.95000 0.07641
vertex -0.10332 1.95000 0.07071
vertex -0.10032 1.95000 0.07289
endloop
endfacet
facet normal -0.93723 -0.16987 0.30453
outer loop
vertex -0.07686 1.79000 0.05584
vertex -0.07017 1.79000 0.07641
vertex -0.09917 1.95000 0.07641
endloop
endfacet
facet normal -0.93723 -0.16987 0.30453
outer loop
vertex -0.07686 1.79000 0.05584
vertex -0.09917 1.95000 0.07641
vertex -0.10032 1.95000 0.07289
endloop
endfacet
facet normal 0.00000 1.00000 0.00000
outer loop
vertex -0.10517 1.79000 0.07641
vertex -0.07017 1.79000 0.07641
vertex -0.07686 1.79000 0.05584
endloop
endfacet
facet normal 0.00000 -1.00000 0.00000
outer loop
vertex -0.10517 1.95000 0.07641
vertex -0.10032 1.95000 0.07289
vertex -0.09917 1.95000 0.07641
endloop
endfacet
facet normal -0.93723 -0.16987 -0.30453
outer loop
vertex -0.07017 1.79000 -0.07641
vertex -0.07686 1.79000 -0.05584
vertex -0.10032 1.95000 -0.07289
endloop
endfacet
facet normal -0.93723 -0.16987 -0.30453
outer loop
vertex -0.07017 1.79000 -0.07641
vertex -0.10032 1.95000 -0.07289
vertex -0.09917 1.95000 -0.07641
endloop
endfacet
facet normal 0.00000 1.00000 0.00000
outer loop
vertex -0.10517 1.79000 -0.07641
vertex -0.07686 1.79000 -0.05584
vertex -0.07017 1.79000 -0.07641
endloop
endfacet
facet normal 0.00000 -1.00000 0.00000
outer loop
vertex -0.10517 1.95000 -0.07641
vertex -0.09917 1.95000 -0.07641
vertex -0.10032 1.95000 -0.07289
endloop
endfacet
facet normal -0.57924 -0.16987 -0.79726
outer loop
vertex -0.07686 1.79000 -0.05584
vertex -0.09436 1.79000 -0.04313
vertex -0.10332 1.95000 -0.07071
endloop
endfacet
facet normal -0.57924 -0.16987 -0.79726
outer loop
vertex -0.07686 1.79000 -0.05584
vertex -0.10332 1.95000 -0.07071
vertex -0.10032 1.95000 -0.07289
endloop
endfacet
facet normal 0.00000 1.00000 0.00000
outer loop
vertex -0.10517 1.79000 -0.07641
vertex -0.09436 1.79000 -0.04313
vertex -0.07686 1.79000 -0.05584
endloop
endfacet
facet normal 0.00000 -1.00000 0.00000
outer loop
vertex -0.10517 1.95000 -0.07641
vertex -0.10032 1.95000 -0.07289
vertex -0.10332 1.95000 -0.07071
endloop
endfacet
facet normal -0.00000 -0.16987 -0.98547
outer loop
vertex -0.09436 1.79000 -0.04313
vertex -0.11599 1.79000 -0.04313
vertex -0.10703 1.95000 -0.07071
endloop
endfacet
facet normal 0.00000 -0.16987 -0.98547
outer loop
vertex -0.09436 1.79000 -0.04313
vertex -0.10703 1.95000 -0.07071
vertex -0.10332 1.95000 -0.07071
endloop
endfacet
facet normal 0.00000 1.00000 0.00000
outer loop
vertex -0.10517 1.79000 -0.07641
vertex -0.11599 1.79000 -0.04313
vertex -0.09436 1.79000 -0.04313
endloop
endfacet
facet normal 0.00000 -1.00000 0.00000
outer loop
vertex -0.10517 1.95000 -0.07641
vertex -0.10332 1.95000 -0.07071
vertex -0.10703 1.95000 -0.07071
endloop
endfacet
facet normal 0.57924 -0.16987 -0.79726
outer loop
vertex -0.11599 1.79000 -0.04313
vertex -0.13349 1.79000 -0.05584
vertex -0.11003 1.95000 -0.07289
endloop
endfacet
facet normal 0.57924 -0.16987 -0.79726
outer loop
vertex -0.11599 1.79000 -0.04313
vertex -0.11003 1.95000 -0.07289
vertex -0.10703 1.95000 -0.07071
endloop
endfacet
facet normal 0.00000 1.00000 0.00000
outer loop
vertex -0.10517 1.79000 -0.07641
vertex -0.13349 1.79000 -0.05584
vertex -0.11599 1.79000 -0.04313
endloop
endfacet
facet normal 0.00000 -1.00000 0.00000
outer loop
vertex -0.10517 1.95000 -0.07641
vertex -0.10703 1.95000 -0.07071
vertex -0.11003 1.95000 -0.07289
endloop
endfacet
facet normal 0.93723 -0.16987 -0.30453
outer loop
vertex -0.13349 1.79000 -0.05584
vertex -0.14017 1.79000 -0.07641
vertex -0.11117 1.95000 -0.07641
endloop
endfacet
facet normal 0.93723 -0.16987 -0.30453
outer loop
vertex -0.13349 1.79000 -0.05584
vertex -0.11117 1.95000 -0.07641
vertex -0.11003 1.95000 -0.07289
endloop
endfacet
facet normal 0.00000 1.00000 0.00000
outer loop
vertex -0.10517 1.79000 -0.07641
vertex -0.14017 1.79000 -0.07641
vertex -0.13349 1.79000 -0.05584
endloop
endfacet
facet normal 0.00000 -1.00000 0.00000
outer loop
vertex -0.10517 1.95000 -0.07641
vertex -0.11003 1.95000 -0.07289
vertex -0.11117 1.95000 -0.07641
endloop
endfacet
facet normal 0.93723 -0.16987 0.30453
outer loop
vertex -0.14017 1.79000 -0.07641
vertex -0.13349 1.79000 -0.09698
vertex -0.11003 1.95000 -0.07994
endloop
endfacet
facet normal 0.93723 -0.16987 0.30453
outer loop
vertex -0.14017 1.79000 -0.07641
vertex -0.11003 1.95000 -0.07994
vertex -0.11117 1.95000 -0.07641
endloop
endfacet
facet normal 0.00000 1.00000 0.00000
outer loop
vertex -0.10517 1.79000 -0.07641
vertex -0.13349 1.79000 -0.09698
vertex -0.14017 1.79000 -0.07641
endloop
endfacet
facet normal 0.00000 -1.00000 0.00000
outer loop
vertex -0.10517 1.95000 -0.07641
vertex -0.11117 1.95000 -0.07641
vertex -0.11003 1.95000 -0.07994
endloop
endfacet
facet normal 0.57924 -0.16987 0.79726
outer loop
vertex -0.13349 1.79000 -0.09698
vertex -0.11599 1.79000 -0.10970
vertex -0.10703 1.95000 -0.08212
endloop
endfacet
facet normal 0.57924 -0.16987 0.79726
outer loop
vertex -0.13349 1.79000 -0.09698
vertex -0.10703 1.95000 -0.08212
vertex -0.11003 1.95000 -0.07994
endloop
endfacet
facet normal 0.00000 1.00000 0.00000
outer loop
vertex -0.10517 1.79000 -0.07641
vertex -0.11599 1.79000 -0.10970
vertex -0.13349 1.79000 -0.09698
endloop
endfacet
facet normal 0.00000 -1.00000 0.00000
outer loop
vertex -0.10517 1.95000 -0.07641
vertex -0.11003 1.95000 -0.07994
vertex -0.10703 1.95000 -0.08212
endloop
endfacet
facet normal 0.00000 -0.16987 0.98547
outer loop
vertex -0.11599 1.79000 -0.10970
vertex -0.09436 1.79000 -0.10970
vertex -0.10332 1.95000 -0.08212
endloop
endfacet
facet normal 0.00000 -0.16987 0.98547
outer loop
vertex -0.11599 1.79000 -0.10970
vertex -0.10332 1.95000 -0.08212
vertex -0.10703 1.95000 -0.08212
endloop
endfacet
facet normal 0.00000 1.00000 0.00000
outer loop
vertex -0.10517 1.79000 -0.07641
vertex -0.09436 1.79000 -0.10970
vertex -0.11599 1.79000 -0.10970
endloop
endfacet
facet normal 0.00000 -1.00000 0.00000
outer loop
vertex -0.10517 1.95000 -0.07641
vertex -0.10703 1.95000 -0.08212
vertex -0.10332 1.95000 -0.08212
endloop
endfacet
facet normal -0.57924 -0.16987 0.79726
outer loop
vertex -0.09436 1.79000 -0.10970
vertex -0.07686 1.79000 -0.09698
vertex -0.10032 1.95000 -0.07994
endloop
endfacet
facet normal -0.57924 -0.16987 0.79726
outer loop
vertex -0.09436 1.79000 -0.10970
vertex -0.10032 1.95000 -0.07994
vertex -0.10332 1.95000 -0.08212
endloop
endfacet
facet normal 0.00000 1.00000 0.00000
outer loop
vertex -0.10517 1.79000 -0.07641
vertex -0.07686 1.79000 -0.09698
vertex -0.09436 1.79000 -0.10970
endloop
endfacet
facet normal 0.00000 -1.00000 0.00000
outer loop
vertex -0.10517 1.95000 -0.07641
vertex -0.10332 1.95000 -0.08212
vertex -0.10032 1.95000 -0.07994
endloop
endfacet
facet normal -0.93723 -0.16987 0.30453
outer loop
vertex -0.07686 1.79000 -0.09698
vertex -0.07017 1.79000 -0.07641
vertex -0.09917 1.95000 -0.07641
endloop
endfacet
facet normal -0.93723 -0.16987 0.30453
outer loop
vertex -0.07686 1.79000 -0.09698
vertex -0.09917 1.95000 -0.07641
vertex -0.10032 1.95000 -0.07994
endloop
endfacet
facet normal 0.00000 1.00000 0.00000
outer loop
vertex -0.10517 1.79000 -0.07641
vertex -0.07017 1.79000 -0.07641
vertex -0.07686 1.79000 -0.09698
endloop
endfacet
facet normal 0.00000 -1.00000 0.00000
outer loop
vertex -0.10517 1.95000 -0.07641
vertex -0.10032 1.95000 -0.07994
vertex -0.09917 1.95000 -0.07641
endloop
endfacet
facet normal -0.93723 -0.16987 -0.30453
outer loop
vertex 0.07517 1.79000 -0.12364
vertex 0.06849 1.79000 -0.10306
vertex 0.04503 1.95000 -0.12011
endloop
endfacet
facet normal -0.93723 -0.16987 -0.30453
outer loop
vertex 0.07517 1.79000 -0.12364
vertex 0.04503 1.95000 -0.12011
vertex 0.04617 1.95000 -0.12364
endloop
endfacet
facet normal 0.00000 1.00000 0.00000
outer loop
vertex 0.04017 1.79000 -0.12364
vertex 0.06849 1.79000 -0.10306
vertex 0.07517 1.79000 -0.12364
endloop
endfacet
facet normal 0.00000 -1.00000 0.00000
outer loop
vertex 0.04017 1.95000 -0.12364
vertex 0.04617 1.95000 -0.12364
vertex 0.04503 1.95000 -0.12011
endloop
endfacet
facet normal -0.57924 -0.16987 -0.79726
outer loop
vertex 0.06849 1.79000 -0.10306
vertex 0.05099 1.79000 -0.09035
vertex 0.04203 1.95000 -0.11793
endloop
endfacet
facet normal -0.57924 -0.16987 -0.79726
outer loop
vertex 0.06849 1.79000 -0.10306
vertex 0.04203 1.95000 -0.11793
vertex 0.04503 1.95000 -0.12011
endloop
endfacet
facet normal 0.00000 1.00000 0.00000
outer loop
vertex 0.04017 1.79000 -0.12364
vertex 0.05099 1.79000 -0.09035
vertex 0.06849 1.79000 -0.10306
endloop
endfacet
facet normal 0.00000 -1.00000 0.00000
outer loop
vertex 0.04017 1.95000 -0.12364
vertex 0.04503 1.95000 -0.12011
vertex 0.04203 1.95000 -0.11793
endloop
endfacet
facet normal -0.00000 -0.16987 -0.98547
outer loop
vertex 0.05099 1.79000 -0.09035
vertex 0.02936 1.79000 -0.09035
vertex 0.03832 1.95000 -0.11793
endloop
endfacet
facet normal 0.00000 -0.16987 -0.98547
outer loop
vertex 0.05099 1.79000 -0.09035
vertex 0.03832 1.95000 -0.11793
vertex 0.04203 1.95000 -0.11793
endloop
endfacet
facet normal 0.00000 1.00000 0.00000
outer loop
vertex 0.04017 1.79000 -0.12364
vertex 0.02936 1.79000 -0.09035
vertex 0.05099 1.79000 -0.09035
endloop
endfacet
facet normal 0.00000 -1.00000 0.00000
outer loop
vertex 0.04017 1.95000 -0.12364
vertex 0.04203 1.95000 -0.11793
vertex 0.03832 1.95000 -0.11793
endloop
endfacet
facet normal 0.57924 -0.16987 -0.79726
outer loop
vertex 0.02936 1.79000 -0.09035
vertex 0.01186 1.79000 -0.10306
vertex 0.03532 1.95000 -0.12011
endloop
endfacet
facet normal 0.57924 -0.16987 -0.79726
outer loop
vertex 0.02936 1.79000 -0.09035
vertex 0.03532 1.95000 -0.12011
vertex 0.03832 1.95000 -0.11793
endloop
endfacet
facet normal 0.00000 1.00000 0.00000
outer loop
vertex 0.04017 1.79000 -0.12364
vertex 0.01186 1.79000 -0.10306
vertex 0.02936 1.79000 -0.09035
endloop
endfacet
facet normal 0.00000 -1.00000 0.00000
outer loop
vertex 0.04017 1.95000 -0.12364
vertex 0.03832 1.95000 -0.11793
vertex 0.03532 1.95000 -0.12011
endloop
endfacet
facet normal 0.93723 -0.16987 -0.30453
outer loop
vertex 0.01186 1.79000 -0.10306
vertex 0.00517 1.79000 -0.12364
vertex 0.03417 1.95000 -0.12364
endloop
endfacet
facet normal 0.93723 -0.16987 -0.30453
outer loop
vertex 0.01186 1.79000 -0.10306
vertex 0.03417 1.95000 -0.12364
vertex 0.03532 1.95000 -0.12011
endloop
endfacet
facet normal 0.00000 1.00000 0.00000
outer loop
vertex 0.04017 1.79000 -0.12364
vertex 0.00517 1.79000 -0.12364
vertex 0.01186 1.79000 -0.10306
endloop
endfacet
facet normal 0.00000 -1.00000 0.00000
outer loop
vertex 0.04017 1.95000 -0.12364
vertex 0.03532 1.95000 -0.12011
vertex 0.03417 1.95000 -0.12364
endloop
endfacet
facet normal 0.93723 -0.16987 0.30453
outer loop
vertex 0.00517 1.79000 -0.12364
vertex 0.01186 1.79000 -0.14421
vertex 0.03532 1.95000 -0.12716
endloop
endfacet
facet normal 0.93723 -0.16987 0.30453
outer loop
vertex 0.00517 1.79000 -0.12364
vertex 0.03532 1.95000 -0.12716
vertex 0.03417 1.95000 -0.12364
endloop
endfacet
facet normal 0.00000 1.00000 0.00000
outer loop
vertex 0.04017 1.79000 -0.12364
vertex 0.01186 1.79000 -0.14421
vertex 0.00517 1.79000 -0.12364
endloop
endfacet
facet normal 0.00000 -1.00000 0.00000
outer loop
vertex 0.04017 1.95000 -0.12364
vertex 0.03417 1.95000 -0.12364
vertex 0.03532 1.95000 -0.12716
endloop
endfacet
facet normal 0.57924 -0.16987 0.79726
outer loop
vertex 0.01186 1.79000 -0.14421
vertex 0.02936 1.79000 -0.15692
vertex 0.03832 1.95000 -0.12934
endloop
endfacet
facet normal 0.57924 -0.16987 0.79726
outer loop
vertex 0.01186 1.79000 -0.14421
vertex 0.03832 1.95000 -0.12934
vertex 0.03532 1.95000 -0.12716
endloop
endfacet
facet normal 0.00000 1.00000 0.00000
outer loop
vertex 0.04017 1.79000 -0.12364
vertex 0.02936 1.79000 -0.15692
vertex 0.01186 1.79000 -0.14421
endloop
endfacet
facet normal 0.00000 -1.00000 0.00000
outer loop
vertex 0.04017 1.95000 -0.12364
vertex 0.03532 1.95000 -0.12716
vertex 0.03832 1.95000 -0.12934
endloop
endfacet
facet normal 0.00000 -0.16987 0.98547
outer loop
vertex 0.02936 1.79000 -0.15692
vertex 0.05099 1.79000 -0.15692
vertex 0.04203 1.95000 -0.12934
endloop
endfacet
facet normal 0.00000 -0.16987 0.98547
outer loop
vertex 0.02936 1.79000 -0.15692
vertex 0.04203 1.95000 -0.12934
vertex 0.03832 1.95000 -0.12934
endloop
endfacet
facet normal 0.00000 1.00000 0.00000
outer loop
vertex 0.04017 1.79000 -0.12364
vertex 0.05099 1.79000 -0.15692
vertex 0.02936 1.79000 -0.15692
endloop
endfacet
facet normal 0.00000 -1.00000 0.00000
outer loop
vertex 0.04017 1.95000 -0.12364
vertex 0.03832 1.95000 -0.12934
vertex 0.04203 1.95000 -0.12934
endloop
endfacet
facet normal -0.57924 -0.16987 0.79726
outer loop
vertex 0.05099 1.79000 -0.15692
vertex 0.06849 1.79000 -0.14421
vertex 0.04503 1.95000 -0.12716
endloop
endfacet
facet normal -0.57924 -0.16987 0.79726
outer loop
vertex 0.05099 1.79000 -0.15692
vertex 0.04503 1.95000 -0.12716
vertex 0.04203 1.95000 -0.12934
endloop
endfacet
facet normal 0.00000 1.00000 0.00000
outer loop
vertex 0.04017 1.79000 -0.12364
vertex 0.06849 1.79000 -0.14421
vertex 0.05099 1.79000 -0.15692
endloop
endfacet
facet normal 0.00000 -1.00000 0.00000
outer loop
vertex 0.04017 1.95000 -0.12364
vertex 0.04203 1.95000 -0.12934
vertex 0.04503 1.95000 -0.12716
endloop
endfacet
facet normal -0.93723 -0.16987 0.30453
outer loop
vertex 0.06849 1.79000 -0.14421
vertex 0.07517 1.79000 -0.12364
vertex 0.04617 1.95000 -0.12364
endloop
endfacet
facet normal -0.93723 -0.16987 0.30453
outer loop
vertex 0.06849 1.79000 -0.14421
vertex 0.04617 1.95000 -0.12364
vertex 0.04503 1.95000 -0.12716
endloop
endfacet
facet normal 0.00000 1.00000 0.00000
outer loop
vertex 0.04017 1.79000 -0.12364
vertex 0.07517 1.79000 -0.12364
vertex 0.06849 1.79000 -0.14421
endloop
endfacet
facet normal 0.00000 -1.00000 0.00000
outer loop
vertex 0.04017 1.95000 -0.12364
vertex 0.04503 1.95000 -0.12716
vertex 0.04617 1.95000 -0.12364
endloop
endfacet
facet normal -0.96593 0.00000 -0.25882
outer loop
vertex 0.42300 0.66000 0.00000
vertex 0.41992 0.66000 0.01150
vertex 0.41992 1.46000 0.01150
endloop
endfacet
facet normal -0.96593 0.00000 -0.25882
outer loop
vertex 0.42300 0.66000 0.00000
vertex 0.41992 1.46000 0.01150
vertex 0.42300 1.46000 0.00000
endloop
endfacet
facet normal 0.00000 1.00000 0.00000
outer loop
vertex 0.40000 0.66000 0.00000
vertex 0.41992 0.66000 0.01150
vertex 0.42300 0.66000 0.00000
endloop
endfacet
facet normal 0.00000 -1.00000 0.00000
outer loop
vertex 0.40000 1.46000 0.00000
vertex 0.42300 1.46000 0.00000
vertex 0.41992 1.46000 0.01150
endloop
endfacet
facet normal -0.70711 0.00000 -0.70711
outer loop
vertex 0.41992 0.66000 0.01150
vertex 0.41150 0.66000 0.01992
vertex 0.41150 1.46000 0.01992
endloop
endfacet
facet normal -0.70711 0.00000 -0.70711
outer loop
vertex 0.41992 0.66000 0.01150
vertex 0.41150 1.46000 0.01992
vertex 0.41992 1.46000 0.01150
endloop
endfacet
facet normal 0.00000 1.00000 0.00000
outer loop
vertex 0.40000 0.66000 0.00000
vertex 0.41150 0.66000 0.01992
vertex 0.41992 0.66000 0.01150
endloop
endfacet
facet normal 0.00000 -1.00000 0.00000
outer loop
vertex 0.40000 1.46000 0.00000
vertex 0.41992 1.46000 0.01150
vertex 0.41150 1.46000 0.01992
endloop
endfacet
facet normal -0.25882 0.00000 -0.96593
outer loop
vertex 0.41150 0.66000 0.01992
vertex 0.40000 0.66000 0.02300
vertex 0.40000 1.46000 0.02300
endloop
endfacet
facet normal -0.25882 0.00000 -0.96593
outer loop
vertex 0.41150 0.66000 0.01992
vertex 0.40000 1.46000 0.02300
vertex 0.41150 1.46000 0.01992
endloop
endfacet
facet normal 0.00000 1.00000 0.00000
outer loop
vertex 0.40000 0.66000 0.00000
vertex 0.40000 0.66000 0.02300
vertex 0.41150 0.66000 0.01992
endloop
endfacet
facet normal 0.00000 -1.00000 0.00000
outer loop
vertex 0.40000 1.46000 0.00000
vertex 0.41150 1.46000 0.01992
vertex 0.40000 1.46000 0.02300
endloop
endfacet
facet normal 0.25882 0.00000 -0.96593
outer loop
vertex 0.40000 0.66000 0.02300
vertex 0.38850 0.66000 0.01992
vertex 0.38850 1.46000 0.01992
endloop
endfacet
facet normal 0.25882 0.00000 -0.96593
outer loop
vertex 0.40000 0.66000 0.02300
vertex 0.38850 1.46000 0.01992
vertex 0.40000 1.46000 0.02300
endloop
endfacet
facet normal 0.00000 1.00000 0.00000
outer loop
vertex 0.40000 0.66000 0.00000
vertex 0.38850 0.66000 0.01992
vertex 0.40000 0.66000 0.02300
endloop
endfacet
facet normal 0.00000 -1.00000 0.00000
outer loop
vertex 0.40000 1.46000 0.00000
vertex 0.40000 1.46000 0.02300
vertex 0.38850 1.46000 0.01992
endloop
endfacet
facet normal 0.70711 0.00000 -0.70711
outer loop
vertex 0.38850 0.66000 0.01992
vertex 0.38008 0.66000 0.01150
vertex 0.38008 1.46000 0.01150
endloop
endfacet
facet normal 0.70711 0.00000 -0.70711
outer loop
vertex 0.38850 0.66000 0.01992
vertex 0.38008 1.46000 0.01150
vertex 0.38850 1.46000 0.01992
endloop
endfacet
facet normal 0.00000 1.00000 0.00000
outer loop
vertex 0.40000 0.66000 0.00000
vertex 0.38008 0.66000 0.01150
vertex 0.38850 0.66000 0.01992
endloop
endfacet
facet normal 0.00000 -1.00000 0.00000
outer loop
vertex 0.40000 1.46000 0.00000
vertex 0.38850 1.46000 0.01992
vertex 0.38008 1.46000 0.01150
endloop
endfacet
facet normal 0.96593 0.00000 -0.25882
outer loop
vertex 0.38008 0.66000 0.01150
vertex 0.37700 0.66000 0.00000
vertex 0.37700 1.46000 0.00000
endloop
endfacet
facet normal 0.96593 0.00000 -0.25882
outer loop
vertex 0.38008 0.66000 0.01150
vertex 0.37700 1.46000 0.00000
vertex 0.38008 1.46000 0.01150
endloop
endfacet
facet normal 0.00000 1.00000 0.00000
outer loop
vertex 0.40000 0.66000 0.00000
vertex 0.37700 0.66000 0.00000
vertex 0.38008 0.66000 0.01150
endloop
endfacet
facet normal 0.00000 -1.00000 0.00000
outer loop
vertex 0.40000 1.46000 0.00000
vertex 0.38008 1.46000 0.01150
vertex 0.37700 1.46000 0.00000
endloop
endfacet
facet normal 0.96593 0.00000 0.25882
outer loop
vertex 0.37700 0.66000 0.00000
vertex 0.38008 0.66000 -0.01150
vertex 0.38008 1.46000 -0.01150
endloop
endfacet
facet normal 0.96593 0.00000 0.25882
outer loop
vertex 0.37700 0.66000 0.00000
vertex 0.38008 1.46000 -0.01150
vertex 0.37700 1.46000 0.00000
endloop
endfacet
facet normal 0.00000 1.00000 0.00000
outer loop
vertex 0.40000 0.66000 0.00000
vertex 0.38008 0.66000 -0.01150
vertex 0.37700 0.66000 0.00000
endloop
endfacet
facet normal 0.00000 -1.00000 0.00000
outer loop
vertex 0.40000 1.46000 0.00000
vertex 0.37700 1.46000 0.00000
vertex 0.38008 1.46000 -0.01150
endloop
endfacet
facet normal 0.70711 0.00000 0.70711
outer loop
vertex 0.38008 0.66000 -0.01150
vertex 0.38850 0.66000 -0.01992
vertex 0.38850 1.46000 -0.01992
endloop
endfacet
facet normal 0.70711 0.00000 0.70711
outer loop
vertex 0.38008 0.66000 -0.01150
vertex 0.38850 1.46000 -0.01992
vertex 0.38008 1.46000 -0.01150
endloop
endfacet
facet normal 0.00000 1.00000 0.00000
outer loop
vertex 0.40000 0.66000 0.00000
vertex 0.38850 0.66000 -0.01992
vertex 0.38008 0.66000 -0.01150
endloop
endfacet
facet normal 0.00000 -1.00000 0.00000
outer loop
vertex 0.40000 1.46000 0.00000
vertex 0.38008 1.46000 -0.01150
vertex 0.38850 1.46000 -0.01992
endloop
endfacet
facet normal 0.25882 0.00000 0.96593
outer loop
vertex 0.38850 0.66000 -0.01992
vertex 0.40000 0.66000 -0.02300
vertex 0.40000 1.46000 -0.02300
endloop
endfacet
facet normal 0.25882 0.00000 0.96593
outer loop
vertex 0.38850 0.66000 -0.01992
vertex 0.40000 1.46000 -0.02300
vertex 0.38850 1.46000 -0.01992
endloop
endfacet
facet normal 0.00000 1.00000 0.00000
outer loop
vertex 0.40000 0.66000 0.00000
vertex 0.40000 0.66000 -0.02300
vertex 0.38850 0.66000 -0.01992
endloop
endfacet
facet normal 0.00000 -1.00000 0.00000
outer loop
vertex 0.40000 1.46000 0.00000
vertex 0.38850 1.46000 -0.01992
vertex 0.40000 1.46000 -0.02300
endloop
endfacet
facet normal -0.25882 0.00000 0.96593
outer loop
vertex 0.40000 0.66000 -0.02300
vertex 0.41150 0.66000 -0.01992
vertex 0.41150 1.46000 -0.01992
endloop
endfacet
facet normal -0.25882 0.00000 0.96593
outer loop
vertex 0.40000 0.66000 -0.02300
vertex 0.41150 1.46000 -0.01992
vertex 0.40000 1.46000 -0.02300
endloop
endfacet
facet normal 0.00000 1.00000 0.00000
outer loop
vertex 0.40000 0.66000 0.00000
vertex 0.41150 0.66000 -0.01992
vertex 0.40000 0.66000 -0.02300
endloop
endfacet
facet normal 0.00000 -1.00000 0.00000
outer loop
vertex 0.40000 1.46000 0.00000
vertex 0.40000 1.46000 -0.02300
vertex 0.41150 1.46000 -0.01992
endloop
endfacet
facet normal -0.70711 0.00000 0.70711
outer loop
vertex 0.41150 0.66000 -0.01992
vertex 0.41992 0.66000 -0.01150
vertex 0.41992 1.46000 -0.01150
endloop
endfacet
facet normal -0.70711 0.00000 0.70711
outer loop
vertex 0.41150 0.66000 -0.01992
vertex 0.41992 1.46000 -0.01150
vertex 0.41150 1.46000 -0.01992
endloop
endfacet
facet normal 0.00000 1.00000 0.00000
outer loop
vertex 0.40000 0.66000 0.00000
vertex 0.41992 0.66000 -0.01150
vertex 0.41150 0.66000 -0.01992
endloop
endfacet
facet normal 0.00000 -1.00000 0.00000
outer loop
vertex 0.40000 1.46000 0.00000
vertex 0.41150 1.46000 -0.01992
vertex 0.41992 1.46000 -0.01150
endloop
endfacet
facet normal -0.96593 0.00000 0.25882
outer loop
vertex 0.41992 0.66000 -0.01150
vertex 0.42300 0.66000 -0.00000
vertex 0.42300 1.46000 -0.00000
endloop
endfacet
facet normal -0.96593 0.00000 0.25882
outer loop
vertex 0.41992 0.66000 -0.01150
vertex 0.42300 1.46000 -0.00000
vertex 0.41992 1.46000 -0.01150
endloop
endfacet
facet normal 0.00000 1.00000 0.00000
outer loop
vertex 0.40000 0.66000 0.00000
vertex 0.42300 0.66000 -0.00000
vertex 0.41992 0.66000 -0.01150
endloop
endfacet
facet normal 0.00000 -1.00000 0.00000
outer loop
vertex 0.40000 1.46000 0.00000
vertex 0.41992 1.46000 -0.01150
vertex 0.42300 1.46000 -0.00000
endloop
endfacet
facet normal -0.90918 -0.33770 -0.24361
outer loop
vertex 0.46000 1.46000 0.00000
vertex 0.45196 1.46000 0.03000
vertex 0.40693 1.60000 0.00400
endloop
endfacet
facet normal -0.90918 -0.33770 -0.24361
outer loop
vertex 0.46000 1.46000 0.00000
vertex 0.40693 1.60000 0.00400
vertex 0.40800 1.60000 0.00000
endloop
endfacet
facet normal 0.00000 1.00000 0.00000
outer loop
vertex 0.40000 1.46000 0.00000
vertex 0.45196 1.46000 0.03000
vertex 0.46000 1.46000 0.00000
endloop
endfacet
facet normal 0.00000 -1.00000 0.00000
outer loop
vertex 0.40000 1.60000 0.00000
vertex 0.40800 1.60000 0.00000
vertex 0.40693 1.60000 0.00400
endloop
endfacet
facet normal -0.66557 -0.33770 -0.66557
outer loop
vertex 0.45196 1.46000 0.03000
vertex 0.43000 1.46000 0.05196
vertex 0.40400 1.60000 0.00693
endloop
endfacet
facet normal -0.66557 -0.33770 -0.66557
outer loop
vertex 0.45196 1.46000 0.03000
vertex 0.40400 1.60000 0.00693
vertex 0.40693 1.60000 0.00400
endloop
endfacet
facet normal 0.00000 1.00000 0.00000
outer loop
vertex 0.40000 1.46000 0.00000
vertex 0.43000 1.46000 0.05196
vertex 0.45196 1.46000 0.03000
endloop
endfacet
facet normal 0.00000 -1.00000 0.00000
outer loop
vertex 0.40000 1.60000 0.00000
vertex 0.40693 1.60000 0.00400
vertex 0.40400 1.60000 0.00693
endloop
endfacet
facet normal -0.24361 -0.33770 -0.90918
outer loop
vertex 0.43000 1.46000 0.05196
vertex 0.40000 1.46000 0.06000
vertex 0.40000 1.60000 0.00800
endloop
endfacet
facet normal -0.24361 -0.33770 -0.90918
outer loop
vertex 0.43000 1.46000 0.05196
vertex 0.40000 1.60000 0.00800
vertex 0.40400 1.60000 0.00693
endloop
endfacet
facet normal 0.00000 1.00000 0.00000
outer loop
vertex 0.40000 1.46000 0.00000
vertex 0.40000 1.46000 0.06000
vertex 0.43000 1.46000 0.05196
endloop
endfacet
facet normal 0.00000 -1.00000 0.00000
outer loop
vertex 0.40000 1.60000 0.00000
vertex 0.40400 1.60000 0.00693
vertex 0.40000 1.60000 0.00800
endloop
endfacet
facet normal 0.24361 -0.33770 -0.90918
outer loop
vertex 0.40000 1.46000 0.06000
vertex 0.37000 1.46000 0.05196
vertex 0.39600 1.60000 0.00693
endloop
endfacet
facet normal 0.24361 -0.33770 -0.90918
outer loop
vertex 0.40000 1.46000 0.06000
vertex 0.39600 1.60000 0.00693
vertex 0.40000 1.60000 0.00800
endloop
endfacet
facet normal 0.00000 1.00000 0.00000
outer loop
vertex 0.40000 1.46000 0.00000
vertex 0.37000 1.46000 0.05196
vertex 0.40000 1.46000 0.06000
endloop
endfacet
facet normal 0.00000 -1.00000 0.00000
outer loop
vertex 0.40000 1.60000 0.00000
vertex 0.40000 1.60000 0.00800
vertex 0.39600 1.60000 0.00693
endloop
endfacet
facet normal 0.66557 -0.33770 -0.66557
outer loop
vertex 0.37000 1.46000 0.05196
vertex 0.34804 1.46000 0.03000
vertex 0.39307 1.60000 0.00400
endloop
endfacet
facet normal 0.66557 -0.33770 -0.66557
outer loop
vertex 0.37000 1.46000 0.05196
vertex 0.39307 1.60000 0.00400
vertex 0.39600 1.60000 0.00693
endloop
endfacet
facet normal 0.00000 1.00000 0.00000
outer loop
vertex 0.40000 1.46000 0.00000
vertex 0.34804 1.46000 0.03000
vertex 0.37000 1.46000 0.05196
endloop
endfacet
facet normal 0.00000 -1.00000 0.00000
outer loop
vertex 0.40000 1.60000 0.00000
vertex 0.39600 1.60000 0.00693
vertex 0.39307 1.60000 0.00400
endloop
endfacet
facet normal 0.90918 -0.33770 -0.24361
outer loop
vertex 0.34804 1.46000 0.03000
vertex 0.34000 1.46000 0.00000
vertex 0.39200 1.60000 0.00000
endloop
endfacet
facet normal 0.90918 -0.33770 -0.24361
outer loop
vertex 0.34804 1.46000 0.03000
vertex 0.39200 1.60000 0.00000
vertex 0.39307 1.60000 0.00400
endloop
endfacet
facet normal 0.00000 1.00000 0.00000
outer loop
vertex 0.40000 1.46000 0.00000
vertex 0.34000 1.46000 0.00000
vertex 0.34804 1.46000 0.03000
endloop
endfacet
facet normal 0.00000 -1.00000 0.00000
outer loop
vertex 0.40000 1.60000 0.00000
vertex 0.39307 1.60000 0.00400
vertex 0.39200 1.60000 0.00000
endloop
endfacet
facet normal 0.90918 -0.33770 0.24361
outer loop
vertex 0.34000 1.46000 0.00000
vertex 0.34804 1.46000 -0.03000
vertex 0.39307 1.60000 -0.00400
endloop
endfacet
facet normal 0.90918 -0.33770 0.24361
outer loop
vertex 0.34000 1.46000 0.00000
vertex 0.39307 1.60000 -0.00400
vertex 0.39200 1.60000 0.00000
endloop
endfacet
facet normal 0.00000 1.00000 0.00000
outer loop
vertex 0.40000 1.46000 0.00000
vertex 0.34804 1.46000 -0.03000
vertex 0.34000 1.46000 0.00000
endloop
endfacet
facet normal 0.00000 -1.00000 0.00000
outer loop
vertex 0.40000 1.60000 0.00000
vertex 0.39200 1.60000 0.00000
vertex 0.39307 1.60000 -0.00400
endloop
endfacet
facet normal 0.66557 -0.33770 0.66557
outer loop
vertex 0.34804 1.46000 -0.03000
vertex 0.37000 1.46000 -0.05196
vertex 0.39600 1.60000 -0.00693
endloop
endfacet
facet normal 0.66557 -0.33770 0.66557
outer loop
vertex 0.34804 1.46000 -0.03000
vertex 0.39600 1.60000 -0.00693
vertex 0.39307 1.60000 -0.00400
endloop
endfacet
facet normal 0.00000 1.00000 0.00000
outer loop
vertex 0.40000 1.46000 0.00000
vertex 0.37000 1.46000 -0.05196
vertex 0.34804 1.46000 -0.03000
endloop
endfacet
facet normal 0.00000 -1.00000 0.00000
outer loop
vertex 0.40000 1.60000 0.00000
vertex 0.39307 1.60000 -0.00400
vertex 0.39600 1.60000 -0.00693
endloop
endfacet
facet normal 0.24361 -0.33770 0.90918
outer loop
vertex 0.37000 1.46000 -0.05196
vertex 0.40000 1.46000 -0.06000
vertex 0.40000 1.60000 -0.00800
endloop
endfacet
facet normal 0.24361 -0.33770 0.90918
outer loop
vertex 0.37000 1.46000 -0.05196
vertex 0.40000 1.60000 -0.00800
vertex 0.39600 1.60000 -0.00693
endloop
endfacet
facet normal 0.00000 1.00000 0.00000
outer loop
vertex 0.40000 1.46000 0.00000
vertex 0.40000 1.46000 -0.06000
vertex 0.37000 1.46000 -0.05196
endloop
endfacet
facet normal 0.00000 -1.00000 0.00000
outer loop
vertex 0.40000 1.60000 0.00000
vertex 0.39600 1.60000 -0.00693
vertex 0.40000 1.60000 -0.00800
endloop
endfacet
facet normal -0.24361 -0.33770 0.90918
outer loop
vertex 0.40000 1.46000 -0.06000
vertex 0.43000 1.46000 -0.05196
vertex 0.40400 1.60000 -0.00693
endloop
endfacet
facet normal -0.24361 -0.33770 0.90918
outer loop
vertex 0.40000 1.46000 -0.06000
vertex 0.40400 1.60000 -0.00693
vertex 0.40000 1.60000 -0.00800
endloop
endfacet
facet normal 0.00000 1.00000 0.00000
outer loop
vertex 0.40000 1.46000 0.00000
vertex 0.43000 1.46000 -0.05196
vertex 0.40000 1.46000 -0.06000
endloop
endfacet
facet normal 0.00000 -1.00000 0.00000
outer loop
vertex 0.40000 1.60000 0.00000
vertex 0.40000 1.60000 -0.00800
vertex 0.40400 1.60000 -0.00693
endloop
endfacet
facet normal -0.66557 -0.33770 0.66557
outer loop
vertex 0.43000 1.46000 -0.05196
vertex 0.45196 1.46000 -0.03000
vertex 0.40693 1.60000 -0.00400
endloop
endfacet
facet normal -0.66557 -0.33770 0.66557
outer loop
vertex 0.43000 1.46000 -0.05196
vertex 0.40693 1.60000 -0.00400
vertex 0.40400 1.60000 -0.00693
endloop
endfacet
facet normal 0.00000 1.00000 0.00000
outer loop
vertex 0.40000 1.46000 0.00000
vertex 0.45196 1.46000 -0.03000
vertex 0.43000 1.46000 -0.05196
endloop
endfacet
facet normal 0.00000 -1.00000 0.00000
outer loop
vertex 0.40000 1.60000 0.00000
vertex 0.40400 1.60000 -0.00693
vertex 0.40693 1.60000 -0.00400
endloop
endfacet
facet normal -0.90918 -0.33770 0.24361
outer loop
vertex 0.45196 1.46000 -0.03000
vertex 0.46000 1.46000 -0.00000
vertex 0.40800 1.60000 -0.00000
endloop
endfacet
facet normal -0.90918 -0.33770 0.24361
outer loop
vertex 0.45196 1.46000 -0.03000
vertex 0.40800 1.60000 -0.00000
vertex 0.40693 1.60000 -0.00400
endloop
endfacet
facet normal 0.00000 1.00000 0.00000
outer loop
vertex 0.40000 1.46000 0.00000
vertex 0.46000 1.46000 -0.00000
vertex 0.45196 1.46000 -0.03000
endloop
endfacet
facet normal 0.00000 -1.00000 0.00000
outer loop
vertex 0.40000 1.60000 0.00000
vertex 0.40693 1.60000 -0.00400
vertex 0.40800 1.60000 -0.00000
endloop
endfacet
endsolid queen
